salonId,startingBalance,currentBalance,ledgerExists,firstLedgerMonth,firstLedgerBeginning,missingStartingBalance,deltaApplied,newBalance,eligibleForUpdate,reasonSkipped
US017780,0,0,NO,,0,0,0,0,NO,Starting balance is 0 or negative
US023640,0,0,NO,,0,0,0,0,NO,Starting balance is 0 or negative
US027368,0,0,NO,,0,0,0,0,NO,Starting balance is 0 or negative
US035079,0,17,YES,2026-04,17,-17,0,17,NO,Starting balance is 0 or negative
US035158,0,306,YES,2026-03,306,-306,0,306,NO,Starting balance is 0 or negative
US038474,0,0,NO,,0,0,0,0,NO,Starting balance is 0 or negative
US039532,0,,NO,,,,0,,NO,Missing SR customer record
US054840,0,0,NO,,0,0,0,0,NO,Starting balance is 0 or negative
US060736,0,0,NO,,0,0,0,0,NO,Starting balance is 0 or negative
US061772,0,0,NO,,0,0,0,0,NO,Starting balance is 0 or negative
US062806,0,0,NO,,0,0,0,0,NO,Starting balance is 0 or negative
US066468,0,0,NO,,0,0,0,0,NO,Starting balance is 0 or negative
US074582,0,0,NO,,0,0,0,0,NO,Starting balance is 0 or negative
US076655,0,75,YES,2026-03,42,-42,0,75,NO,Starting balance is 0 or negative
US085518,0,89,YES,2026-03,0,0,0,89,NO,Starting balance is 0 or negative
US091120,0,0,NO,,0,0,0,0,NO,Starting balance is 0 or negative
US092809,0,0,NO,,0,0,0,0,NO,Starting balance is 0 or negative
US093595,0,16,YES,2026-04,16,-16,0,16,NO,Starting balance is 0 or negative
US10000,412,432,YES,2026-01,412,0,0,432,NO,First ledger beginning is not 0
US10001,12,0,YES,,0,12,12,12,YES,
US10002,164,0,YES,,0,164,164,164,YES,
US10003,19,28,YES,2026-01,0,19,19,47,YES,
US10004,50,0,YES,,0,50,50,50,YES,
US10005,240,0,YES,,0,240,240,240,YES,
US10006,237,0,YES,,0,237,237,237,YES,
US10007,147,17,YES,2026-01,0,147,147,164,YES,
US10008,935,0,YES,,0,935,935,935,YES,
US10009,701,0,YES,,0,701,701,701,YES,
US1001,643,643,YES,2026-01,643,0,0,643,NO,First ledger beginning is not 0
US10010,13,0,YES,,0,13,13,13,YES,
US10011,88,0,YES,,0,88,88,88,YES,
US10012,110,0,YES,,0,110,110,110,YES,
US10013,415,0,YES,,0,415,415,415,YES,
US10015,284,92,YES,2026-01,0,284,284,376,YES,
US10016,1157,1157,NO,,0,1157,1157,2314,YES,
US10017,371,0,YES,,0,371,371,371,YES,
US10018,187,0,YES,,0,187,187,187,YES,
US10019,60,0,YES,,0,60,60,60,YES,
US1002,5,87,YES,2026-01,44,-39,0,87,NO,First ledger beginning is not 0
US10020,7178,0,YES,,0,7178,7178,7178,YES,
US10022,126,0,YES,,0,126,126,126,YES,
US10023,717,109,YES,2026-01,0,717,717,826,YES,
US10024,54,0,YES,,0,54,54,54,YES,
US10025,2880,0,YES,,0,2880,2880,2880,YES,
US10026,562,0,YES,,0,562,562,562,YES,
US10027,202,0,YES,,0,202,202,202,YES,
US10028,1254,23,YES,2026-01,0,1254,1254,1277,YES,
US10029,1,2,YES,2026-01,1,0,0,2,NO,First ledger beginning is not 0
US10030,2,0,YES,,0,2,2,2,YES,
US10031,339,0,YES,,0,339,339,339,YES,
US10032,3,35,YES,2026-01,0,3,3,38,YES,
US10033,1,0,YES,,0,1,1,1,YES,
US10034,1812,0,YES,,0,1812,1812,1812,YES,
US10035,238,0,YES,,0,238,238,238,YES,
US10036,102,39,YES,2026-01,0,102,102,141,YES,
US10037,1,0,YES,,0,1,1,1,YES,
US10039,32,18,YES,2026-01,0,32,32,50,YES,
US10040,34,62,YES,2026-01,0,34,34,96,YES,
US10041,963,0,YES,,0,963,963,963,YES,
US10042,9068,7181,YES,2026-01,7753,1315,0,7181,NO,First ledger beginning is not 0
US10043,1381,30,YES,2026-01,0,1381,1381,1411,YES,
US10044,487,0,YES,,0,487,487,487,YES,
US10045,1283,354,YES,2026-01,0,1283,1283,1637,YES,
US10046,191,217,YES,2026-01,0,191,191,408,YES,
US10047,157,18,YES,2026-01,0,157,157,175,YES,
US10048,8,26,YES,2026-01,0,8,8,34,YES,
US10049,42,0,YES,,0,42,42,42,YES,
US1005,412,412,YES,2026-01,412,0,0,412,NO,First ledger beginning is not 0
US10050,1528,1557,YES,2026-01,1528,0,0,1557,NO,First ledger beginning is not 0
US10051,85,0,YES,,0,85,85,85,YES,
US10052,90,0,YES,,0,90,90,90,YES,
US10053,215,0,YES,,0,215,215,215,YES,
US10054,695,0,YES,,0,695,695,695,YES,
US10055,1,26,YES,2026-01,0,1,1,27,YES,
US10057,263,0,YES,,0,263,263,263,YES,
US10058,0,244,YES,2026-01,0,0,0,244,NO,Starting balance is 0 or negative
US10059,1450,0,YES,,0,1450,1450,1450,YES,
US10060,75,91,YES,2026-01,75,0,0,91,NO,First ledger beginning is not 0
US10061,117,0,YES,,0,117,117,117,YES,
US10062,875,457,YES,2026-01,432,443,0,457,NO,First ledger beginning is not 0
US10063,4,0,YES,,0,4,4,4,YES,
US10064,881,0,YES,,0,881,881,881,YES,
US10065,125,28,YES,2026-01,0,125,125,153,YES,
US10066,2,0,YES,,0,2,2,2,YES,
US10067,1,23,YES,2026-01,0,1,1,24,YES,
US10068,911,0,YES,,0,911,911,911,YES,
US10069,9,18,YES,2026-01,0,9,9,27,YES,
US10070,182,0,YES,,0,182,182,182,YES,
US10071,210,0,YES,,0,210,210,210,YES,
US10072,153,18,YES,2026-01,0,153,153,171,YES,
US10073,380,0,YES,,0,380,380,380,YES,
US10074,5,110,YES,2026-01,0,5,5,115,YES,
US10075,6,0,YES,,0,6,6,6,YES,
US10076,0,0,YES,,0,0,0,0,NO,Starting balance is 0 or negative
US10077,25,19,YES,2026-01,0,25,25,44,YES,
US10078,9,29,YES,2026-01,0,9,9,38,YES,
US10080,524,0,YES,,0,524,524,524,YES,
US10081,154,37,YES,2026-01,0,154,154,191,YES,
US10082,41,0,YES,,0,41,41,41,YES,
US10083,348,0,YES,,0,348,348,348,YES,
US10084,302,0,YES,,0,302,302,302,YES,
US10085,68,0,YES,,0,68,68,68,YES,
US10086,217,0,YES,,0,217,217,217,YES,
US10088,128,0,YES,,0,128,128,128,YES,
US10089,363,0,YES,,0,363,363,363,YES,
US10090,2070,26,YES,2026-01,0,2070,2070,2096,YES,
US10091,586,799,YES,2026-01,586,0,0,799,NO,First ledger beginning is not 0
US10092,443,0,YES,,0,443,443,443,YES,
US10094,143,24,YES,2026-01,0,143,143,167,YES,
US10095,144,21,YES,2026-01,0,144,144,165,YES,
US10096,528,0,YES,,0,528,528,528,YES,
US10098,13,52,YES,2026-01,13,0,0,52,NO,First ledger beginning is not 0
US10099,863,15,YES,2026-01,0,863,863,878,YES,
US10100,5470,1676,YES,2026-01,32,5438,0,1676,NO,First ledger beginning is not 0
US10101,691,0,YES,,0,691,691,691,YES,
US10102,1040,0,YES,,0,1040,1040,1040,YES,
US10103,196,0,YES,,0,196,196,196,YES,
US10104,518,379,YES,2026-01,45,473,0,379,NO,First ledger beginning is not 0
US10105,1484,0,YES,,0,1484,1484,1484,YES,
US10106,3039,3060,YES,2026-01,0,3039,3039,6099,YES,
US10107,2409,39,YES,2026-01,2409,0,0,39,NO,First ledger beginning is not 0
US10108,35,20,YES,2026-01,0,35,35,55,YES,
US10109,81,0,YES,,0,81,81,81,YES,
US10110,517,23,YES,2026-01,0,517,517,540,YES,
US10111,1346,26,YES,2026-01,0,1346,1346,1372,YES,
US10112,579,0,YES,,0,579,579,579,YES,
US10114,1206,0,YES,,0,1206,1206,1206,YES,
US10115,345,0,YES,,0,345,345,345,YES,
US10116,398,0,YES,,0,398,398,398,YES,
US10118,0,35,YES,2026-01,0,0,0,35,NO,Starting balance is 0 or negative
US10119,95,0,YES,,0,95,95,95,YES,
US10120,174,0,YES,,0,174,174,174,YES,
US10121,14,23,YES,2026-01,0,14,14,37,YES,
US10122,801,0,YES,,0,801,801,801,YES,
US10123,17,0,YES,,0,17,17,17,YES,
US10124,16,18,YES,2026-01,0,16,16,34,YES,
US10125,24,24,YES,,0,24,24,48,YES,
US10126,34,3141,YES,2026-01,34,0,0,3141,NO,First ledger beginning is not 0
US10127,151,0,YES,,0,151,151,151,YES,
US10128,0,17,YES,2026-01,0,0,0,17,NO,Starting balance is 0 or negative
US10129,2079,0,YES,,0,2079,2079,2079,YES,
US10130,223,0,YES,,0,223,223,223,YES,
US10131,169,0,YES,,0,169,169,169,YES,
US10132,1,26,YES,2026-01,0,1,1,27,YES,
US10133,0,0,YES,,0,0,0,0,NO,Starting balance is 0 or negative
US10134,97,0,YES,,0,97,97,97,YES,
US10135,110,0,YES,,0,110,110,110,YES,
US10136,1750,0,YES,,0,1750,1750,1750,YES,
US10138,76,0,YES,,0,76,76,76,YES,
US10139,7,31,YES,2026-01,0,7,7,38,YES,
US1014,540,540,YES,2026-01,540,0,0,540,NO,First ledger beginning is not 0
US10140,253,0,YES,,0,253,253,253,YES,
US10141,45,0,YES,,0,45,45,45,YES,
US10142,725,23,YES,2026-01,0,725,725,748,YES,
US10143,540,566,YES,2026-01,540,0,0,566,NO,First ledger beginning is not 0
US10144,153,101,YES,2026-01,0,153,153,254,YES,
US10145,169,0,YES,,0,169,169,169,YES,
US10146,1160,0,YES,,0,1160,1160,1160,YES,
US10147,172,214,YES,2026-01,172,0,0,214,NO,First ledger beginning is not 0
US10148,61,0,YES,2026-01,0,61,61,61,YES,
US10149,7,0,YES,,0,7,7,7,YES,
US10150,288,0,YES,,0,288,288,288,YES,
US10151,87,0,YES,,0,87,87,87,YES,
US10152,189,210,YES,2026-01,190,-1,0,210,NO,First ledger beginning is not 0
US10153,30,0,YES,,0,30,30,30,YES,
US10154,372,0,YES,,0,372,372,372,YES,
US10155,11,0,YES,,0,11,11,11,YES,
US10156,146,93,YES,2026-01,0,146,146,239,YES,
US10157,707,0,YES,,0,707,707,707,YES,
US10158,56,0,YES,,0,56,56,56,YES,
US10159,1066,0,YES,,0,1066,1066,1066,YES,
US1016,149,149,YES,2026-01,149,0,0,149,NO,First ledger beginning is not 0
US10161,83,0,YES,,0,83,83,83,YES,
US10162,2445,18,YES,2026-01,0,2445,2445,2463,YES,
US10163,202,0,YES,,0,202,202,202,YES,
US10165,216,16,YES,2026-01,0,216,216,232,YES,
US10166,39,1357,YES,2026-01,0,39,39,1396,YES,
US10167,302,118,YES,2026-01,0,302,302,420,YES,
US10168,741,414,YES,2026-01,741,0,0,414,NO,First ledger beginning is not 0
US10170,143,0,YES,,0,143,143,143,YES,
US10171,1089,20,YES,2026-01,1,1088,0,20,NO,First ledger beginning is not 0
US10172,17,0,YES,,0,17,17,17,YES,
US10173,220,0,YES,,0,220,220,220,YES,
US10174,19,23,YES,2026-01,0,19,19,42,YES,
US10176,17,0,YES,,0,17,17,17,YES,
US10177,2413,16,YES,2026-01,0,2413,2413,2429,YES,
US10178,1858,247,YES,2026-01,0,1858,1858,2105,YES,
US10179,285,0,YES,,0,285,285,285,YES,
US10180,86,0,YES,,0,86,86,86,YES,
US10181,145,0,YES,,0,145,145,145,YES,
US10182,1262,0,YES,,0,1262,1262,1262,YES,
US10183,199,0,YES,,0,199,199,199,YES,
US10184,216,0,YES,,0,216,216,216,YES,
US10185,41,0,YES,,0,41,41,41,YES,
US10186,28,0,YES,,0,28,28,28,YES,
US10187,109,0,YES,,0,109,109,109,YES,
US10188,401,41,YES,2026-01,0,401,401,442,YES,
US10189,239,0,YES,,0,239,239,239,YES,
US10190,100,0,YES,,0,100,100,100,YES,
US10192,176,0,YES,,0,176,176,176,YES,
US10193,55,0,YES,,0,55,55,55,YES,
US10194,0,0,YES,,0,0,0,0,NO,Starting balance is 0 or negative
US10195,37,0,YES,,0,37,37,37,YES,
US10196,229,0,YES,,0,229,229,229,YES,
US10197,34,0,YES,,0,34,34,34,YES,
US10198,142,0,YES,,0,142,142,142,YES,
US10199,217,0,YES,,0,217,217,217,YES,
US10201,4,0,YES,,0,4,4,4,YES,
US10202,267,0,YES,,0,267,267,267,YES,
US10203,1094,0,YES,,0,1094,1094,1094,YES,
US10204,3,0,YES,,0,3,3,3,YES,
US10205,1106,23,YES,2026-01,0,1106,1106,1129,YES,
US10207,203,203,YES,,0,203,203,406,YES,
US10208,4219,0,YES,,0,4219,4219,4219,YES,
US10209,220,189,YES,2026-01,147,73,0,189,NO,First ledger beginning is not 0
US1021,424,424,YES,2026-01,424,0,0,424,NO,First ledger beginning is not 0
US10210,519,0,YES,,0,519,519,519,YES,
US10211,127,236,YES,2026-01,130,-3,0,236,NO,First ledger beginning is not 0
US10212,360,0,YES,,0,360,360,360,YES,
US10213,161,161,NO,,0,161,161,322,YES,
US10214,2095,17,YES,2026-01,0,2095,2095,2112,YES,
US10215,1241,193,YES,2026-01,1154,87,0,193,NO,First ledger beginning is not 0
US10216,513,0,YES,,0,513,513,513,YES,
US10217,2477,38,YES,2026-01,0,2477,2477,2515,YES,
US10218,42,0,YES,,0,42,42,42,YES,
US1022,365,365,YES,2026-01,365,0,0,365,NO,First ledger beginning is not 0
US10220,272,225,YES,2026-01,272,0,0,225,NO,First ledger beginning is not 0
US10221,8,21,YES,2026-01,0,8,8,29,YES,
US10222,3582,563,YES,2026-01,158,3424,0,563,NO,First ledger beginning is not 0
US10223,819,0,YES,,0,819,819,819,YES,
US10225,205,0,YES,,0,205,205,205,YES,
US10226,140,0,YES,,0,140,140,140,YES,
US10227,15,0,YES,,0,15,15,15,YES,
US10228,21,88,YES,2026-01,0,21,21,109,YES,
US10229,1802,23,YES,2026-01,0,1802,1802,1825,YES,
US1023,36,36,YES,2026-01,36,0,0,36,NO,First ledger beginning is not 0
US10230,7,0,YES,,0,7,7,7,YES,
US10231,107,0,YES,,0,107,107,107,YES,
US10232,296,0,YES,,0,296,296,296,YES,
US10233,65,0,YES,,0,65,65,65,YES,
US10234,0,97,YES,2026-01,0,0,0,97,NO,Starting balance is 0 or negative
US10236,454,0,YES,,0,454,454,454,YES,
US10237,323,0,YES,,0,323,323,323,YES,
US10238,14,213,YES,2026-01,0,14,14,227,YES,
US10239,341,24,YES,2026-01,0,341,341,365,YES,
US1024,23,23,YES,2026-01,23,0,0,23,NO,First ledger beginning is not 0
US10240,95,0,YES,,0,95,95,95,YES,
US10241,327,0,YES,,0,327,327,327,YES,
US10242,8,0,YES,,0,8,8,8,YES,
US10243,395,0,YES,,0,395,395,395,YES,
US10244,1162,209,YES,2026-01,1162,0,0,209,NO,First ledger beginning is not 0
US10245,32,0,YES,,0,32,32,32,YES,
US10246,493,0,YES,,0,493,493,493,YES,
US10247,1955,23,YES,2026-01,0,1955,1955,1978,YES,
US10248,58,16,YES,2026-01,0,58,58,74,YES,
US10249,2224,104,YES,2026-01,2224,0,0,104,NO,First ledger beginning is not 0
US10250,1680,1785,YES,2026-01,0,1680,1680,3465,YES,
US10251,364,67,YES,2026-01,33,331,0,67,NO,First ledger beginning is not 0
US10252,194,0,YES,,0,194,194,194,YES,
US10253,309,93,YES,2026-01,0,309,309,402,YES,
US10255,32,950,YES,,0,32,32,982,YES,
US10256,235,0,YES,,0,235,235,235,YES,
US10257,88,0,YES,,0,88,88,88,YES,
US10258,378,0,YES,,0,378,378,378,YES,
US10259,135,3,YES,2026-01,0,135,135,138,YES,
US10260,285,0,YES,,0,285,285,285,YES,
US10261,358,0,YES,,0,358,358,358,YES,
US10262,938,0,YES,,0,938,938,938,YES,
US10263,119,0,YES,,0,119,119,119,YES,
US10264,432,521,YES,2026-01,0,432,432,953,YES,
US10265,746,19,YES,2026-01,0,746,746,765,YES,
US10266,90,0,YES,,0,90,90,90,YES,
US10267,251,0,YES,,0,251,251,251,YES,
US10268,1347,0,YES,,0,1347,1347,1347,YES,
US10269,0,0,YES,,0,0,0,0,NO,Starting balance is 0 or negative
US10270,637,24,YES,2026-01,0,637,637,661,YES,
US10271,402,0,YES,,0,402,402,402,YES,
US10272,237,0,YES,,0,237,237,237,YES,
US10273,19,0,YES,,0,19,19,19,YES,
US10274,40,55,YES,2026-01,40,0,0,55,NO,First ledger beginning is not 0
US10275,42,0,YES,,0,42,42,42,YES,
US10277,629,0,YES,,0,629,629,629,YES,
US10278,40,0,YES,,0,40,40,40,YES,
US10279,255,0,YES,,0,255,255,255,YES,
US10280,801,0,YES,,0,801,801,801,YES,
US10281,82,0,YES,,0,82,82,82,YES,
US10282,352,0,YES,,0,352,352,352,YES,
US10284,14,32,YES,2026-01,0,14,14,46,YES,
US10285,450,18,YES,2026-01,500,-50,0,18,NO,First ledger beginning is not 0
US10287,23,0,YES,,0,23,23,23,YES,
US10288,43,0,YES,,0,43,43,43,YES,
US10289,76,0,YES,,0,76,76,76,YES,
US10291,468,0,YES,,0,468,468,468,YES,
US10293,284,64,YES,2026-01,0,284,284,348,YES,
US10294,812,0,YES,,0,812,812,812,YES,
US10296,25,0,YES,,0,25,25,25,YES,
US10297,28,0,YES,,0,28,28,28,YES,
US10298,1,22,YES,2026-01,0,1,1,23,YES,
US10299,287,0,YES,,0,287,287,287,YES,
US10300,205,0,YES,,0,205,205,205,YES,
US10301,103,0,YES,,0,103,103,103,YES,
US10302,69,17,YES,2026-01,0,69,69,86,YES,
US10303,165,0,YES,,0,165,165,165,YES,
US10304,180,0,YES,,0,180,180,180,YES,
US10305,440,0,YES,,0,440,440,440,YES,
US10306,85,0,YES,,0,85,85,85,YES,
US10307,102,0,YES,,0,102,102,102,YES,
US10308,1234,0,YES,,0,1234,1234,1234,YES,
US10309,166,0,YES,,0,166,166,166,YES,
US10310,80,0,YES,,0,80,80,80,YES,
US10311,184,0,YES,,0,184,184,184,YES,
US10312,83,0,YES,,0,83,83,83,YES,
US10313,138,0,YES,,0,138,138,138,YES,
US10314,1884,19,YES,2026-01,0,1884,1884,1903,YES,
US10315,25,16,YES,2026-01,0,25,25,41,YES,
US10317,250,0,YES,,0,250,250,250,YES,
US10318,68,0,YES,,0,68,68,68,YES,
US10319,2296,18,YES,2026-01,0,2296,2296,2314,YES,
US10320,40,21,YES,2026-01,0,40,40,61,YES,
US10321,367,0,YES,,0,367,367,367,YES,
US10322,23,0,YES,,0,23,23,23,YES,
US10323,2703,24,YES,2026-01,0,2703,2703,2727,YES,
US10324,458,267,YES,2026-01,0,458,458,725,YES,
US10325,3,111,YES,2026-01,0,3,3,114,YES,
US10326,244,263,YES,2026-01,244,0,0,263,NO,First ledger beginning is not 0
US10327,0,0,YES,,0,0,0,0,NO,Starting balance is 0 or negative
US10328,35,0,YES,,0,35,35,35,YES,
US10329,13,21,YES,2026-01,0,13,13,34,YES,
US10330,75,24,YES,2026-01,0,75,75,99,YES,
US10331,150,0,YES,,0,150,150,150,YES,
US10332,18,0,YES,,0,18,18,18,YES,
US10333,104,19,YES,2026-01,0,104,104,123,YES,
US10334,493,73,YES,2026-01,493,0,0,73,NO,First ledger beginning is not 0
US10335,15,0,YES,,0,15,15,15,YES,
US10336,177,97,YES,2026-01,0,177,177,274,YES,
US10337,211,0,YES,,0,211,211,211,YES,
US10338,387,0,YES,,0,387,387,387,YES,
US10339,361,0,YES,,0,361,361,361,YES,
US10340,46,0,YES,,0,46,46,46,YES,
US10341,270,15,YES,2026-01,0,270,270,285,YES,
US10342,181,0,YES,,0,181,181,181,YES,
US10343,287,0,YES,,0,287,287,287,YES,
US10344,15205,7625,YES,,0,15205,15205,22830,YES,
US10345,102,0,YES,,0,102,102,102,YES,
US10346,69,0,YES,,0,69,69,69,YES,
US10347,200,0,YES,,0,200,200,200,YES,
US10348,148,25,YES,2026-01,0,148,148,173,YES,
US10349,3,23,YES,2026-01,3,0,0,23,NO,First ledger beginning is not 0
US10350,145,0,YES,,0,145,145,145,YES,
US10351,46,0,YES,,0,46,46,46,YES,
US10352,4467,0,YES,,0,4467,4467,4467,YES,
US10353,116,0,YES,,0,116,116,116,YES,
US10354,2345,1103,YES,2026-01,1007,1338,0,1103,NO,First ledger beginning is not 0
US10355,800,0,YES,,0,800,800,800,YES,
US10356,1006,0,YES,,0,1006,1006,1006,YES,
US10357,66,0,YES,,0,66,66,66,YES,
US10358,1383,281,YES,2026-01,0,1383,1383,1664,YES,
US10360,62,0,YES,,0,62,62,62,YES,
US10361,1123,20,YES,2026-01,0,1123,1123,1143,YES,
US10363,17,0,YES,,0,17,17,17,YES,
US10364,31,0,YES,,0,31,31,31,YES,
US10365,0,0,YES,,0,0,0,0,NO,Starting balance is 0 or negative
US10366,1300,19,YES,2026-01,0,1300,1300,1319,YES,
US10367,78,0,YES,,0,78,78,78,YES,
US10368,81,21,YES,2026-01,0,81,81,102,YES,
US10369,508,398,YES,2026-01,358,150,0,398,NO,First ledger beginning is not 0
US10370,32,0,YES,,0,32,32,32,YES,
US10371,745,0,YES,,0,745,745,745,YES,
US10372,125,0,YES,,0,125,125,125,YES,
US10373,9,0,YES,,0,9,9,9,YES,
US10374,23,108,YES,2026-01,0,23,23,131,YES,
US10375,394,0,YES,,0,394,394,394,YES,
US10376,50,0,YES,,0,50,50,50,YES,
US10378,14,25,YES,2026-01,0,14,14,39,YES,
US10379,188,0,YES,,0,188,188,188,YES,
US1038,605,605,YES,2026-01,605,0,0,605,NO,First ledger beginning is not 0
US10380,2,20,YES,2026-01,0,2,2,22,YES,
US10382,144,0,YES,,0,144,144,144,YES,
US10383,73,19,YES,2026-01,0,73,73,92,YES,
US10384,328,0,YES,,0,328,328,328,YES,
US10385,215,0,YES,,0,215,215,215,YES,
US10386,291,19,YES,2026-01,0,291,291,310,YES,
US10387,135,267,YES,2026-01,135,0,0,267,NO,First ledger beginning is not 0
US10388,269,0,YES,,0,269,269,269,YES,
US10389,185,4,YES,2026-01,0,185,185,189,YES,
US1039,148,148,YES,2026-01,148,0,0,148,NO,First ledger beginning is not 0
US10390,14,0,YES,,0,14,14,14,YES,
US10391,7459,277,YES,2026-01,0,7459,7459,7736,YES,
US10393,863,884,YES,2026-01,863,0,0,884,NO,First ledger beginning is not 0
US10394,2187,2203,YES,2026-01,0,2187,2187,4390,YES,
US10395,153,0,YES,,0,153,153,153,YES,
US10396,770,0,YES,,0,770,770,770,YES,
US10397,205,0,YES,,0,205,205,205,YES,
US10398,10,0,YES,,0,10,10,10,YES,
US10399,3203,21,YES,2026-01,0,3203,3203,3224,YES,
US1040,748,748,YES,2026-01,748,0,0,748,NO,First ledger beginning is not 0
US10400,183,0,YES,,0,183,183,183,YES,
US10401,112,0,YES,,0,112,112,112,YES,
US10402,89,0,YES,,0,89,89,89,YES,
US10403,65,0,YES,,0,65,65,65,YES,
US10404,302,0,YES,,0,302,302,302,YES,
US10407,12,0,YES,,0,12,12,12,YES,
US10408,318,22,YES,2026-01,0,318,318,340,YES,
US10411,121,0,YES,,0,121,121,121,YES,
US10412,79,0,YES,,0,79,79,79,YES,
US10413,2133,18,YES,2026-01,0,2133,2133,2151,YES,
US10414,261,293,YES,2026-01,261,0,0,293,NO,First ledger beginning is not 0
US10415,26,0,YES,,0,26,26,26,YES,
US10416,579,0,YES,,0,579,579,579,YES,
US10419,350,0,YES,,0,350,350,350,YES,
US1042,13,13,YES,2026-01,13,0,0,13,NO,First ledger beginning is not 0
US10420,836,0,YES,,0,836,836,836,YES,
US10421,71,0,YES,,0,71,71,71,YES,
US10422,241,0,YES,,0,241,241,241,YES,
US10423,7656,37,YES,2026-01,0,7656,7656,7693,YES,
US10425,230,19,YES,2026-01,0,230,230,249,YES,
US10426,273,0,YES,,0,273,273,273,YES,
US10429,169,0,YES,,0,169,169,169,YES,
US1043,28,0,YES,2026-01,0,28,28,28,YES,
US10430,628,0,YES,,0,628,628,628,YES,
US10431,146,0,YES,,0,146,146,146,YES,
US10434,134,0,YES,,0,134,134,134,YES,
US10437,0,114,YES,2026-01,0,0,0,114,NO,Starting balance is 0 or negative
US10438,306,0,YES,,0,306,306,306,YES,
US10439,199,0,YES,,0,199,199,199,YES,
US1044,747,768,YES,2026-01,21,726,0,768,NO,First ledger beginning is not 0
US10440,832,0,YES,,0,832,832,832,YES,
US10441,20,0,YES,,0,20,20,20,YES,
US10442,797,0,YES,,0,797,797,797,YES,
US10443,511,28,YES,2026-01,0,511,511,539,YES,
US10444,142,0,YES,,0,142,142,142,YES,
US10445,565,0,YES,,0,565,565,565,YES,
US10446,383,383,YES,,0,383,383,766,YES,
US10447,12,0,YES,,0,12,12,12,YES,
US10448,1056,0,YES,,0,1056,1056,1056,YES,
US10449,351,0,YES,,0,351,351,351,YES,
US10450,96,0,YES,,0,96,96,96,YES,
US10451,113,0,YES,,0,113,113,113,YES,
US10452,90,0,YES,,0,90,90,90,YES,
US10453,0,123,YES,2026-01,0,0,0,123,NO,Starting balance is 0 or negative
US10454,438,0,YES,,0,438,438,438,YES,
US10455,222,0,YES,,0,222,222,222,YES,
US10456,452,0,YES,,0,452,452,452,YES,
US10458,26,0,YES,,0,26,26,26,YES,
US10459,840,0,YES,,0,840,840,840,YES,
US10461,299,0,YES,,0,299,299,299,YES,
US10462,78,0,YES,,0,78,78,78,YES,
US10463,23,0,YES,,0,23,23,23,YES,
US10464,327,0,YES,,0,327,327,327,YES,
US10465,616,0,YES,,0,616,616,616,YES,
US10466,950,0,YES,,0,950,950,950,YES,
US10467,1247,0,YES,,0,1247,1247,1247,YES,
US10468,130,0,YES,,0,130,130,130,YES,
US10470,349,0,YES,,0,349,349,349,YES,
US10471,485,0,YES,,0,485,485,485,YES,
US10472,45,0,YES,,0,45,45,45,YES,
US10473,1040,1040,YES,,0,1040,1040,2080,YES,
US10474,171,0,YES,,0,171,171,171,YES,
US10475,39,0,YES,,0,39,39,39,YES,
US10476,102,0,YES,,0,102,102,102,YES,
US10477,444,0,YES,,0,444,444,444,YES,
US10478,1,0,YES,,0,1,1,1,YES,
US10479,152,0,YES,,0,152,152,152,YES,
US1048,7,113,YES,2026-01,0,7,7,120,YES,
US10480,395,0,YES,,0,395,395,395,YES,
US10481,22,26,YES,2026-01,0,22,22,48,YES,
US10482,533,0,YES,,0,533,533,533,YES,
US10483,567,0,YES,,0,567,567,567,YES,
US10484,114,0,YES,,0,114,114,114,YES,
US10485,230,0,YES,,0,230,230,230,YES,
US10486,34,0,YES,,0,34,34,34,YES,
US10488,912,0,YES,,0,912,912,912,YES,
US10489,704,0,YES,,0,704,704,704,YES,
US1049,150,150,YES,2026-01,150,0,0,150,NO,First ledger beginning is not 0
US10490,576,0,YES,,0,576,576,576,YES,
US10491,1036,0,YES,,0,1036,1036,1036,YES,
US10492,2347,0,YES,,0,2347,2347,2347,YES,
US10493,996,0,YES,,0,996,996,996,YES,
US10494,0,0,YES,,0,0,0,0,NO,Starting balance is 0 or negative
US10495,81,0,YES,,0,81,81,81,YES,
US10496,1978,0,YES,,0,1978,1978,1978,YES,
US10497,3519,3557,YES,2026-01,0,3519,3519,7076,YES,
US10498,1449,22,YES,2026-01,0,1449,1449,1471,YES,
US10499,16,0,YES,,0,16,16,16,YES,
US1050,24,41,YES,2026-01,23,1,0,41,NO,First ledger beginning is not 0
US10501,693,0,YES,,0,693,693,693,YES,
US10502,1514,0,YES,,0,1514,1514,1514,YES,
US10503,442,0,YES,,0,442,442,442,YES,
US10504,9,0,YES,,0,9,9,9,YES,
US10506,156,0,YES,,0,156,156,156,YES,
US10507,179,0,YES,,0,179,179,179,YES,
US10508,1185,0,YES,,0,1185,1185,1185,YES,
US10509,305,0,YES,,0,305,305,305,YES,
US10510,966,0,YES,,0,966,966,966,YES,
US10511,109,0,YES,,0,109,109,109,YES,
US10512,849,0,YES,,0,849,849,849,YES,
US10513,42,0,YES,,0,42,42,42,YES,
US10514,560,0,YES,,0,560,560,560,YES,
US10515,442,0,YES,,0,442,442,442,YES,
US10516,365,365,NO,,0,365,365,730,YES,
US10517,208,0,YES,,0,208,208,208,YES,
US10519,193,0,YES,,0,193,193,193,YES,
US1052,2716,16,YES,2026-01,16,2700,0,16,NO,First ledger beginning is not 0
US10520,126,0,YES,,0,126,126,126,YES,
US10522,4,0,YES,,0,4,4,4,YES,
US10523,241,0,YES,,0,241,241,241,YES,
US10524,1824,1844,YES,2026-01,0,1824,1824,3668,YES,
US10525,96,16,YES,2026-01,0,96,96,112,YES,
US10526,33,0,YES,,0,33,33,33,YES,
US10527,103,0,YES,,0,103,103,103,YES,
US10529,214,0,YES,,0,214,214,214,YES,
US1053,499,1041,YES,2026-01,1020,-521,0,1041,NO,First ledger beginning is not 0
US10530,13,0,YES,,0,13,13,13,YES,
US10532,2,33,YES,2026-01,0,2,2,35,YES,
US10533,146,19,YES,2026-01,0,146,146,165,YES,
US10534,421,0,YES,,0,421,421,421,YES,
US10535,2385,0,YES,,0,2385,2385,2385,YES,
US10536,331,0,YES,,0,331,331,331,YES,
US10537,62,0,YES,,0,62,62,62,YES,
US10538,130,0,YES,,0,130,130,130,YES,
US10539,59,0,YES,,0,59,59,59,YES,
US10540,292,0,YES,,0,292,292,292,YES,
US10541,348,0,YES,,0,348,348,348,YES,
US10542,176,21,YES,2026-01,0,176,176,197,YES,
US10543,383,0,YES,,0,383,383,383,YES,
US10544,318,0,YES,,0,318,318,318,YES,
US10545,201,0,YES,,0,201,201,201,YES,
US10546,89,0,YES,,0,89,89,89,YES,
US10547,867,0,YES,,0,867,867,867,YES,
US10548,3,101,YES,2026-01,0,3,3,104,YES,
US10550,71,0,YES,,0,71,71,71,YES,
US10551,15,0,YES,,0,15,15,15,YES,
US10552,201,0,YES,,0,201,201,201,YES,
US10553,208,0,YES,,0,208,208,208,YES,
US10554,6,0,YES,,0,6,6,6,YES,
US10555,109,0,YES,,0,109,109,109,YES,
US10556,356,0,YES,,0,356,356,356,YES,
US10557,1323,18,YES,2026-01,0,1323,1323,1341,YES,
US10558,740,0,YES,,0,740,740,740,YES,
US10559,241,0,YES,,0,241,241,241,YES,
US1056,37,37,YES,2026-01,37,0,0,37,NO,First ledger beginning is not 0
US10560,922,0,YES,,0,922,922,922,YES,
US10561,664,0,YES,,0,664,664,664,YES,
US10562,548,0,YES,,0,548,548,548,YES,
US10563,202,0,YES,,0,202,202,202,YES,
US10564,293,0,YES,,0,293,293,293,YES,
US10565,645,0,YES,,0,645,645,645,YES,
US10566,11,0,YES,,0,11,11,11,YES,
US10567,0,0,YES,,0,0,0,0,NO,Starting balance is 0 or negative
US10568,545,97,YES,2026-01,0,545,545,642,YES,
US1057,421,421,YES,2026-01,421,0,0,421,NO,First ledger beginning is not 0
US10570,644,18,YES,2026-01,0,644,644,662,YES,
US10571,432,0,YES,,0,432,432,432,YES,
US10572,18,26,YES,2026-01,0,18,18,44,YES,
US10573,38,0,YES,,0,38,38,38,YES,
US10574,418,418,YES,,0,418,418,836,YES,
US10575,711,0,YES,,0,711,711,711,YES,
US10576,160,0,YES,,0,160,160,160,YES,
US10577,159,38,YES,2026-01,0,159,159,197,YES,
US10578,10,0,YES,,0,10,10,10,YES,
US10579,1109,0,YES,,0,1109,1109,1109,YES,
US10581,231,0,YES,,0,231,231,231,YES,
US10582,43,0,YES,,0,43,43,43,YES,
US10583,441,0,YES,,0,441,441,441,YES,
US10584,219,0,YES,,0,219,219,219,YES,
US10585,455,0,YES,,0,455,455,455,YES,
US10586,1424,0,YES,,0,1424,1424,1424,YES,
US10587,880,0,YES,,0,880,880,880,YES,
US10588,25,0,YES,,0,25,25,25,YES,
US10589,2235,16,YES,2026-01,0,2235,2235,2251,YES,
US10591,367,0,YES,,0,367,367,367,YES,
US10592,56,0,YES,,0,56,56,56,YES,
US10593,192,22,YES,2026-01,0,192,192,214,YES,
US10594,2804,30,YES,2026-01,0,2804,2804,2834,YES,
US10595,350,0,YES,,0,350,350,350,YES,
US10596,84,0,YES,,0,84,84,84,YES,
US10597,558,0,YES,,0,558,558,558,YES,
US10599,40,0,YES,,0,40,40,40,YES,
US10600,499,0,YES,,0,499,499,499,YES,
US10601,306,0,YES,,0,306,306,306,YES,
US10602,52,0,YES,,0,52,52,52,YES,
US10603,11,0,YES,,0,11,11,11,YES,
US10604,864,0,YES,,0,864,864,864,YES,
US10605,4591,39,YES,2026-01,0,4591,4591,4630,YES,
US10606,822,0,YES,,0,822,822,822,YES,
US10607,365,0,YES,,0,365,365,365,YES,
US10608,481,0,YES,,0,481,481,481,YES,
US10609,227,0,YES,,0,227,227,227,YES,
US10610,659,0,YES,,0,659,659,659,YES,
US10611,509,0,YES,,0,509,509,509,YES,
US10613,34,0,YES,,0,34,34,34,YES,
US10614,3,0,YES,,0,3,3,3,YES,
US10615,125,0,YES,,0,125,125,125,YES,
US10616,924,0,YES,,0,924,924,924,YES,
US10617,784,17,YES,2026-01,0,784,784,801,YES,
US10618,11,0,YES,,0,11,11,11,YES,
US1062,10,75,YES,2026-01,35,-25,0,75,NO,First ledger beginning is not 0
US10620,191,121,YES,2026-01,0,191,191,312,YES,
US10622,54,0,YES,,0,54,54,54,YES,
US10623,47,0,YES,,0,47,47,47,YES,
US10624,39,0,YES,,0,39,39,39,YES,
US10625,483,0,YES,,0,483,483,483,YES,
US10626,38,15,YES,2026-01,0,38,38,53,YES,
US10627,981,0,YES,,0,981,981,981,YES,
US10628,253,0,YES,,0,253,253,253,YES,
US10629,347,0,YES,,0,347,347,347,YES,
US10630,811,0,YES,,0,811,811,811,YES,
US10631,52,0,YES,,0,52,52,52,YES,
US10632,38,0,YES,,0,38,38,38,YES,
US10633,602,0,YES,,0,602,602,602,YES,
US10634,84,0,YES,,0,84,84,84,YES,
US10635,19,0,YES,,0,19,19,19,YES,
US10636,53,0,YES,,0,53,53,53,YES,
US10638,181,181,YES,,0,181,181,362,YES,
US10639,639,0,YES,,0,639,639,639,YES,
US10640,221,0,YES,,0,221,221,221,YES,
US10641,22,0,YES,,0,22,22,22,YES,
US10643,542,0,YES,,0,542,542,542,YES,
US10644,238,0,YES,,0,238,238,238,YES,
US10645,26,0,YES,,0,26,26,26,YES,
US10646,391,0,YES,,0,391,391,391,YES,
US10647,601,0,YES,,0,601,601,601,YES,
US10648,144,0,YES,,0,144,144,144,YES,
US10649,123,0,YES,,0,123,123,123,YES,
US10650,14,0,YES,,0,14,14,14,YES,
US10651,74,0,YES,,0,74,74,74,YES,
US10652,215,0,YES,,0,215,215,215,YES,
US10653,510,0,YES,,0,510,510,510,YES,
US10655,155,0,YES,,0,155,155,155,YES,
US10656,864,0,YES,,0,864,864,864,YES,
US10658,119,0,YES,,0,119,119,119,YES,
US10659,24,0,YES,,0,24,24,24,YES,
US1066,256,256,YES,2026-01,256,0,0,256,NO,First ledger beginning is not 0
US10660,340,0,YES,,0,340,340,340,YES,
US10661,1044,16,YES,2026-01,0,1044,1044,1060,YES,
US10662,246,246,YES,,0,246,246,492,YES,
US10663,180,0,YES,,0,180,180,180,YES,
US10664,1143,966,YES,2026-01,1143,0,0,966,NO,First ledger beginning is not 0
US10665,279,0,YES,,0,279,279,279,YES,
US10666,104,0,YES,,0,104,104,104,YES,
US10667,341,0,YES,,0,341,341,341,YES,
US10668,325,0,YES,,0,325,325,325,YES,
US10669,731,0,YES,,0,731,731,731,YES,
US1067,158,158,YES,2026-01,158,0,0,158,NO,First ledger beginning is not 0
US10670,2914,20,YES,2026-01,0,2914,2914,2934,YES,
US10671,118,0,YES,,0,118,118,118,YES,
US10672,101,0,YES,,0,101,101,101,YES,
US10673,12,112,YES,2026-01,0,12,12,124,YES,
US10674,59,0,YES,,0,59,59,59,YES,
US10675,122,0,YES,,0,122,122,122,YES,
US10676,678,678,NO,,0,678,678,1356,YES,
US10677,702,23,YES,2026-01,0,702,702,725,YES,
US10678,509,0,YES,,0,509,509,509,YES,
US10679,134,234,YES,2026-01,0,134,134,368,YES,
US1068,46,34,YES,2026-01,34,12,0,34,NO,First ledger beginning is not 0
US10680,516,0,YES,,0,516,516,516,YES,
US10681,419,0,YES,,0,419,419,419,YES,
US10682,477,0,YES,,0,477,477,477,YES,
US10683,86,0,YES,,0,86,86,86,YES,
US10684,970,990,YES,2026-01,970,0,0,990,NO,First ledger beginning is not 0
US10685,1100,0,YES,,0,1100,1100,1100,YES,
US10688,1976,16,YES,2026-01,0,1976,1976,1992,YES,
US10689,249,0,YES,,0,249,249,249,YES,
US1069,338,338,YES,2026-01,338,0,0,338,NO,First ledger beginning is not 0
US10690,512,0,YES,,0,512,512,512,YES,
US10691,332,0,YES,,0,332,332,332,YES,
US10692,1047,0,YES,,0,1047,1047,1047,YES,
US10693,1676,24,YES,2026-01,0,1676,1676,1700,YES,
US10695,892,0,YES,,0,892,892,892,YES,
US10696,74,0,YES,,0,74,74,74,YES,
US10697,1,1,YES,,0,1,1,2,YES,
US10698,135,0,YES,,0,135,135,135,YES,
US10699,4063,0,YES,,0,4063,4063,4063,YES,
US10700,90,0,YES,,0,90,90,90,YES,
US10701,3,0,YES,,0,3,3,3,YES,
US10703,165,0,YES,,0,165,165,165,YES,
US10704,260,0,YES,,0,260,260,260,YES,
US10705,452,0,YES,,0,452,452,452,YES,
US10706,2,0,YES,,0,2,2,2,YES,
US10707,33,106,YES,2026-01,0,33,33,139,YES,
US10708,1,33,YES,2026-01,0,1,1,34,YES,
US10709,193,0,YES,,0,193,193,193,YES,
US10710,76,0,YES,,0,76,76,76,YES,
US10711,250,0,YES,,0,250,250,250,YES,
US10712,118,0,YES,,0,118,118,118,YES,
US10713,196,0,YES,,0,196,196,196,YES,
US10714,598,0,YES,,0,598,598,598,YES,
US10715,153,0,YES,,0,153,153,153,YES,
US10716,503,0,YES,,0,503,503,503,YES,
US10717,185,0,YES,,0,185,185,185,YES,
US10718,37,15,YES,2026-01,0,37,37,52,YES,
US10719,128,0,YES,,0,128,128,128,YES,
US1072,29,29,YES,2026-01,29,0,0,29,NO,First ledger beginning is not 0
US10720,227,0,YES,,0,227,227,227,YES,
US10721,2719,23,YES,2026-01,0,2719,2719,2742,YES,
US10722,1216,0,YES,,0,1216,1216,1216,YES,
US10723,642,642,YES,,0,642,642,1284,YES,
US10724,66,0,YES,,0,66,66,66,YES,
US10725,2653,25,YES,2026-01,0,2653,2653,2678,YES,
US10727,1558,21,YES,2026-01,0,1558,1558,1579,YES,
US10728,1029,0,YES,,0,1029,1029,1029,YES,
US10729,210,0,YES,,0,210,210,210,YES,
US1073,264,264,YES,2026-01,264,0,0,264,NO,First ledger beginning is not 0
US10730,663,17,YES,2026-01,0,663,663,680,YES,
US10731,434,0,YES,,0,434,434,434,YES,
US10733,375,0,YES,,0,375,375,375,YES,
US10734,4446,29,YES,2026-01,0,4446,4446,4475,YES,
US10735,883,812,YES,2026-01,0,883,883,1695,YES,
US10737,605,0,YES,,0,605,605,605,YES,
US10738,946,0,YES,,0,946,946,946,YES,
US10739,2,16,YES,2026-01,0,2,2,18,YES,
US1074,410,410,YES,2026-01,410,0,0,410,NO,First ledger beginning is not 0
US10740,591,32,YES,2026-01,591,0,0,32,NO,First ledger beginning is not 0
US10741,51,0,YES,,0,51,51,51,YES,
US10742,74,97,YES,2026-01,0,74,74,171,YES,
US10743,835,0,YES,,0,835,835,835,YES,
US10744,448,0,YES,,0,448,448,448,YES,
US10745,7,0,YES,,0,7,7,7,YES,
US10746,862,0,YES,,0,862,862,862,YES,
US10748,83,219,YES,2026-01,100,-17,0,219,NO,First ledger beginning is not 0
US10749,330,0,YES,,0,330,330,330,YES,
US10752,343,0,YES,,0,343,343,343,YES,
US10753,11,0,YES,,0,11,11,11,YES,
US10754,1625,43,YES,2026-01,0,1625,1625,1668,YES,
US10755,871,899,YES,2026-01,871,0,0,899,NO,First ledger beginning is not 0
US10756,215,0,YES,,0,215,215,215,YES,
US10757,362,0,YES,,0,362,362,362,YES,
US10758,3084,0,YES,,0,3084,3084,3084,YES,
US10759,499,0,YES,,0,499,499,499,YES,
US10760,430,0,YES,,0,430,430,430,YES,
US10761,30,27,YES,2026-01,0,30,30,57,YES,
US10762,2523,16,YES,2026-01,0,2523,2523,2539,YES,
US10763,185,0,YES,,0,185,185,185,YES,
US10764,479,0,YES,,0,479,479,479,YES,
US10765,122,122,YES,,0,122,122,244,YES,
US10766,60,0,YES,,0,60,60,60,YES,
US10767,1108,0,YES,,0,1108,1108,1108,YES,
US10768,435,20,YES,2026-01,0,435,435,455,YES,
US10769,173,0,YES,,0,173,173,173,YES,
US1077,437,465,YES,2026-01,465,-28,0,465,NO,First ledger beginning is not 0
US10770,105,0,YES,,0,105,105,105,YES,
US10772,261,0,YES,,0,261,261,261,YES,
US10773,87,0,YES,,0,87,87,87,YES,
US10774,557,557,NO,,0,557,557,1114,YES,
US10775,519,0,YES,,0,519,519,519,YES,
US10776,494,96,YES,2026-01,0,494,494,590,YES,
US10777,486,19,YES,2026-01,0,486,486,505,YES,
US1078,4313,142,YES,2026-01,122,4191,0,142,NO,First ledger beginning is not 0
US10780,1030,20,YES,2026-01,0,1030,1030,1050,YES,
US10781,614,0,YES,,0,614,614,614,YES,
US10782,1277,0,YES,,0,1277,1277,1277,YES,
US10783,0,0,YES,,0,0,0,0,NO,Starting balance is 0 or negative
US10784,40,0,YES,,0,40,40,40,YES,
US10786,77,0,YES,,0,77,77,77,YES,
US10789,1757,0,YES,,0,1757,1757,1757,YES,
US1079,391,412,YES,2026-01,412,-21,0,412,NO,First ledger beginning is not 0
US10790,388,0,YES,,0,388,388,388,YES,
US10791,1830,0,YES,2026-01,0,1830,1830,1830,YES,
US10792,209,104,YES,2026-01,209,0,0,104,NO,First ledger beginning is not 0
US10793,332,0,YES,,0,332,332,332,YES,
US10795,178,0,YES,,0,178,178,178,YES,
US10796,102,0,YES,,0,102,102,102,YES,
US10797,97,92,YES,2026-01,0,97,97,189,YES,
US10798,1080,0,YES,,0,1080,1080,1080,YES,
US10799,1271,0,YES,,0,1271,1271,1271,YES,
US10800,1772,34,YES,2026-01,0,1772,1772,1806,YES,
US10804,4884,22,YES,2026-01,0,4884,4884,4906,YES,
US10805,402,0,YES,,0,402,402,402,YES,
US10806,1204,0,YES,,0,1204,1204,1204,YES,
US10807,1058,0,YES,,0,1058,1058,1058,YES,
US10808,41,0,YES,,0,41,41,41,YES,
US10811,943,0,YES,,0,943,943,943,YES,
US10812,27,0,YES,,0,27,27,27,YES,
US10813,654,654,YES,,0,654,654,1308,YES,
US10814,403,0,YES,,0,403,403,403,YES,
US10815,40,0,YES,,0,40,40,40,YES,
US10818,340,0,YES,,0,340,340,340,YES,
US10820,57,0,YES,,0,57,57,57,YES,
US10822,1131,0,YES,,0,1131,1131,1131,YES,
US10823,205,0,YES,,0,205,205,205,YES,
US10824,2427,0,YES,,0,2427,2427,2427,YES,
US10825,74,0,YES,,0,74,74,74,YES,
US10826,75,0,YES,,0,75,75,75,YES,
US10828,501,0,YES,,0,501,501,501,YES,
US10829,1033,19,YES,2026-01,0,1033,1033,1052,YES,
US10830,1076,1097,YES,2026-01,0,1076,1076,2173,YES,
US10831,211,0,YES,,0,211,211,211,YES,
US10832,321,0,YES,,0,321,321,321,YES,
US10833,2055,27,YES,2026-01,0,2055,2055,2082,YES,
US10834,4331,23,YES,2026-01,0,4331,4331,4354,YES,
US10835,33,33,YES,,0,33,33,66,YES,
US10837,121,121,YES,,0,121,121,242,YES,
US10839,798,798,YES,,0,798,798,1596,YES,
US1084,111,111,YES,2026-01,111,0,0,111,NO,First ledger beginning is not 0
US10840,274,274,YES,,0,274,274,548,YES,
US10842,108,19,YES,2026-01,0,108,108,127,YES,
US10844,23,18,YES,2026-01,0,23,23,41,YES,
US10845,5,5,YES,,0,5,5,10,YES,
US10846,884,0,YES,,0,884,884,884,YES,
US10847,219,0,YES,,0,219,219,219,YES,
US10848,16,0,YES,,0,16,16,16,YES,
US10849,10,0,YES,,0,10,10,10,YES,
US10850,2,2,YES,,0,2,2,4,YES,
US10851,85,0,YES,,0,85,85,85,YES,
US10852,14,23,YES,2026-01,0,14,14,37,YES,
US10854,1404,0,YES,,0,1404,1404,1404,YES,
US10855,50,0,YES,,0,50,50,50,YES,
US10856,200,0,YES,,0,200,200,200,YES,
US10857,139,25,YES,2026-01,0,139,139,164,YES,
US10859,1,1,NO,,0,1,1,2,YES,
US1086,360,360,YES,2026-01,360,0,0,360,NO,First ledger beginning is not 0
US10860,405,0,YES,,0,405,405,405,YES,
US10861,922,0,YES,,0,922,922,922,YES,
US10862,231,0,YES,,0,231,231,231,YES,
US10863,189,25,YES,2026-01,0,189,189,214,YES,
US10864,3,0,YES,,0,3,3,3,YES,
US10865,397,0,YES,,0,397,397,397,YES,
US10866,112,0,YES,,0,112,112,112,YES,
US10867,172,0,YES,,0,172,172,172,YES,
US10869,3346,2828,YES,2026-01,2696,650,0,2828,NO,First ledger beginning is not 0
US1087,653,653,YES,2026-01,653,0,0,653,NO,First ledger beginning is not 0
US10870,2,18,YES,2026-01,0,2,2,20,YES,
US10871,258,258,YES,,0,258,258,516,YES,
US10872,0,0,YES,,0,0,0,0,NO,Starting balance is 0 or negative
US10873,116,0,YES,,0,116,116,116,YES,
US10874,309,0,YES,,0,309,309,309,YES,
US10875,61,137,YES,2026-01,61,0,0,137,NO,First ledger beginning is not 0
US10876,0,0,YES,,0,0,0,0,NO,Starting balance is 0 or negative
US10877,404,132,YES,2026-01,0,404,404,536,YES,
US10878,1,35,YES,2026-01,0,1,1,36,YES,
US10880,9,9,YES,,0,9,9,18,YES,
US10881,298,0,YES,,0,298,298,298,YES,
US10882,1242,0,YES,,0,1242,1242,1242,YES,
US10883,61,61,YES,,0,61,61,122,YES,
US10884,3257,22,YES,2026-01,0,3257,3257,3279,YES,
US10885,227,0,YES,,0,227,227,227,YES,
US10886,55,0,YES,,0,55,55,55,YES,
US10887,538,0,YES,,0,538,538,538,YES,
US10888,123,0,YES,,0,123,123,123,YES,
US10889,16,0,YES,,0,16,16,16,YES,
US10890,488,0,YES,,0,488,488,488,YES,
US10891,1358,98,YES,2026-01,0,1358,1358,1456,YES,
US10892,540,0,YES,,0,540,540,540,YES,
US10893,36,0,YES,,0,36,36,36,YES,
US10894,619,653,YES,2026-01,0,619,619,1272,YES,
US10895,50,0,YES,,0,50,50,50,YES,
US10896,136,0,YES,,0,136,136,136,YES,
US10897,124,0,YES,,0,124,124,124,YES,
US10898,161,0,YES,,0,161,161,161,YES,
US1090,242,242,YES,2026-01,242,0,0,242,NO,First ledger beginning is not 0
US10900,1,0,YES,,0,1,1,1,YES,
US10901,868,27,YES,2026-01,0,868,868,895,YES,
US10902,55,0,YES,,0,55,55,55,YES,
US10903,1505,19,YES,2026-01,0,1505,1505,1524,YES,
US10904,322,0,YES,,0,322,322,322,YES,
US10905,1118,32,YES,2026-01,0,1118,1118,1150,YES,
US10906,1930,1775,YES,2026-01,0,1930,1930,3705,YES,
US10907,122,0,YES,,0,122,122,122,YES,
US10908,51,0,YES,,0,51,51,51,YES,
US10909,35,23,YES,2026-01,0,35,35,58,YES,
US10910,842,0,YES,,0,842,842,842,YES,
US10911,405,206,YES,2026-01,405,0,0,206,NO,First ledger beginning is not 0
US10912,10,0,YES,,0,10,10,10,YES,
US10913,67,0,YES,,0,67,67,67,YES,
US10914,92,0,YES,,0,92,92,92,YES,
US10915,171,0,YES,,0,171,171,171,YES,
US10916,242,0,YES,,0,242,242,242,YES,
US10917,104,20,YES,2026-01,0,104,104,124,YES,
US10918,0,0,YES,,0,0,0,0,NO,Starting balance is 0 or negative
US10919,56,0,YES,,0,56,56,56,YES,
US10920,0,39,YES,2026-01,0,0,0,39,NO,Starting balance is 0 or negative
US10921,151,0,YES,,0,151,151,151,YES,
US10922,166,0,YES,,0,166,166,166,YES,
US10923,3,18,YES,2026-01,0,3,3,21,YES,
US10924,135,20,YES,2026-01,0,135,135,155,YES,
US10925,1190,0,YES,,0,1190,1190,1190,YES,
US10926,3432,3748,YES,2026-01,0,3432,3432,7180,YES,
US10927,120,0,YES,,0,120,120,120,YES,
US10928,72,21,YES,2026-01,0,72,72,93,YES,
US10929,798,0,YES,,0,798,798,798,YES,
US10931,235,17,YES,2026-01,0,235,235,252,YES,
US10932,8,0,YES,,0,8,8,8,YES,
US10933,8,0,YES,,0,8,8,8,YES,
US10934,409,0,YES,,0,409,409,409,YES,
US10935,195,0,YES,,0,195,195,195,YES,
US10936,330,0,YES,,0,330,330,330,YES,
US10937,37,0,YES,,0,37,37,37,YES,
US10938,87,109,YES,2026-01,87,0,0,109,NO,First ledger beginning is not 0
US10939,0,0,YES,,0,0,0,0,NO,Starting balance is 0 or negative
US1094,0,0,YES,2026-01,0,0,0,0,NO,Starting balance is 0 or negative
US10940,144,0,YES,,0,144,144,144,YES,
US10941,1747,33,YES,2026-01,0,1747,1747,1780,YES,
US10942,672,40,YES,2026-01,0,672,672,712,YES,
US10943,221,65,YES,2026-01,35,186,0,65,NO,First ledger beginning is not 0
US10944,2,39,YES,2026-01,0,2,2,41,YES,
US10945,118,0,YES,,0,118,118,118,YES,
US10946,35,17,YES,2026-01,0,35,35,52,YES,
US10948,142,0,YES,,0,142,142,142,YES,
US10949,258,0,YES,,0,258,258,258,YES,
US1095,1501,1501,YES,2026-01,1501,0,0,1501,NO,First ledger beginning is not 0
US10950,13,0,YES,,0,13,13,13,YES,
US10953,19,0,YES,,0,19,19,19,YES,
US10954,286,0,YES,,0,286,286,286,YES,
US10955,9,30,YES,2026-01,0,9,9,39,YES,
US10956,363,0,YES,,0,363,363,363,YES,
US10957,131,35,YES,2026-01,0,131,131,166,YES,
US10958,1,16,YES,2026-01,0,1,1,17,YES,
US10959,73,0,YES,,0,73,73,73,YES,
US1096,23,23,YES,2026-01,23,0,0,23,NO,First ledger beginning is not 0
US10960,335,525,YES,2026-01,0,335,335,860,YES,
US10961,563,0,YES,,0,563,563,563,YES,
US10962,41,0,YES,,0,41,41,41,YES,
US10963,23,0,YES,,0,23,23,23,YES,
US10964,5509,16,YES,2026-01,0,5509,5509,5525,YES,
US10965,937,18,YES,2026-01,0,937,937,955,YES,
US10966,1,21,YES,2026-01,0,1,1,22,YES,
US10967,75,75,YES,,0,75,75,150,YES,
US10968,29,21,YES,2026-01,0,29,29,50,YES,
US10970,335,282,YES,2026-01,0,335,335,617,YES,
US10971,34,34,YES,,0,34,34,68,YES,
US10972,167,167,YES,,0,167,167,334,YES,
US10973,151,151,YES,,0,151,151,302,YES,
US10974,2711,34,YES,2026-01,0,2711,2711,2745,YES,
US10975,185,137,YES,2026-01,106,79,0,137,NO,First ledger beginning is not 0
US10976,100,100,YES,,0,100,100,200,YES,
US10977,16,16,YES,,0,16,16,32,YES,
US10978,116,116,YES,,0,116,116,232,YES,
US10979,200,200,YES,,0,200,200,400,YES,
US10980,436,436,YES,,0,436,436,872,YES,
US10981,448,448,YES,,0,448,448,896,YES,
US10982,289,289,YES,,0,289,289,578,YES,
US10983,432,432,YES,,0,432,432,864,YES,
US10984,246,122,YES,2026-01,0,246,246,368,YES,
US10985,48,48,YES,,0,48,48,96,YES,
US10986,241,30,YES,2026-01,0,241,241,271,YES,
US10987,60,34,YES,2026-01,0,60,60,94,YES,
US10989,252,252,YES,,0,252,252,504,YES,
US1099,515,515,YES,2026-01,515,0,0,515,NO,First ledger beginning is not 0
US10990,0,0,YES,,0,0,0,0,NO,Starting balance is 0 or negative
US10991,122,122,YES,,0,122,122,244,YES,
US10992,149,149,YES,,0,149,149,298,YES,
US10993,315,315,YES,,0,315,315,630,YES,
US10996,9,0,YES,,0,9,9,9,YES,
US10997,164,0,YES,,0,164,164,164,YES,
US10998,12,0,YES,,0,12,12,12,YES,
US10999,1058,0,YES,,0,1058,1058,1058,YES,
US1100,1453,1453,YES,2026-01,1453,0,0,1453,NO,First ledger beginning is not 0
US11000,55,55,YES,,0,55,55,110,YES,
US11001,34,23,YES,2026-01,0,34,34,57,YES,
US11002,60,0,YES,,0,60,60,60,YES,
US11003,63,63,NO,,0,63,63,126,YES,
US11004,91,91,YES,,0,91,91,182,YES,
US11006,32,0,YES,,0,32,32,32,YES,
US11007,183,0,YES,,0,183,183,183,YES,
US11008,2102,19,YES,2026-01,0,2102,2102,2121,YES,
US11009,45,0,YES,,0,45,45,45,YES,
US1101,935,935,YES,2026-01,935,0,0,935,NO,First ledger beginning is not 0
US11010,53,0,YES,,0,53,53,53,YES,
US11011,457,0,YES,,0,457,457,457,YES,
US11014,290,23,YES,2026-01,0,290,290,313,YES,
US11015,650,673,YES,2026-01,0,650,650,1323,YES,
US11016,343,0,YES,,0,343,343,343,YES,
US11017,113,0,YES,,0,113,113,113,YES,
US11018,31,0,YES,,0,31,31,31,YES,
US11019,617,617,YES,,0,617,617,1234,YES,
US11020,237,20,YES,2026-01,0,237,237,257,YES,
US11021,13,9,YES,2026-01,13,0,0,9,NO,First ledger beginning is not 0
US11022,265,0,YES,,0,265,265,265,YES,
US11024,66,95,YES,2026-01,0,66,66,161,YES,
US11025,225,0,YES,,0,225,225,225,YES,
US11027,146,38,YES,2026-01,6,140,0,38,NO,First ledger beginning is not 0
US11028,71,98,YES,2026-01,71,0,0,98,NO,First ledger beginning is not 0
US11029,608,0,YES,,0,608,608,608,YES,
US11030,1094,1135,YES,2026-01,0,1094,1094,2229,YES,
US11031,371,0,YES,,0,371,371,371,YES,
US11032,1,22,YES,2026-01,0,1,1,23,YES,
US11033,150,150,YES,,0,150,150,300,YES,
US11035,306,0,YES,,0,306,306,306,YES,
US11036,292,24,YES,2026-01,0,292,292,316,YES,
US11037,30,22,YES,2026-01,0,30,30,52,YES,
US11038,1,0,YES,,0,1,1,1,YES,
US1106,495,495,YES,2026-01,495,0,0,495,NO,First ledger beginning is not 0
US1107,306,306,YES,2026-01,306,0,0,306,NO,First ledger beginning is not 0
US1109,107,0,YES,2026-01,0,107,107,107,YES,
US1115,343,343,YES,2026-01,343,0,0,343,NO,First ledger beginning is not 0
US1116,323,323,YES,2026-01,323,0,0,323,NO,First ledger beginning is not 0
US1117,674,674,YES,2026-01,674,0,0,674,NO,First ledger beginning is not 0
US1119,217,233,YES,2026-01,217,0,0,233,NO,First ledger beginning is not 0
US1122,315,315,YES,2026-01,315,0,0,315,NO,First ledger beginning is not 0
US1123,257,257,YES,2026-01,257,0,0,257,NO,First ledger beginning is not 0
US1124,137,137,YES,2026-01,137,0,0,137,NO,First ledger beginning is not 0
US1125,535,535,YES,2026-01,535,0,0,535,NO,First ledger beginning is not 0
US1132,149,149,YES,2026-01,149,0,0,149,NO,First ledger beginning is not 0
US1134,633,23,YES,2026-01,0,633,633,656,YES,
US1136,205,205,YES,2026-01,205,0,0,205,NO,First ledger beginning is not 0
US1137,29,29,YES,2026-01,29,0,0,29,NO,First ledger beginning is not 0
US1139,311,311,YES,2026-01,311,0,0,311,NO,First ledger beginning is not 0
US1140,164,164,YES,2026-01,164,0,0,164,NO,First ledger beginning is not 0
US1141,321,123,YES,2026-01,19,302,0,123,NO,First ledger beginning is not 0
US1143,440,440,YES,2026-01,440,0,0,440,NO,First ledger beginning is not 0
US1144,29,0,YES,2026-01,0,29,29,29,YES,
US1145,34,34,YES,2026-01,34,0,0,34,NO,First ledger beginning is not 0
US1146,26,26,YES,2026-01,26,0,0,26,NO,First ledger beginning is not 0
US1148,309,332,YES,2026-01,332,-23,0,332,NO,First ledger beginning is not 0
US1149,2011,17,YES,2026-01,17,1994,0,17,NO,First ledger beginning is not 0
US1151,780,780,YES,2026-01,780,0,0,780,NO,First ledger beginning is not 0
US1152,94,94,YES,2026-01,94,0,0,94,NO,First ledger beginning is not 0
US1156,1857,1857,YES,2026-01,1857,0,0,1857,NO,First ledger beginning is not 0
US1157,602,602,YES,2026-01,602,0,0,602,NO,First ledger beginning is not 0
US1158,2778,2778,YES,2026-01,2778,0,0,2778,NO,First ledger beginning is not 0
US1161,881,38,YES,2026-01,0,881,881,919,YES,
US1162,42,42,YES,2026-01,42,0,0,42,NO,First ledger beginning is not 0
US1164,1360,1479,YES,2026-01,1479,-119,0,1479,NO,First ledger beginning is not 0
US1165,13,13,YES,2026-01,13,0,0,13,NO,First ledger beginning is not 0
US1166,69,85,YES,2026-01,85,-16,0,85,NO,First ledger beginning is not 0
US1168,310,310,YES,2026-01,310,0,0,310,NO,First ledger beginning is not 0
US1169,50,50,YES,2026-01,50,0,0,50,NO,First ledger beginning is not 0
US1171,440,477,YES,2026-01,459,-19,0,477,NO,First ledger beginning is not 0
US1172,1024,1024,YES,2026-01,1024,0,0,1024,NO,First ledger beginning is not 0
US1174,127,127,YES,2026-01,127,0,0,127,NO,First ledger beginning is not 0
US11744,91,127,YES,,0,91,91,218,YES,
US11745,2355,2355,YES,,0,2355,2355,4710,YES,
US11746,226,226,YES,,0,226,226,452,YES,
US11747,1657,0,YES,,0,1657,1657,1657,YES,
US11748,223,223,YES,,0,223,223,446,YES,
US11750,515,515,YES,,0,515,515,1030,YES,
US11751,237,237,YES,,0,237,237,474,YES,
US11752,444,444,YES,,0,444,444,888,YES,
US11753,452,452,YES,,0,452,452,904,YES,
US11754,641,676,YES,,0,641,641,1317,YES,
US11755,690,690,YES,,0,690,690,1380,YES,
US11756,475,500,YES,,0,475,475,975,YES,
US11757,139,139,YES,,0,139,139,278,YES,
US11758,5816,0,YES,,0,5816,5816,5816,YES,
US1176,767,804,YES,2026-01,767,0,0,804,NO,First ledger beginning is not 0
US11761,133,133,YES,,0,133,133,266,YES,
US11762,2219,0,YES,,0,2219,2219,2219,YES,
US11763,357,357,YES,,0,357,357,714,YES,
US11764,159,159,YES,,0,159,159,318,YES,
US11766,229,229,YES,,0,229,229,458,YES,
US11769,66,66,YES,,0,66,66,132,YES,
US1177,96,96,YES,2026-01,96,0,0,96,NO,First ledger beginning is not 0
US11770,145,145,YES,,0,145,145,290,YES,
US11773,7831,0,YES,,0,7831,7831,7831,YES,
US11775,161,161,YES,,0,161,161,322,YES,
US11776,159,159,YES,,0,159,159,318,YES,
US11777,829,850,YES,,0,829,829,1679,YES,
US1178,3125,23,YES,2026-01,23,3102,0,23,NO,First ledger beginning is not 0
US1179,3,50,YES,2026-01,19,-16,0,50,NO,First ledger beginning is not 0
US1180,182,182,YES,2026-01,182,0,0,182,NO,First ledger beginning is not 0
US1184,349,376,YES,2026-01,376,-27,0,376,NO,First ledger beginning is not 0
US1188,49,49,YES,2026-01,49,0,0,49,NO,First ledger beginning is not 0
US1190,661,661,YES,2026-01,661,0,0,661,NO,First ledger beginning is not 0
US1192,97,97,YES,2026-01,97,0,0,97,NO,First ledger beginning is not 0
US1195,678,705,YES,2026-01,678,0,0,705,NO,First ledger beginning is not 0
US1196,14,100,YES,2026-01,14,0,0,100,NO,First ledger beginning is not 0
US1197,395,417,YES,2026-01,417,-22,0,417,NO,First ledger beginning is not 0
US1198,120,120,YES,2026-01,120,0,0,120,NO,First ledger beginning is not 0
US1200,10,10,YES,2026-01,10,0,0,10,NO,First ledger beginning is not 0
US1201,690,690,YES,2026-01,690,0,0,690,NO,First ledger beginning is not 0
US1204,87,87,YES,2026-01,87,0,0,87,NO,First ledger beginning is not 0
US1206,24,24,YES,2026-01,24,0,0,24,NO,First ledger beginning is not 0
US12064,29,0,YES,2026-01,0,29,29,29,YES,
US12067,294,0,YES,2026-01,0,294,294,294,YES,
US12069,197,0,YES,2026-01,0,197,197,197,YES,
US12070,5,55,YES,2026-01,16,-11,0,55,NO,First ledger beginning is not 0
US12071,0,0,YES,2026-01,0,0,0,0,NO,Starting balance is 0 or negative
US12072,63,0,YES,2026-01,0,63,63,63,YES,
US12073,726,26,YES,2026-01,0,726,726,752,YES,
US12076,243,0,YES,2026-02,0,243,243,243,YES,
US12077,821,30,YES,2026-02,0,821,821,851,YES,
US12078,18,0,YES,2026-02,0,18,18,18,YES,
US1208,625,625,YES,2026-01,625,0,0,625,NO,First ledger beginning is not 0
US12081,457,0,YES,2026-01,0,457,457,457,YES,
US12082,332,37,YES,2026-01,0,332,332,369,YES,
US12083,293,0,YES,2026-01,0,293,293,293,YES,
US12084,462,462,YES,2026-01,462,0,0,462,NO,First ledger beginning is not 0
US12085,35,33,YES,2026-01,33,2,0,33,NO,First ledger beginning is not 0
US12086,91,91,YES,2026-01,91,0,0,91,NO,First ledger beginning is not 0
US12087,399,0,YES,2026-01,0,399,399,399,YES,
US12088,264,0,YES,2026-01,0,264,264,264,YES,
US12089,13,0,YES,2026-01,0,13,13,13,YES,
US1209,63,0,YES,2026-01,0,63,63,63,YES,
US12092,273,19,YES,2026-01,19,254,0,19,NO,First ledger beginning is not 0
US12097,125,0,YES,2026-01,0,125,125,125,YES,
US12099,0,0,YES,2026-01,0,0,0,0,NO,Starting balance is 0 or negative
US12100,46,0,YES,2026-01,0,46,46,46,YES,
US12101,0,0,YES,2026-01,0,0,0,0,NO,Starting balance is 0 or negative
US12102,35,20,YES,2026-01,0,35,35,55,YES,
US12104,0,0,YES,2026-01,0,0,0,0,NO,Starting balance is 0 or negative
US12105,10,0,YES,2026-01,0,10,10,10,YES,
US12106,10,359,YES,2026-01,0,10,10,369,YES,
US12107,0,0,YES,2026-01,0,0,0,0,NO,Starting balance is 0 or negative
US12108,0,0,YES,2026-01,0,0,0,0,NO,Starting balance is 0 or negative
US12109,0,0,YES,2026-01,0,0,0,0,NO,Starting balance is 0 or negative
US1211,186,35,YES,2026-01,0,186,186,221,YES,
US12110,0,0,YES,2026-01,0,0,0,0,NO,Starting balance is 0 or negative
US12111,34,0,YES,2026-01,0,34,34,34,YES,
US12112,10,26,YES,2026-01,0,10,10,36,YES,
US12113,0,0,YES,2026-01,0,0,0,0,NO,Starting balance is 0 or negative
US12116,10,0,YES,2026-01,0,10,10,10,YES,
US12117,10,0,YES,2026-01,0,10,10,10,YES,
US12118,24,0,YES,2026-01,0,24,24,24,YES,
US12119,11,0,YES,2026-01,0,11,11,11,YES,
US12120,0,0,YES,2026-01,0,0,0,0,NO,Starting balance is 0 or negative
US12121,11,0,YES,2026-01,0,11,11,11,YES,
US12122,11,0,YES,2026-01,0,11,11,11,YES,
US12124,11,0,YES,2026-01,0,11,11,11,YES,
US12125,0,0,YES,2026-01,0,0,0,0,NO,Starting balance is 0 or negative
US12127,11,0,YES,2026-01,0,11,11,11,YES,
US12128,0,0,YES,2026-01,0,0,0,0,NO,Starting balance is 0 or negative
US12129,0,0,YES,2026-01,0,0,0,0,NO,Starting balance is 0 or negative
US12130,32,0,YES,2026-01,0,32,32,32,YES,
US12131,0,0,YES,2026-01,0,0,0,0,NO,Starting balance is 0 or negative
US12132,0,0,YES,2026-01,0,0,0,0,NO,Starting balance is 0 or negative
US12133,0,0,YES,2026-01,0,0,0,0,NO,Starting balance is 0 or negative
US12134,0,17,YES,2026-01,0,0,0,17,NO,Starting balance is 0 or negative
US12135,12,0,YES,2026-01,0,12,12,12,YES,
US12136,24,0,YES,2026-01,0,24,24,24,YES,
US12137,44,0,YES,2026-01,0,44,44,44,YES,
US12141,86,0,YES,2026-01,0,86,86,86,YES,
US12142,25,0,YES,2026-01,0,25,25,25,YES,
US12143,29,20,YES,2026-01,0,29,29,49,YES,
US12146,23,0,YES,2026-01,0,23,23,23,YES,
US12147,0,0,YES,2026-01,0,0,0,0,NO,Starting balance is 0 or negative
US12149,0,0,YES,2026-01,0,0,0,0,NO,Starting balance is 0 or negative
US12150,0,0,YES,2026-01,0,0,0,0,NO,Starting balance is 0 or negative
US12153,0,0,YES,2026-01,0,0,0,0,NO,Starting balance is 0 or negative
US12154,0,0,YES,2026-01,0,0,0,0,NO,Starting balance is 0 or negative
US12156,14,0,YES,2026-01,0,14,14,14,YES,
US12158,413,0,YES,2026-01,0,413,413,413,YES,
US12159,0,0,YES,2026-01,0,0,0,0,NO,Starting balance is 0 or negative
US1216,971,971,YES,2026-01,971,0,0,971,NO,First ledger beginning is not 0
US12161,0,0,YES,2026-01,0,0,0,0,NO,Starting balance is 0 or negative
US12162,0,0,YES,2026-01,0,0,0,0,NO,Starting balance is 0 or negative
US12163,0,0,YES,2026-01,0,0,0,0,NO,Starting balance is 0 or negative
US12164,0,0,YES,2026-01,0,0,0,0,NO,Starting balance is 0 or negative
US12165,83,0,YES,2026-01,0,83,83,83,YES,
US12166,0,0,YES,2026-01,0,0,0,0,NO,Starting balance is 0 or negative
US12167,0,0,YES,2026-01,0,0,0,0,NO,Starting balance is 0 or negative
US12168,0,0,YES,2026-01,0,0,0,0,NO,Starting balance is 0 or negative
US1217,548,563,YES,2026-01,563,-15,0,563,NO,First ledger beginning is not 0
US12170,19,0,YES,2026-01,0,19,19,19,YES,
US12174,81,0,YES,2026-01,0,81,81,81,YES,
US12175,126,0,YES,2026-01,0,126,126,126,YES,
US12176,0,0,YES,2026-01,0,0,0,0,NO,Starting balance is 0 or negative
US12177,0,0,YES,2026-01,0,0,0,0,NO,Starting balance is 0 or negative
US12179,0,0,YES,2026-01,0,0,0,0,NO,Starting balance is 0 or negative
US12181,0,12,YES,2026-01,0,0,0,12,NO,Starting balance is 0 or negative
US12182,0,0,YES,2026-01,0,0,0,0,NO,Starting balance is 0 or negative
US12183,0,0,YES,2026-01,0,0,0,0,NO,Starting balance is 0 or negative
US12184,0,0,YES,2026-01,0,0,0,0,NO,Starting balance is 0 or negative
US12185,0,0,YES,2026-01,0,0,0,0,NO,Starting balance is 0 or negative
US12187,412,0,YES,2026-01,0,412,412,412,YES,
US12188,0,0,YES,2026-01,0,0,0,0,NO,Starting balance is 0 or negative
US12189,0,0,YES,2026-01,0,0,0,0,NO,Starting balance is 0 or negative
US1219,487,487,YES,2026-01,487,0,0,487,NO,First ledger beginning is not 0
US12190,0,94,YES,2026-01,0,0,0,94,NO,Starting balance is 0 or negative
US12191,67,0,YES,2026-01,0,67,67,67,YES,
US12194,0,0,YES,2026-01,0,0,0,0,NO,Starting balance is 0 or negative
US12195,145,145,YES,,0,145,145,290,YES,
US12196,103,0,YES,,0,103,103,103,YES,
US12197,1898,2116,YES,2026-01,1898,0,0,2116,NO,First ledger beginning is not 0
US12207,281,33,YES,2026-01,0,281,281,314,YES,
US12208,1069,1069,YES,2026-01,0,1069,1069,2138,YES,
US12209,136,33,YES,2026-01,0,136,136,169,YES,
US1222,2030,0,YES,2026-01,0,2030,2030,2030,YES,
US12221,64,98,YES,2026-01,0,64,64,162,YES,
US12223,669,28,YES,2026-01,0,669,669,697,YES,
US12224,23151,0,YES,2026-01,0,23151,23151,23151,YES,
US12225,325,1009,YES,2026-01,0,325,325,1334,YES,
US12226,30,0,YES,2026-01,0,30,30,30,YES,
US12227,1446,0,YES,2026-01,0,1446,1446,1446,YES,
US12228,510,510,YES,2026-01,510,0,0,510,NO,First ledger beginning is not 0
US12229,4,62,YES,2026-01,0,4,4,66,YES,
US12230,0,0,YES,2026-01,0,0,0,0,NO,Starting balance is 0 or negative
US12231,1313,77,YES,2026-01,0,1313,1313,1390,YES,
US12232,3,0,YES,2026-01,0,3,3,3,YES,
US12233,8846,735,YES,2026-01,0,8846,8846,9581,YES,
US12234,865,930,YES,2026-01,865,0,0,930,NO,First ledger beginning is not 0
US12235,0,0,YES,2026-01,0,0,0,0,NO,Starting balance is 0 or negative
US12236,513,17,YES,2026-01,17,496,0,17,NO,First ledger beginning is not 0
US12239,1626,1754,YES,2026-01,1626,0,0,1754,NO,First ledger beginning is not 0
US12246,1175,1175,YES,2026-01,1175,0,0,1175,NO,First ledger beginning is not 0
US12249,123,123,NO,,0,123,123,246,YES,
US1225,105,105,YES,2026-01,105,0,0,105,NO,First ledger beginning is not 0
US12250,321,321,YES,2026-01,321,0,0,321,NO,First ledger beginning is not 0
US12251,0,35,NO,,0,0,0,35,NO,Starting balance is 0 or negative
US12252,0,2,NO,,0,0,0,2,NO,Starting balance is 0 or negative
US12253,0,80,YES,2026-01,0,0,0,80,NO,Starting balance is 0 or negative
US12254,0,21,NO,,0,0,0,21,NO,Starting balance is 0 or negative
US12255,0,42,NO,,0,0,0,42,NO,Starting balance is 0 or negative
US12257,0,3,NO,,0,0,0,3,NO,Starting balance is 0 or negative
US12258,0,33,NO,,0,0,0,33,NO,Starting balance is 0 or negative
US12260,48,0,YES,2026-01,0,48,48,48,YES,
US12261,276,276,NO,,0,276,276,552,YES,
US12262,221,221,NO,,0,221,221,442,YES,
US12264,0,0,YES,2026-01,0,0,0,0,NO,Starting balance is 0 or negative
US12265,0,0,NO,,0,0,0,0,NO,Starting balance is 0 or negative
US12266,13,13,NO,,0,13,13,26,YES,
US12267,1,1,NO,,0,1,1,2,YES,
US12268,0,0,NO,,0,0,0,0,NO,Starting balance is 0 or negative
US12269,22,22,NO,,0,22,22,44,YES,
US12270,0,0,NO,,0,0,0,0,NO,Starting balance is 0 or negative
US12271,38,38,NO,,0,38,38,76,YES,
US12272,297,297,NO,,0,297,297,594,YES,
US12274,319,319,NO,,0,319,319,638,YES,
US12275,49,49,NO,,0,49,49,98,YES,
US12276,81,0,YES,2026-01,0,81,81,81,YES,
US12278,61,0,YES,2026-01,0,61,61,61,YES,
US1228,4,126,YES,2026-01,4,0,0,126,NO,First ledger beginning is not 0
US12280,552,552,NO,,0,552,552,1104,YES,
US12281,155,0,YES,2026-01,0,155,155,155,YES,
US12282,0,197,NO,,0,0,0,197,NO,Starting balance is 0 or negative
US12283,0,0,YES,2026-01,0,0,0,0,NO,Starting balance is 0 or negative
US12286,1025,0,YES,,0,1025,1025,1025,YES,
US12287,222,0,YES,2026-01,0,222,222,222,YES,
US12288,0,2600,YES,2026-01,2600,-2600,0,2600,NO,Starting balance is 0 or negative
US12290,7848,71,YES,2026-01,0,7848,7848,7919,YES,
US12291,68,27,YES,2026-01,1,67,0,27,NO,First ledger beginning is not 0
US12294,1124,64,YES,2026-01,0,1124,1124,1188,YES,
US12298,199,199,NO,,0,199,199,398,YES,
US1230,896,914,YES,2026-01,914,-18,0,914,NO,First ledger beginning is not 0
US12301,88,0,YES,2026-01,0,88,88,88,YES,
US12302,297,907,YES,2026-01,297,0,0,907,NO,First ledger beginning is not 0
US12303,1553,39,YES,2026-01,0,1553,1553,1592,YES,
US12304,372,0,YES,2026-01,0,372,372,372,YES,
US12305,25,50,YES,2026-01,34,-9,0,50,NO,First ledger beginning is not 0
US12306,96,117,YES,2026-01,117,-21,0,117,NO,First ledger beginning is not 0
US12307,0,39,YES,2026-01,0,0,0,39,NO,Starting balance is 0 or negative
US12308,0,0,YES,2026-01,0,0,0,0,NO,Starting balance is 0 or negative
US12309,20,39,YES,2026-01,0,20,20,59,YES,
US1231,253,253,YES,2026-01,253,0,0,253,NO,First ledger beginning is not 0
US12310,15,0,YES,2026-01,0,15,15,15,YES,
US12313,0,0,YES,2026-01,0,0,0,0,NO,Starting balance is 0 or negative
US12314,0,0,YES,2026-01,0,0,0,0,NO,Starting balance is 0 or negative
US12315,0,0,YES,2026-01,0,0,0,0,NO,Starting balance is 0 or negative
US12316,11,0,YES,2026-01,0,11,11,11,YES,
US12317,0,0,YES,2026-01,0,0,0,0,NO,Starting balance is 0 or negative
US12318,294,294,NO,,0,294,294,588,YES,
US12319,11,0,YES,2026-01,0,11,11,11,YES,
US12321,21,0,YES,2026-01,0,21,21,21,YES,
US12322,13,43,YES,2026-01,0,13,13,56,YES,
US12323,12,0,YES,2026-01,0,12,12,12,YES,
US12324,12,0,YES,2026-01,0,12,12,12,YES,
US12326,0,0,YES,2026-01,0,0,0,0,NO,Starting balance is 0 or negative
US12328,12,0,YES,2026-01,0,12,12,12,YES,
US12329,0,0,YES,2026-01,0,0,0,0,NO,Starting balance is 0 or negative
US12331,13,0,YES,2026-01,0,13,13,13,YES,
US12332,0,0,YES,2026-01,0,0,0,0,NO,Starting balance is 0 or negative
US12333,0,0,YES,2026-01,0,0,0,0,NO,Starting balance is 0 or negative
US12334,25,0,YES,2026-01,0,25,25,25,YES,
US12335,0,0,YES,2026-01,0,0,0,0,NO,Starting balance is 0 or negative
US12336,34,0,YES,2026-01,0,34,34,34,YES,
US12338,0,0,YES,2026-01,0,0,0,0,NO,Starting balance is 0 or negative
US12339,0,0,YES,2026-01,0,0,0,0,NO,Starting balance is 0 or negative
US1234,955,955,YES,2026-01,955,0,0,955,NO,First ledger beginning is not 0
US12340,33,0,YES,2026-01,0,33,33,33,YES,
US12341,27,0,YES,2026-01,0,27,27,27,YES,
US12342,52,0,YES,2026-01,0,52,52,52,YES,
US12343,41,0,YES,2026-01,0,41,41,41,YES,
US12344,19,0,YES,2026-01,0,19,19,19,YES,
US12345,0,0,YES,2026-01,0,0,0,0,NO,Starting balance is 0 or negative
US12346,61,0,YES,2026-01,0,61,61,61,YES,
US12347,0,0,YES,2026-01,0,0,0,0,NO,Starting balance is 0 or negative
US12348,0,16,YES,2026-01,0,0,0,16,NO,Starting balance is 0 or negative
US12349,59,0,YES,2026-01,0,59,59,59,YES,
US12351,0,0,YES,2026-01,0,0,0,0,NO,Starting balance is 0 or negative
US12352,0,0,YES,2026-01,0,0,0,0,NO,Starting balance is 0 or negative
US12353,41,0,YES,2026-01,0,41,41,41,YES,
US12354,0,0,YES,2026-01,0,0,0,0,NO,Starting balance is 0 or negative
US12356,0,0,YES,2026-01,0,0,0,0,NO,Starting balance is 0 or negative
US12358,0,0,YES,2026-01,0,0,0,0,NO,Starting balance is 0 or negative
US12359,116,0,YES,2026-01,0,116,116,116,YES,
US12360,79,0,YES,2026-01,0,79,79,79,YES,
US12362,45,124,YES,2026-01,0,45,45,169,YES,
US12363,983,0,YES,2026-01,0,983,983,983,YES,
US12364,238,0,YES,2026-01,0,238,238,238,YES,
US12365,300,0,YES,2026-01,0,300,300,300,YES,
US12366,351,0,YES,2026-01,0,351,351,351,YES,
US12369,38,0,YES,2026-01,0,38,38,38,YES,
US12370,262,0,YES,2026-01,0,262,262,262,YES,
US12373,69,0,YES,2026-01,0,69,69,69,YES,
US12374,2,20,YES,2026-01,2,0,0,20,NO,First ledger beginning is not 0
US12375,16213,20532,YES,2026-01,0,16213,16213,36745,YES,
US12376,0,0,YES,2026-01,0,0,0,0,NO,Starting balance is 0 or negative
US12378,0,0,YES,2026-01,0,0,0,0,NO,Starting balance is 0 or negative
US12379,23,0,YES,2026-01,0,23,23,23,YES,
US1238,567,567,YES,2026-01,567,0,0,567,NO,First ledger beginning is not 0
US12381,0,0,YES,2026-01,0,0,0,0,NO,Starting balance is 0 or negative
US12382,62,0,YES,2026-01,0,62,62,62,YES,
US12384,0,0,YES,2026-01,0,0,0,0,NO,Starting balance is 0 or negative
US12385,12,0,YES,2026-01,0,12,12,12,YES,
US12387,12,0,YES,2026-01,0,12,12,12,YES,
US12388,12,0,YES,2026-01,0,12,12,12,YES,
US12389,0,0,YES,2026-01,0,0,0,0,NO,Starting balance is 0 or negative
US1239,95,0,YES,2026-01,0,95,95,95,YES,
US12390,0,0,YES,2026-01,0,0,0,0,NO,Starting balance is 0 or negative
US12391,73,0,YES,2026-01,0,73,73,73,YES,
US12392,0,0,YES,2026-01,0,0,0,0,NO,Starting balance is 0 or negative
US12393,44,0,YES,2026-01,0,44,44,44,YES,
US12394,0,0,YES,2026-01,0,0,0,0,NO,Starting balance is 0 or negative
US12395,117,117,NO,,0,117,117,234,YES,
US12396,169,30,YES,2026-01,0,169,169,199,YES,
US12397,200,0,YES,2026-01,0,200,200,200,YES,
US12398,0,0,YES,2026-01,0,0,0,0,NO,Starting balance is 0 or negative
US12399,0,0,YES,2026-01,0,0,0,0,NO,Starting balance is 0 or negative
US12400,30,0,YES,2026-01,0,30,30,30,YES,
US12401,0,0,YES,2026-01,0,0,0,0,NO,Starting balance is 0 or negative
US12402,0,30,YES,2026-01,0,0,0,30,NO,Starting balance is 0 or negative
US12403,10,0,YES,2026-01,0,10,10,10,YES,
US12404,0,0,YES,2026-01,0,0,0,0,NO,Starting balance is 0 or negative
US12405,0,0,YES,2026-01,0,0,0,0,NO,Starting balance is 0 or negative
US12406,10,0,YES,2026-01,0,10,10,10,YES,
US12407,35,0,YES,2026-01,0,35,35,35,YES,
US12408,11,0,YES,2026-01,0,11,11,11,YES,
US12409,0,0,YES,2026-01,0,0,0,0,NO,Starting balance is 0 or negative
US12411,0,0,YES,2026-01,0,0,0,0,NO,Starting balance is 0 or negative
US12412,0,0,YES,2026-01,0,0,0,0,NO,Starting balance is 0 or negative
US12413,0,0,YES,2026-01,0,0,0,0,NO,Starting balance is 0 or negative
US12414,41,0,YES,2026-01,0,41,41,41,YES,
US12416,572,0,YES,,0,572,572,572,YES,
US12417,77,77,YES,2026-02,77,0,0,77,NO,First ledger beginning is not 0
US12418,1,0,YES,2026-02,0,1,1,1,YES,
US12419,186,0,YES,2026-02,0,186,186,186,YES,
US1242,5,5,YES,2026-01,5,0,0,5,NO,First ledger beginning is not 0
US12420,284,0,YES,2026-02,0,284,284,284,YES,
US12421,133,0,YES,2026-02,0,133,133,133,YES,
US12423,1,0,YES,2026-01,0,1,1,1,YES,
US12424,1261,21,YES,2026-01,0,1261,1261,1282,YES,
US12425,1255,0,YES,2026-01,0,1255,1255,1255,YES,
US12427,27,46,YES,2026-01,46,-19,0,46,NO,First ledger beginning is not 0
US12428,299,0,YES,2026-01,0,299,299,299,YES,
US12429,12,20,YES,2026-01,0,12,12,32,YES,
US1243,33,33,YES,2026-01,33,0,0,33,NO,First ledger beginning is not 0
US124369,0,0,NO,,0,0,0,0,NO,Starting balance is 0 or negative
US1244,3,3,YES,2026-01,3,0,0,3,NO,First ledger beginning is not 0
US12450,10,0,YES,2026-01,0,10,10,10,YES,
US12451,21,0,YES,2026-01,0,21,21,21,YES,
US12452,14,0,YES,2026-01,0,14,14,14,YES,
US12453,1,0,YES,2026-01,0,1,1,1,YES,
US12454,0,0,YES,2026-01,0,0,0,0,NO,Starting balance is 0 or negative
US12455,44,0,YES,2026-01,0,44,44,44,YES,
US12456,0,0,YES,2026-01,0,0,0,0,NO,Starting balance is 0 or negative
US12459,183,0,YES,2026-01,0,183,183,183,YES,
US12460,0,31,YES,2026-01,0,0,0,31,NO,Starting balance is 0 or negative
US12461,0,0,YES,2026-01,0,0,0,0,NO,Starting balance is 0 or negative
US12462,174,18,YES,2026-01,18,156,0,18,NO,First ledger beginning is not 0
US12463,259,0,YES,2026-01,0,259,259,259,YES,
US12465,144,0,YES,,0,144,144,144,YES,
US12466,131,0,YES,,0,131,131,131,YES,
US12467,48,0,YES,,0,48,48,48,YES,
US12468,156,0,YES,,0,156,156,156,YES,
US12469,21,0,YES,,0,21,21,21,YES,
US12470,62,0,YES,,0,62,62,62,YES,
US12475,0,0,YES,,0,0,0,0,NO,Starting balance is 0 or negative
US1248,1750,22,YES,2026-01,22,1728,0,22,NO,First ledger beginning is not 0
US12481,10,0,YES,,0,10,10,10,YES,
US12485,37,0,YES,,0,37,37,37,YES,
US12492,165,0,YES,2026-01,0,165,165,165,YES,
US12493,608,685,YES,2026-01,608,0,0,685,NO,First ledger beginning is not 0
US12494,445,0,YES,2026-01,0,445,445,445,YES,
US12495,197,0,YES,2026-01,0,197,197,197,YES,
US12496,0,0,YES,2026-01,0,0,0,0,NO,Starting balance is 0 or negative
US12498,93,0,YES,,0,93,93,93,YES,
US12499,0,0,YES,2026-01,0,0,0,0,NO,Starting balance is 0 or negative
US12500,239,0,YES,2026-01,0,239,239,239,YES,
US12502,98,0,YES,2026-01,0,98,98,98,YES,
US12503,569,17,YES,2026-01,17,552,0,17,NO,First ledger beginning is not 0
US12505,212,0,YES,,0,212,212,212,YES,
US12506,568,0,YES,,0,568,568,568,YES,
US12507,2092,34,YES,2026-01,0,2092,2092,2126,YES,
US12508,1427,89,YES,2026-01,0,1427,1427,1516,YES,
US12509,0,0,YES,,0,0,0,0,NO,Starting balance is 0 or negative
US12510,139,0,YES,,0,139,139,139,YES,
US12513,1114,1135,YES,2026-01,1114,0,0,1135,NO,First ledger beginning is not 0
US12514,1909,2010,YES,2026-01,2010,-101,0,2010,NO,First ledger beginning is not 0
US12515,5,94,YES,2026-01,0,5,5,99,YES,
US12516,436,0,YES,2026-01,0,436,436,436,YES,
US12517,0,0,YES,2026-01,0,0,0,0,NO,Starting balance is 0 or negative
US12518,0,0,YES,2026-01,0,0,0,0,NO,Starting balance is 0 or negative
US12519,0,0,YES,2026-01,0,0,0,0,NO,Starting balance is 0 or negative
US12520,0,0,YES,2026-01,0,0,0,0,NO,Starting balance is 0 or negative
US12522,0,0,YES,2026-01,0,0,0,0,NO,Starting balance is 0 or negative
US12523,10,0,YES,2026-01,0,10,10,10,YES,
US12524,20,23,YES,2026-01,0,20,20,43,YES,
US12525,56,0,YES,2026-01,0,56,56,56,YES,
US12526,0,0,YES,2026-01,0,0,0,0,NO,Starting balance is 0 or negative
US12527,55,0,YES,2026-01,0,55,55,55,YES,
US12528,0,42,YES,2026-01,42,-42,0,42,NO,Starting balance is 0 or negative
US12529,0,0,YES,2026-01,0,0,0,0,NO,Starting balance is 0 or negative
US12530,42,0,YES,2026-01,0,42,42,42,YES,
US12531,32,0,YES,2026-01,0,32,32,32,YES,
US12532,0,0,YES,2026-01,0,0,0,0,NO,Starting balance is 0 or negative
US12533,11,0,YES,2026-01,0,11,11,11,YES,
US12534,0,0,YES,2026-01,0,0,0,0,NO,Starting balance is 0 or negative
US12535,11,0,YES,2026-01,0,11,11,11,YES,
US12536,12,0,YES,2026-01,0,12,12,12,YES,
US12537,0,0,YES,2026-01,0,0,0,0,NO,Starting balance is 0 or negative
US12538,80,0,YES,2026-01,0,80,80,80,YES,
US12539,12,0,YES,2026-01,0,12,12,12,YES,
US1254,41,8,YES,2026-01,0,41,41,49,YES,
US12540,15,0,YES,2026-01,0,15,15,15,YES,
US12541,26,0,YES,2026-01,0,26,26,26,YES,
US12543,0,0,YES,2026-01,0,0,0,0,NO,Starting balance is 0 or negative
US12544,0,0,YES,2026-01,0,0,0,0,NO,Starting balance is 0 or negative
US12545,0,0,YES,2026-01,0,0,0,0,NO,Starting balance is 0 or negative
US12546,0,43,YES,2026-01,0,0,0,43,NO,Starting balance is 0 or negative
US12547,14,0,YES,2026-01,0,14,14,14,YES,
US12548,15,0,YES,2026-01,0,15,15,15,YES,
US12549,0,105,YES,2026-01,0,0,0,105,NO,Starting balance is 0 or negative
US1255,392,392,YES,2026-01,392,0,0,392,NO,First ledger beginning is not 0
US12551,168,0,YES,2026-01,0,168,168,168,YES,
US12552,0,0,YES,2026-01,0,0,0,0,NO,Starting balance is 0 or negative
US12553,0,0,YES,2026-01,0,0,0,0,NO,Starting balance is 0 or negative
US12554,284,0,YES,2026-01,0,284,284,284,YES,
US12555,0,0,YES,2026-01,0,0,0,0,NO,Starting balance is 0 or negative
US12556,0,0,YES,2026-01,0,0,0,0,NO,Starting balance is 0 or negative
US12557,430,0,YES,2026-01,0,430,430,430,YES,
US12558,0,0,YES,2026-01,0,0,0,0,NO,Starting balance is 0 or negative
US1256,217,217,YES,2026-01,217,0,0,217,NO,First ledger beginning is not 0
US12560,0,110,NO,,0,0,0,110,NO,Starting balance is 0 or negative
US12561,408,0,YES,2026-01,0,408,408,408,YES,
US12562,0,19,YES,2026-01,0,0,0,19,NO,Starting balance is 0 or negative
US12563,0,0,YES,2026-01,0,0,0,0,NO,Starting balance is 0 or negative
US12564,0,15,YES,2026-01,0,0,0,15,NO,Starting balance is 0 or negative
US12565,0,0,YES,2026-01,0,0,0,0,NO,Starting balance is 0 or negative
US12566,0,0,YES,2026-01,0,0,0,0,NO,Starting balance is 0 or negative
US12568,165,0,YES,2026-01,0,165,165,165,YES,
US12570,32,0,YES,2026-01,0,32,32,32,YES,
US12576,0,0,YES,2026-01,0,0,0,0,NO,Starting balance is 0 or negative
US12578,19,0,YES,2026-01,0,19,19,19,YES,
US12579,190,0,YES,2026-01,0,190,190,190,YES,
US12580,739,0,YES,2026-01,0,739,739,739,YES,
US12582,10,0,YES,2026-01,0,10,10,10,YES,
US12583,0,0,YES,2026-01,0,0,0,0,NO,Starting balance is 0 or negative
US12584,11,0,YES,2026-01,0,11,11,11,YES,
US12585,0,0,YES,2026-01,0,0,0,0,NO,Starting balance is 0 or negative
US12586,11,0,YES,2026-01,0,11,11,11,YES,
US12587,0,0,YES,2026-01,0,0,0,0,NO,Starting balance is 0 or negative
US12588,0,0,YES,2026-01,0,0,0,0,NO,Starting balance is 0 or negative
US12589,0,0,YES,2026-01,0,0,0,0,NO,Starting balance is 0 or negative
US12590,0,0,YES,2026-01,0,0,0,0,NO,Starting balance is 0 or negative
US12591,0,0,YES,2026-01,0,0,0,0,NO,Starting balance is 0 or negative
US12592,0,359,YES,2026-01,0,0,0,359,NO,Starting balance is 0 or negative
US12593,24,0,YES,2026-01,0,24,24,24,YES,
US12595,14,0,YES,2026-01,0,14,14,14,YES,
US12596,132,0,YES,2026-01,0,132,132,132,YES,
US12597,0,0,YES,2026-01,0,0,0,0,NO,Starting balance is 0 or negative
US12598,33,0,YES,2026-01,0,33,33,33,YES,
US12599,121,0,YES,2026-01,0,121,121,121,YES,
US1260,176,62,YES,2026-01,26,150,0,62,NO,First ledger beginning is not 0
US12600,0,0,YES,2026-01,0,0,0,0,NO,Starting balance is 0 or negative
US12601,154,0,YES,2026-01,0,154,154,154,YES,
US12602,0,93,YES,2026-01,0,0,0,93,NO,Starting balance is 0 or negative
US12603,38,0,YES,2026-01,0,38,38,38,YES,
US12604,505,2,YES,2026-01,207,298,0,2,NO,First ledger beginning is not 0
US12605,471,0,YES,2026-01,0,471,471,471,YES,
US12606,489,41,YES,2026-02,0,489,489,530,YES,
US12607,60,0,YES,2026-01,0,60,60,60,YES,
US12608,769,0,YES,2026-01,0,769,769,769,YES,
US12609,0,0,YES,2026-01,0,0,0,0,NO,Starting balance is 0 or negative
US12610,10,0,YES,2026-01,0,10,10,10,YES,
US12611,10,0,YES,2026-01,0,10,10,10,YES,
US12612,0,0,YES,2026-01,0,0,0,0,NO,Starting balance is 0 or negative
US12613,0,0,YES,2026-01,0,0,0,0,NO,Starting balance is 0 or negative
US12614,21,19,YES,2026-01,0,21,21,40,YES,
US12616,0,35,YES,2026-01,0,0,0,35,NO,Starting balance is 0 or negative
US12617,12,0,YES,2026-01,0,12,12,12,YES,
US12618,0,0,YES,2026-01,0,0,0,0,NO,Starting balance is 0 or negative
US12619,28,0,YES,2026-01,0,28,28,28,YES,
US12620,14,0,YES,2026-01,0,14,14,14,YES,
US12621,0,32,NO,,0,0,0,32,NO,Starting balance is 0 or negative
US12622,0,0,YES,2026-01,0,0,0,0,NO,Starting balance is 0 or negative
US12626,0,0,YES,2026-01,0,0,0,0,NO,Starting balance is 0 or negative
US12627,30,0,YES,2026-01,0,30,30,30,YES,
US12628,0,88,NO,,0,0,0,88,NO,Starting balance is 0 or negative
US12629,0,0,YES,2026-01,0,0,0,0,NO,Starting balance is 0 or negative
US12630,0,28,YES,2026-01,0,0,0,28,NO,Starting balance is 0 or negative
US12631,22,0,YES,2026-01,0,22,22,22,YES,
US1264,180,180,YES,2026-01,180,0,0,180,NO,First ledger beginning is not 0
US12647,34,0,YES,2026-01,0,34,34,34,YES,
US12648,176,0,YES,2026-01,0,176,176,176,YES,
US12649,273,0,YES,2026-01,0,273,273,273,YES,
US12650,116,0,YES,2026-01,0,116,116,116,YES,
US12651,307,0,YES,2026-01,0,307,307,307,YES,
US12652,463,24,YES,2026-01,0,463,463,487,YES,
US12653,0,15,YES,2026-01,0,0,0,15,NO,Starting balance is 0 or negative
US12654,522,18,YES,2026-01,0,522,522,540,YES,
US12655,58,17,YES,2026-01,0,58,58,75,YES,
US12656,91,0,YES,2026-01,0,91,91,91,YES,
US12658,64,348,YES,2026-01,0,64,64,412,YES,
US12659,394,0,YES,,0,394,394,394,YES,
US12660,1,1,YES,2026-01,0,1,1,2,YES,
US12663,16,0,YES,2026-02,0,16,16,16,YES,
US12665,0,0,YES,2026-01,0,0,0,0,NO,Starting balance is 0 or negative
US12666,0,0,YES,2026-01,0,0,0,0,NO,Starting balance is 0 or negative
US12667,10,0,YES,2026-01,0,10,10,10,YES,
US12668,10,0,YES,2026-01,0,10,10,10,YES,
US12669,0,0,YES,2026-01,0,0,0,0,NO,Starting balance is 0 or negative
US12670,75,22,YES,2026-01,0,75,75,97,YES,
US12671,11,0,YES,2026-01,0,11,11,11,YES,
US12672,0,0,YES,2026-01,0,0,0,0,NO,Starting balance is 0 or negative
US12674,14,0,YES,2026-01,0,14,14,14,YES,
US12676,14,0,YES,2026-01,0,14,14,14,YES,
US12677,0,0,YES,2026-01,0,0,0,0,NO,Starting balance is 0 or negative
US12678,0,0,YES,2026-01,0,0,0,0,NO,Starting balance is 0 or negative
US1268,174,0,YES,2026-01,0,174,174,174,YES,
US12680,793,0,YES,2026-01,0,793,793,793,YES,
US12683,93,0,YES,2026-01,0,93,93,93,YES,
US12684,194,0,YES,,0,194,194,194,YES,
US12685,989,19,YES,2026-01,0,989,989,1008,YES,
US12686,126,0,YES,,0,126,126,126,YES,
US12687,90,0,YES,,0,90,90,90,YES,
US12688,19,0,YES,2026-01,0,19,19,19,YES,
US12689,241,0,YES,2026-02,0,241,241,241,YES,
US1269,216,216,YES,2026-01,216,0,0,216,NO,First ledger beginning is not 0
US12690,0,0,YES,2026-01,0,0,0,0,NO,Starting balance is 0 or negative
US12691,36,0,YES,2026-01,0,36,36,36,YES,
US12692,25,0,YES,2026-01,0,25,25,25,YES,
US12694,10,0,YES,2026-01,0,10,10,10,YES,
US12696,0,0,YES,2026-01,0,0,0,0,NO,Starting balance is 0 or negative
US12697,0,10,NO,,0,0,0,10,NO,Starting balance is 0 or negative
US12698,11,0,YES,2026-01,0,11,11,11,YES,
US12699,33,0,YES,2026-01,0,33,33,33,YES,
US1270,180,180,YES,2026-01,180,0,0,180,NO,First ledger beginning is not 0
US12700,11,0,YES,2026-01,0,11,11,11,YES,
US12701,13,0,YES,2026-01,0,13,13,13,YES,
US12702,0,0,YES,2026-01,0,0,0,0,NO,Starting balance is 0 or negative
US12703,0,0,YES,2026-01,0,0,0,0,NO,Starting balance is 0 or negative
US12704,0,35,YES,2026-01,0,0,0,35,NO,Starting balance is 0 or negative
US12707,33,0,YES,2026-01,0,33,33,33,YES,
US12708,52,17,YES,2026-01,0,52,52,69,YES,
US1271,235,253,YES,2026-01,235,0,0,253,NO,First ledger beginning is not 0
US12710,0,0,YES,2026-01,0,0,0,0,NO,Starting balance is 0 or negative
US12712,189,0,YES,2026-01,0,189,189,189,YES,
US12713,0,34,YES,2026-01,0,0,0,34,NO,Starting balance is 0 or negative
US12714,0,0,YES,2026-01,0,0,0,0,NO,Starting balance is 0 or negative
US12715,0,0,YES,2026-01,0,0,0,0,NO,Starting balance is 0 or negative
US12716,197,0,YES,2026-01,0,197,197,197,YES,
US12721,0,0,YES,2026-01,0,0,0,0,NO,Starting balance is 0 or negative
US12722,164,0,YES,2026-01,0,164,164,164,YES,
US12723,84,0,YES,2026-01,0,84,84,84,YES,
US12725,77,0,YES,2026-01,0,77,77,77,YES,
US12726,69,113,YES,2026-01,69,0,0,113,NO,First ledger beginning is not 0
US12727,34,0,YES,2026-01,0,34,34,34,YES,
US12728,234,0,YES,2026-01,0,234,234,234,YES,
US12729,1315,23,YES,2026-01,0,1315,1315,1338,YES,
US1273,390,406,YES,2026-01,406,-16,0,406,NO,First ledger beginning is not 0
US12730,324,0,YES,2026-01,0,324,324,324,YES,
US12732,22,0,YES,2026-01,0,22,22,22,YES,
US12733,26,0,YES,2026-01,0,26,26,26,YES,
US12734,0,0,YES,2026-01,0,0,0,0,NO,Starting balance is 0 or negative
US12735,0,23,YES,2026-01,0,0,0,23,NO,Starting balance is 0 or negative
US12736,21,0,YES,2026-01,0,21,21,21,YES,
US12737,0,0,YES,2026-01,0,0,0,0,NO,Starting balance is 0 or negative
US12738,0,0,YES,2026-01,0,0,0,0,NO,Starting balance is 0 or negative
US12739,157,0,YES,2026-01,0,157,157,157,YES,
US12741,0,548,YES,2026-01,548,-548,0,548,NO,Starting balance is 0 or negative
US12742,0,0,YES,2026-01,0,0,0,0,NO,Starting balance is 0 or negative
US12743,0,0,YES,2026-01,0,0,0,0,NO,Starting balance is 0 or negative
US12745,0,0,YES,2026-01,0,0,0,0,NO,Starting balance is 0 or negative
US12746,0,20,YES,2026-01,0,0,0,20,NO,Starting balance is 0 or negative
US12748,95,0,YES,2026-01,0,95,95,95,YES,
US12749,97,0,YES,2026-01,0,97,97,97,YES,
US1275,52,52,YES,2026-01,52,0,0,52,NO,First ledger beginning is not 0
US12750,0,0,YES,2026-01,0,0,0,0,NO,Starting balance is 0 or negative
US12751,0,0,YES,2026-01,0,0,0,0,NO,Starting balance is 0 or negative
US12753,0,0,YES,2026-01,0,0,0,0,NO,Starting balance is 0 or negative
US12754,0,0,YES,2026-01,0,0,0,0,NO,Starting balance is 0 or negative
US12755,0,0,YES,2026-01,0,0,0,0,NO,Starting balance is 0 or negative
US12756,0,28,YES,2026-01,0,0,0,28,NO,Starting balance is 0 or negative
US12757,0,0,YES,2026-01,0,0,0,0,NO,Starting balance is 0 or negative
US12758,34,0,YES,,0,34,34,34,YES,
US1276,632,632,YES,2026-01,632,0,0,632,NO,First ledger beginning is not 0
US12760,175,0,YES,2026-01,0,175,175,175,YES,
US12761,2671,0,YES,2026-01,0,2671,2671,2671,YES,
US12762,2,0,YES,,0,2,2,2,YES,
US12763,0,10,YES,2026-01,10,-10,0,10,NO,Starting balance is 0 or negative
US12764,0,21,YES,2026-01,21,-21,0,21,NO,Starting balance is 0 or negative
US12765,25,25,YES,2026-01,25,0,0,25,NO,First ledger beginning is not 0
US12766,10,10,YES,2026-01,10,0,0,10,NO,First ledger beginning is not 0
US12768,0,10,YES,2026-01,10,-10,0,10,NO,Starting balance is 0 or negative
US12769,0,0,YES,2026-01,0,0,0,0,NO,Starting balance is 0 or negative
US12770,11,33,YES,2026-01,11,0,0,33,NO,First ledger beginning is not 0
US12772,0,11,YES,2026-01,11,-11,0,11,NO,Starting balance is 0 or negative
US12773,11,11,YES,2026-01,11,0,0,11,NO,First ledger beginning is not 0
US12774,0,11,YES,2026-01,11,-11,0,11,NO,Starting balance is 0 or negative
US12775,39,39,YES,2026-01,39,0,0,39,NO,First ledger beginning is not 0
US12776,11,11,YES,2026-01,11,0,0,11,NO,First ledger beginning is not 0
US12777,0,283,YES,2026-01,283,-283,0,283,NO,Starting balance is 0 or negative
US12778,0,25,YES,2026-01,25,-25,0,25,NO,Starting balance is 0 or negative
US12779,12,12,YES,2026-01,12,0,0,12,NO,First ledger beginning is not 0
US12781,0,55,YES,2026-01,13,-13,0,55,NO,Starting balance is 0 or negative
US12782,0,119,YES,2026-01,0,0,0,119,NO,Starting balance is 0 or negative
US12784,0,17,YES,2026-01,17,-17,0,17,NO,Starting balance is 0 or negative
US12785,0,32,YES,2026-01,32,-32,0,32,NO,Starting balance is 0 or negative
US12786,0,618,YES,2026-01,618,-618,0,618,NO,Starting balance is 0 or negative
US12787,0,126,YES,2026-01,126,-126,0,126,NO,Starting balance is 0 or negative
US12788,27,27,YES,2026-01,27,0,0,27,NO,First ledger beginning is not 0
US12789,230,230,YES,2026-01,230,0,0,230,NO,First ledger beginning is not 0
US12790,349,349,YES,2026-01,349,0,0,349,NO,First ledger beginning is not 0
US12791,79,0,YES,2026-01,0,79,79,79,YES,
US12793,407,407,YES,2026-01,407,0,0,407,NO,First ledger beginning is not 0
US12794,0,265,YES,2026-01,265,-265,0,265,NO,Starting balance is 0 or negative
US12796,29,48,YES,2026-01,29,0,0,48,NO,First ledger beginning is not 0
US12797,7,7,YES,2026-01,7,0,0,7,NO,First ledger beginning is not 0
US12798,1,0,YES,2026-01,0,1,1,1,YES,
US12799,501,1052,YES,2026-01,501,0,0,1052,NO,First ledger beginning is not 0
US12800,0,0,YES,2026-01,0,0,0,0,NO,Starting balance is 0 or negative
US12801,78,78,YES,2026-01,78,0,0,78,NO,First ledger beginning is not 0
US12803,3,12,YES,2026-01,0,3,3,15,YES,
US12804,578,578,YES,2026-01,578,0,0,578,NO,First ledger beginning is not 0
US12805,68,68,YES,2026-01,68,0,0,68,NO,First ledger beginning is not 0
US12806,150,150,YES,2026-01,150,0,0,150,NO,First ledger beginning is not 0
US12807,0,37,YES,2026-02,0,0,0,37,NO,Starting balance is 0 or negative
US12808,0,0,YES,2026-01,0,0,0,0,NO,Starting balance is 0 or negative
US12809,39,39,YES,2026-01,39,0,0,39,NO,First ledger beginning is not 0
US12810,66,66,YES,2026-01,66,0,0,66,NO,First ledger beginning is not 0
US12811,567,583,YES,2026-01,567,0,0,583,NO,First ledger beginning is not 0
US12812,1,20,YES,2026-01,1,0,0,20,NO,First ledger beginning is not 0
US12813,45,0,YES,2026-01,0,45,45,45,YES,
US12814,184,0,YES,2026-01,0,184,184,184,YES,
US12815,58,100,YES,2026-01,0,58,58,158,YES,
US12816,37,0,YES,2026-01,0,37,37,37,YES,
US12817,15,15,YES,2026-01,15,0,0,15,NO,First ledger beginning is not 0
US12818,20,20,YES,2026-01,20,0,0,20,NO,First ledger beginning is not 0
US12819,149,0,YES,2026-01,0,149,149,149,YES,
US12820,515,0,YES,2026-01,0,515,515,515,YES,
US12821,230,0,YES,2026-01,0,230,230,230,YES,
US12822,88,88,YES,2026-01,88,0,0,88,NO,First ledger beginning is not 0
US12823,114,0,YES,2026-01,0,114,114,114,YES,
US12824,263,0,YES,2026-01,0,263,263,263,YES,
US12825,0,0,YES,2026-01,0,0,0,0,NO,Starting balance is 0 or negative
US12826,63,63,YES,2026-01,63,0,0,63,NO,First ledger beginning is not 0
US12827,35,35,YES,2026-01,35,0,0,35,NO,First ledger beginning is not 0
US12828,12,16,YES,2026-01,16,-4,0,16,NO,First ledger beginning is not 0
US12829,351,0,YES,2026-01,0,351,351,351,YES,
US12830,246,0,YES,2026-01,0,246,246,246,YES,
US12831,135,0,YES,2026-01,0,135,135,135,YES,
US12832,163,0,YES,2026-01,0,163,163,163,YES,
US12833,81,81,YES,2026-01,81,0,0,81,NO,First ledger beginning is not 0
US12834,240,15,YES,2026-01,0,240,240,255,YES,
US1284,238,238,YES,2026-01,238,0,0,238,NO,First ledger beginning is not 0
US12850,266,0,YES,2026-01,0,266,266,266,YES,
US12851,0,0,YES,2026-01,0,0,0,0,NO,Starting balance is 0 or negative
US12852,0,0,YES,2026-01,0,0,0,0,NO,Starting balance is 0 or negative
US12855,23,0,YES,2026-01,0,23,23,23,YES,
US12857,180,0,YES,2026-01,0,180,180,180,YES,
US12858,385,0,YES,2026-01,0,385,385,385,YES,
US1286,1038,1038,YES,2026-01,1038,0,0,1038,NO,First ledger beginning is not 0
US12867,1288,35,YES,2026-02,35,1253,0,35,NO,First ledger beginning is not 0
US12868,690,0,YES,2026-02,0,690,690,690,YES,
US12869,294,0,YES,2026-02,0,294,294,294,YES,
US1287,668,686,YES,2026-01,668,0,0,686,NO,First ledger beginning is not 0
US12870,329,0,YES,2026-02,0,329,329,329,YES,
US12871,20,140,YES,2026-02,39,-19,0,140,NO,First ledger beginning is not 0
US12872,1512,26,YES,2026-02,0,1512,1512,1538,YES,
US12881,227,0,YES,,0,227,227,227,YES,
US12882,0,17,YES,2026-01,0,0,0,17,NO,Starting balance is 0 or negative
US12883,137,0,YES,,0,137,137,137,YES,
US12884,598,18,YES,2026-01,0,598,598,616,YES,
US12885,703,43,YES,2026-01,0,703,703,746,YES,
US12886,3446,119,YES,2026-01,0,3446,3446,3565,YES,
US12889,10,0,YES,2026-01,0,10,10,10,YES,
US12890,224,0,YES,2026-01,0,224,224,224,YES,
US12891,164,0,YES,2026-01,0,164,164,164,YES,
US12892,106,0,YES,2026-01,0,106,106,106,YES,
US12895,0,0,YES,2026-01,0,0,0,0,NO,Starting balance is 0 or negative
US12897,0,0,YES,2026-01,0,0,0,0,NO,Starting balance is 0 or negative
US12899,12,0,YES,2026-01,0,12,12,12,YES,
US12900,0,0,YES,2026-01,0,0,0,0,NO,Starting balance is 0 or negative
US12901,0,0,YES,2026-01,0,0,0,0,NO,Starting balance is 0 or negative
US12902,95,0,YES,2026-01,0,95,95,95,YES,
US12903,0,0,YES,2026-01,0,0,0,0,NO,Starting balance is 0 or negative
US12904,18,18,NO,,0,18,18,36,YES,
US12905,0,0,YES,2026-01,0,0,0,0,NO,Starting balance is 0 or negative
US12906,0,0,YES,2026-01,0,0,0,0,NO,Starting balance is 0 or negative
US12907,0,0,YES,2026-01,0,0,0,0,NO,Starting balance is 0 or negative
US12909,0,20,YES,2026-01,0,0,0,20,NO,Starting balance is 0 or negative
US1291,747,747,YES,2026-01,747,0,0,747,NO,First ledger beginning is not 0
US12910,0,0,YES,2026-01,0,0,0,0,NO,Starting balance is 0 or negative
US12911,161,0,YES,2026-01,0,161,161,161,YES,
US12912,0,0,YES,2026-01,0,0,0,0,NO,Starting balance is 0 or negative
US12913,187,0,YES,2026-01,0,187,187,187,YES,
US12914,0,0,YES,2026-01,0,0,0,0,NO,Starting balance is 0 or negative
US12915,0,0,YES,2026-01,0,0,0,0,NO,Starting balance is 0 or negative
US12916,0,25,YES,2026-01,0,0,0,25,NO,Starting balance is 0 or negative
US12917,1283,0,YES,2026-01,0,1283,1283,1283,YES,
US12920,304,0,YES,2026-01,0,304,304,304,YES,
US12921,1683,0,YES,2026-01,0,1683,1683,1683,YES,
US12922,522,0,YES,2026-01,0,522,522,522,YES,
US12925,550,0,YES,2026-01,0,550,550,550,YES,
US12926,73,0,YES,2026-01,0,73,73,73,YES,
US12927,0,0,YES,2026-01,0,0,0,0,NO,Starting balance is 0 or negative
US12928,62,0,YES,,0,62,62,62,YES,
US1293,375,375,YES,2026-01,375,0,0,375,NO,First ledger beginning is not 0
US12930,92,0,YES,2026-01,0,92,92,92,YES,
US12931,115,0,YES,2026-01,0,115,115,115,YES,
US12933,0,0,YES,2026-01,0,0,0,0,NO,Starting balance is 0 or negative
US12934,505,113,YES,2026-01,0,505,505,618,YES,
US12935,13,16,YES,2026-01,0,13,13,29,YES,
US12936,264,0,YES,2026-01,0,264,264,264,YES,
US12937,73,0,YES,2026-01,0,73,73,73,YES,
US12938,127,0,YES,2026-01,0,127,127,127,YES,
US12939,1,120,YES,2026-01,0,1,1,121,YES,
US12940,1627,34,YES,2026-01,0,1627,1627,1661,YES,
US12941,279,0,YES,2026-01,0,279,279,279,YES,
US12942,296,16,YES,2026-01,0,296,296,312,YES,
US12943,0,244,YES,2026-01,0,0,0,244,NO,Starting balance is 0 or negative
US12944,317,0,YES,2026-01,0,317,317,317,YES,
US12945,205,0,YES,2026-01,0,205,205,205,YES,
US12946,517,22,YES,2026-01,0,517,517,539,YES,
US12948,5424,1514,YES,2026-01,0,5424,5424,6938,YES,
US12949,186,0,YES,2026-01,0,186,186,186,YES,
US1295,303,0,YES,2026-01,0,303,303,303,YES,
US12950,0,9,YES,2026-01,0,0,0,9,NO,Starting balance is 0 or negative
US12951,0,25,YES,2026-01,0,0,0,25,NO,Starting balance is 0 or negative
US12952,27,30,YES,2026-01,0,27,27,57,YES,
US12953,66,0,YES,2026-01,0,66,66,66,YES,
US12954,0,40,YES,2026-01,0,0,0,40,NO,Starting balance is 0 or negative
US12955,1445,1573,YES,2026-01,1538,-93,0,1573,NO,First ledger beginning is not 0
US12956,268,89,YES,2026-01,0,268,268,357,YES,
US12957,403,28,YES,2026-01,0,403,403,431,YES,
US12958,0,22,YES,2026-01,0,0,0,22,NO,Starting balance is 0 or negative
US12959,0,99,YES,2026-01,0,0,0,99,NO,Starting balance is 0 or negative
US12961,415,21,YES,2026-01,0,415,415,436,YES,
US12962,299,0,YES,2026-01,0,299,299,299,YES,
US12963,7,22,YES,2026-01,0,7,7,29,YES,
US12964,0,0,YES,2026-01,0,0,0,0,NO,Starting balance is 0 or negative
US12965,0,0,YES,2026-01,0,0,0,0,NO,Starting balance is 0 or negative
US12966,0,0,YES,2026-01,0,0,0,0,NO,Starting balance is 0 or negative
US12967,6,27,YES,2026-01,0,6,6,33,YES,
US12968,0,0,YES,2026-01,0,0,0,0,NO,Starting balance is 0 or negative
US12969,0,0,YES,2026-01,0,0,0,0,NO,Starting balance is 0 or negative
US12970,39,0,YES,2026-01,0,39,39,39,YES,
US12971,15,0,YES,2026-01,0,15,15,15,YES,
US12972,855,0,YES,2026-01,0,855,855,855,YES,
US12973,171,0,YES,2026-01,0,171,171,171,YES,
US12976,74,16,YES,2026-01,0,74,74,90,YES,
US12977,136,297,YES,2026-01,0,136,136,433,YES,
US12978,0,0,YES,2026-01,0,0,0,0,NO,Starting balance is 0 or negative
US12979,29,0,YES,2026-01,0,29,29,29,YES,
US1298,40,40,YES,2026-01,40,0,0,40,NO,First ledger beginning is not 0
US12980,593,328,YES,2026-01,0,593,593,921,YES,
US12982,146,0,YES,2026-01,0,146,146,146,YES,
US12983,118,26,YES,2026-01,0,118,118,144,YES,
US12984,604,0,YES,2026-01,0,604,604,604,YES,
US12985,0,0,YES,2026-01,0,0,0,0,NO,Starting balance is 0 or negative
US12986,30,15,YES,2026-01,0,30,30,45,YES,
US12987,0,3,YES,2026-01,0,0,0,3,NO,Starting balance is 0 or negative
US12988,42,0,YES,2026-01,0,42,42,42,YES,
US12989,62,22,YES,2026-01,0,62,62,84,YES,
US1299,166,166,YES,2026-01,166,0,0,166,NO,First ledger beginning is not 0
US12992,48,0,YES,2026-01,0,48,48,48,YES,
US12993,143,0,YES,2026-01,0,143,143,143,YES,
US12994,0,32,YES,2026-01,0,0,0,32,NO,Starting balance is 0 or negative
US12995,149,0,YES,2026-01,0,149,149,149,YES,
US12996,24,18,YES,2026-01,0,24,24,42,YES,
US12998,0,16,YES,2026-01,0,0,0,16,NO,Starting balance is 0 or negative
US1300,265,265,YES,2026-01,265,0,0,265,NO,First ledger beginning is not 0
US13001,1319,37,YES,2026-01,0,1319,1319,1356,YES,
US13002,120,0,YES,2026-01,0,120,120,120,YES,
US13003,0,0,YES,2026-01,0,0,0,0,NO,Starting balance is 0 or negative
US13004,248,0,YES,2026-01,0,248,248,248,YES,
US13005,155,0,YES,2026-01,0,155,155,155,YES,
US13006,159,0,YES,2026-01,0,159,159,159,YES,
US13007,83,0,YES,2026-01,0,83,83,83,YES,
US13008,18,0,YES,2026-01,0,18,18,18,YES,
US1301,1202,1202,YES,2026-01,1202,0,0,1202,NO,First ledger beginning is not 0
US13010,301,0,YES,2026-01,0,301,301,301,YES,
US13011,466,89,YES,2026-01,0,466,466,555,YES,
US13012,166,0,YES,2026-01,0,166,166,166,YES,
US13013,0,0,YES,2026-01,0,0,0,0,NO,Starting balance is 0 or negative
US13014,198,0,YES,2026-01,0,198,198,198,YES,
US13015,0,89,YES,2026-01,0,0,0,89,NO,Starting balance is 0 or negative
US13016,4,32,YES,2026-01,0,4,4,36,YES,
US13017,93,0,YES,2026-01,0,93,93,93,YES,
US13018,203,0,YES,2026-01,0,203,203,203,YES,
US13019,74,0,YES,2026-01,0,74,74,74,YES,
US13020,15,19,YES,2026-01,0,15,15,34,YES,
US13021,95,0,YES,2026-01,0,95,95,95,YES,
US13022,252,358,YES,2026-01,329,-77,0,358,NO,First ledger beginning is not 0
US13023,189,0,YES,2026-01,0,189,189,189,YES,
US13024,0,0,YES,2026-01,0,0,0,0,NO,Starting balance is 0 or negative
US13025,51,0,YES,2026-01,0,51,51,51,YES,
US13026,14,0,YES,2026-01,0,14,14,14,YES,
US13027,355,0,YES,2026-01,0,355,355,355,YES,
US13028,3,0,YES,2026-01,0,3,3,3,YES,
US13029,1,238,YES,2026-01,0,1,1,239,YES,
US1303,81,81,YES,2026-01,81,0,0,81,NO,First ledger beginning is not 0
US13030,486,43,YES,2026-01,0,486,486,529,YES,
US13031,103,297,YES,2026-01,0,103,103,400,YES,
US13032,0,0,YES,2026-01,0,0,0,0,NO,Starting balance is 0 or negative
US13033,0,338,YES,2026-01,0,0,0,338,NO,Starting balance is 0 or negative
US13034,8,28,YES,2026-01,0,8,8,36,YES,
US13035,10,0,YES,2026-01,0,10,10,10,YES,
US13037,0,0,YES,2026-01,0,0,0,0,NO,Starting balance is 0 or negative
US13039,29,0,YES,2026-01,0,29,29,29,YES,
US1304,60,60,YES,2026-01,60,0,0,60,NO,First ledger beginning is not 0
US13040,0,28,YES,2026-01,0,0,0,28,NO,Starting balance is 0 or negative
US13041,0,0,YES,2026-01,0,0,0,0,NO,Starting balance is 0 or negative
US13042,38,0,YES,2026-01,0,38,38,38,YES,
US13043,104,22,YES,2026-01,0,104,104,126,YES,
US13044,49,0,YES,2026-01,0,49,49,49,YES,
US13045,107,0,YES,2026-01,0,107,107,107,YES,
US13046,4,0,YES,2026-01,0,4,4,4,YES,
US13047,49,0,YES,2026-01,0,49,49,49,YES,
US13048,648,17,YES,2026-01,0,648,648,665,YES,
US13049,90,0,YES,2026-01,0,90,90,90,YES,
US1305,20,20,YES,2026-01,20,0,0,20,NO,First ledger beginning is not 0
US13050,17288,37,YES,2026-01,0,17288,17288,17325,YES,
US13051,0,0,YES,2026-01,0,0,0,0,NO,Starting balance is 0 or negative
US13052,280,49,YES,2026-01,316,-36,0,49,NO,First ledger beginning is not 0
US13053,168,0,YES,2026-01,0,168,168,168,YES,
US13054,0,31,YES,2026-01,0,0,0,31,NO,Starting balance is 0 or negative
US13055,1511,0,YES,2026-01,0,1511,1511,1511,YES,
US13056,83,0,YES,2026-01,0,83,83,83,YES,
US13057,24,41,YES,2026-01,41,-17,0,41,NO,First ledger beginning is not 0
US13058,167,0,YES,2026-01,0,167,167,167,YES,
US13059,43,0,YES,2026-01,0,43,43,43,YES,
US13060,14,0,YES,2026-01,0,14,14,14,YES,
US13061,0,0,YES,2026-01,0,0,0,0,NO,Starting balance is 0 or negative
US13062,264,0,YES,2026-01,0,264,264,264,YES,
US13063,123,0,YES,2026-01,0,123,123,123,YES,
US13064,0,0,YES,2026-01,0,0,0,0,NO,Starting balance is 0 or negative
US13065,107,0,YES,2026-01,0,107,107,107,YES,
US13066,68,0,YES,2026-01,0,68,68,68,YES,
US13067,21,23,YES,2026-01,0,21,21,44,YES,
US13068,158,0,YES,2026-01,0,158,158,158,YES,
US13069,0,0,YES,2026-01,0,0,0,0,NO,Starting balance is 0 or negative
US1307,318,318,YES,2026-01,318,0,0,318,NO,First ledger beginning is not 0
US13070,262,0,YES,2026-01,0,262,262,262,YES,
US13071,231,0,YES,2026-01,0,231,231,231,YES,
US13072,15,0,YES,2026-01,0,15,15,15,YES,
US13073,0,0,YES,2026-01,0,0,0,0,NO,Starting balance is 0 or negative
US13075,0,25,YES,2026-01,0,0,0,25,NO,Starting balance is 0 or negative
US13076,0,0,YES,2026-01,0,0,0,0,NO,Starting balance is 0 or negative
US13077,314,0,YES,2026-01,0,314,314,314,YES,
US13078,132,0,YES,2026-01,0,132,132,132,YES,
US13079,21,0,YES,2026-01,0,21,21,21,YES,
US1308,307,307,YES,2026-01,307,0,0,307,NO,First ledger beginning is not 0
US13080,0,0,YES,2026-01,0,0,0,0,NO,Starting balance is 0 or negative
US13081,102,0,YES,2026-01,0,102,102,102,YES,
US13082,109,0,YES,2026-01,0,109,109,109,YES,
US13083,13,0,YES,2026-01,0,13,13,13,YES,
US13084,0,0,YES,2026-01,0,0,0,0,NO,Starting balance is 0 or negative
US13085,30,0,YES,2026-01,0,30,30,30,YES,
US13086,41,29,YES,2026-01,0,41,41,70,YES,
US13087,197,0,YES,2026-01,0,197,197,197,YES,
US13088,347,347,YES,2026-01,347,0,0,347,NO,First ledger beginning is not 0
US13089,288,0,YES,2026-01,0,288,288,288,YES,
US13090,163,17,YES,2026-01,0,163,163,180,YES,
US13092,0,0,YES,2026-01,0,0,0,0,NO,Starting balance is 0 or negative
US13093,146,0,YES,2026-01,0,146,146,146,YES,
US13094,0,0,YES,2026-01,0,0,0,0,NO,Starting balance is 0 or negative
US13095,0,229,YES,2026-01,0,0,0,229,NO,Starting balance is 0 or negative
US13096,67,0,YES,2026-01,0,67,67,67,YES,
US13097,66,0,YES,2026-01,0,66,66,66,YES,
US13098,78,0,YES,2026-01,0,78,78,78,YES,
US13099,210,0,YES,2026-01,0,210,210,210,YES,
US13100,17,0,YES,2026-01,0,17,17,17,YES,
US13102,85,58,YES,2026-01,0,85,85,143,YES,
US13103,558,20,YES,2026-01,0,558,558,578,YES,
US13104,0,0,YES,2026-01,0,0,0,0,NO,Starting balance is 0 or negative
US13106,42,0,YES,2026-01,0,42,42,42,YES,
US13109,126,0,YES,2026-01,0,126,126,126,YES,
US13110,148,0,YES,2026-01,0,148,148,148,YES,
US13111,306,27,YES,2026-01,0,306,306,333,YES,
US13112,263,0,YES,2026-01,0,263,263,263,YES,
US13114,355,245,YES,2026-01,0,355,355,600,YES,
US13115,106,0,YES,2026-01,0,106,106,106,YES,
US13117,91,0,YES,2026-01,0,91,91,91,YES,
US13118,31,0,YES,2026-01,0,31,31,31,YES,
US13119,72,0,YES,2026-01,0,72,72,72,YES,
US1312,154,154,YES,2026-01,154,0,0,154,NO,First ledger beginning is not 0
US13120,316,0,YES,2026-01,0,316,316,316,YES,
US13121,135,0,YES,2026-01,0,135,135,135,YES,
US13123,48,0,YES,2026-01,0,48,48,48,YES,
US13126,30,18,YES,2026-01,0,30,30,48,YES,
US13127,113,0,YES,2026-01,0,113,113,113,YES,
US13128,358,24,YES,2026-01,0,358,358,382,YES,
US13129,28,0,YES,2026-01,0,28,28,28,YES,
US13130,19,,NO,,,,0,,NO,Missing SR customer record
US13131,342,436,YES,2026-01,410,-68,0,436,NO,First ledger beginning is not 0
US13132,2814,0,YES,2026-01,0,2814,2814,2814,YES,
US13133,123,0,YES,2026-01,0,123,123,123,YES,
US13134,36,34,YES,2026-01,0,36,36,70,YES,
US13135,293,41,YES,2026-01,0,293,293,334,YES,
US13136,0,0,YES,2026-01,0,0,0,0,NO,Starting balance is 0 or negative
US13137,78,0,YES,2026-01,0,78,78,78,YES,
US13138,30,0,YES,2026-01,0,30,30,30,YES,
US13139,347,0,YES,2026-01,0,347,347,347,YES,
US13140,27,0,YES,2026-01,0,27,27,27,YES,
US13141,0,4,YES,2026-01,0,0,0,4,NO,Starting balance is 0 or negative
US13144,130,,NO,,,,0,,NO,Missing SR customer record
US13145,514,0,YES,2026-01,0,514,514,514,YES,
US13147,0,0,YES,2026-01,0,0,0,0,NO,Starting balance is 0 or negative
US13148,22,0,YES,2026-01,0,22,22,22,YES,
US13149,18,0,YES,2026-01,0,18,18,18,YES,
US13150,101,0,YES,2026-01,0,101,101,101,YES,
US13151,75,0,YES,2026-01,0,75,75,75,YES,
US13152,0,15,YES,2026-01,15,-15,0,15,NO,Starting balance is 0 or negative
US13153,13,42,YES,2026-01,0,13,13,55,YES,
US13154,190,0,YES,2026-01,0,190,190,190,YES,
US13155,190,0,YES,2026-01,0,190,190,190,YES,
US13156,137,25,YES,2026-01,0,137,137,162,YES,
US13158,131,0,YES,2026-01,0,131,131,131,YES,
US1316,173,173,YES,2026-01,173,0,0,173,NO,First ledger beginning is not 0
US13160,47,27,YES,2026-01,0,47,47,74,YES,
US13161,489,0,YES,2026-01,0,489,489,489,YES,
US13162,5,0,YES,2026-01,0,5,5,5,YES,
US13164,478,17,YES,2026-01,0,478,478,495,YES,
US13165,176,0,YES,2026-01,0,176,176,176,YES,
US13166,76,0,YES,2026-01,0,76,76,76,YES,
US13167,100,100,YES,2026-01,100,0,0,100,NO,First ledger beginning is not 0
US13168,302,0,YES,2026-01,0,302,302,302,YES,
US13169,25,0,YES,2026-01,0,25,25,25,YES,
US13170,178,0,YES,2026-01,0,178,178,178,YES,
US13171,20,0,YES,2026-01,0,20,20,20,YES,
US13172,287,19,YES,2026-01,0,287,287,306,YES,
US13173,230,28,YES,2026-01,0,230,230,258,YES,
US13174,3289,105,YES,2026-01,0,3289,3289,3394,YES,
US13175,281,0,YES,2026-01,0,281,281,281,YES,
US13176,754,0,YES,2026-01,0,754,754,754,YES,
US13177,319,0,YES,2026-01,0,319,319,319,YES,
US13178,120,0,YES,2026-01,0,120,120,120,YES,
US13179,0,0,YES,2026-01,0,0,0,0,NO,Starting balance is 0 or negative
US1318,832,832,YES,2026-01,832,0,0,832,NO,First ledger beginning is not 0
US13180,22,0,YES,2026-01,0,22,22,22,YES,
US13181,225,51,YES,2026-01,32,193,0,51,NO,First ledger beginning is not 0
US13182,114,0,YES,2026-01,0,114,114,114,YES,
US13183,1876,95,YES,2026-01,0,1876,1876,1971,YES,
US13184,8,0,YES,2026-01,0,8,8,8,YES,
US13185,2055,12,YES,2026-01,0,2055,2055,2067,YES,
US13186,235,0,YES,2026-01,0,235,235,235,YES,
US13188,0,30,YES,2026-01,0,0,0,30,NO,Starting balance is 0 or negative
US13191,64,0,YES,2026-01,0,64,64,64,YES,
US13192,48,21,YES,2026-01,0,48,48,69,YES,
US13193,0,0,YES,2026-01,0,0,0,0,NO,Starting balance is 0 or negative
US13194,12,0,YES,2026-01,0,12,12,12,YES,
US13195,96,16,YES,2026-01,0,96,96,112,YES,
US13196,119,0,YES,2026-01,0,119,119,119,YES,
US13197,0,28,YES,2026-01,0,0,0,28,NO,Starting balance is 0 or negative
US13198,0,88,YES,2026-01,0,0,0,88,NO,Starting balance is 0 or negative
US13199,25,0,YES,2026-01,0,25,25,25,YES,
US1320,79,79,YES,2026-01,79,0,0,79,NO,First ledger beginning is not 0
US13200,35,0,YES,2026-01,0,35,35,35,YES,
US13201,42,0,YES,2026-01,0,42,42,42,YES,
US13202,137,0,YES,2026-01,0,137,137,137,YES,
US13204,0,0,YES,2026-01,0,0,0,0,NO,Starting balance is 0 or negative
US13206,197,0,YES,2026-01,0,197,197,197,YES,
US13207,111,0,YES,2026-01,0,111,111,111,YES,
US13208,0,0,YES,2026-01,0,0,0,0,NO,Starting balance is 0 or negative
US13209,1142,26,YES,2026-01,0,1142,1142,1168,YES,
US1321,1485,1485,YES,2026-01,1485,0,0,1485,NO,First ledger beginning is not 0
US13210,367,0,YES,2026-01,0,367,367,367,YES,
US13211,52,0,YES,2026-01,0,52,52,52,YES,
US13212,144,20,YES,2026-01,0,144,144,164,YES,
US13213,60,0,YES,2026-01,0,60,60,60,YES,
US13214,106,0,YES,2026-01,0,106,106,106,YES,
US13215,1327,125,YES,2026-01,0,1327,1327,1452,YES,
US13216,0,0,YES,2026-01,0,0,0,0,NO,Starting balance is 0 or negative
US13217,15,223,YES,2026-01,0,15,15,238,YES,
US13218,0,0,YES,2026-01,0,0,0,0,NO,Starting balance is 0 or negative
US13219,0,0,YES,2026-01,0,0,0,0,NO,Starting balance is 0 or negative
US1322,675,675,YES,2026-01,675,0,0,675,NO,First ledger beginning is not 0
US13220,176,0,YES,2026-01,0,176,176,176,YES,
US13221,0,0,YES,2026-01,0,0,0,0,NO,Starting balance is 0 or negative
US13222,35,0,YES,2026-01,0,35,35,35,YES,
US13224,118,2,YES,2026-01,2,116,0,2,NO,First ledger beginning is not 0
US13225,10,0,YES,2026-01,0,10,10,10,YES,
US13226,169,34,YES,2026-01,0,169,169,203,YES,
US13227,21,0,YES,2026-01,0,21,21,21,YES,
US13229,16,0,YES,2026-01,0,16,16,16,YES,
US1323,2626,2626,YES,2026-01,2626,0,0,2626,NO,First ledger beginning is not 0
US13230,539,20,YES,2026-01,0,539,539,559,YES,
US13231,521,27,YES,2026-01,0,521,521,548,YES,
US13232,467,483,YES,2026-01,483,-16,0,483,NO,First ledger beginning is not 0
US13234,508,0,YES,2026-01,0,508,508,508,YES,
US13235,228,0,YES,2026-01,0,228,228,228,YES,
US13236,0,0,YES,2026-01,0,0,0,0,NO,Starting balance is 0 or negative
US13237,7,0,YES,2026-01,0,7,7,7,YES,
US13238,0,0,YES,2026-01,0,0,0,0,NO,Starting balance is 0 or negative
US13239,0,0,YES,2026-01,0,0,0,0,NO,Starting balance is 0 or negative
US1324,3534,3534,YES,2026-01,3534,0,0,3534,NO,First ledger beginning is not 0
US13240,165,0,YES,2026-01,0,165,165,165,YES,
US13241,62,0,YES,2026-01,0,62,62,62,YES,
US13243,23,0,YES,2026-01,0,23,23,23,YES,
US13244,232,0,YES,2026-01,0,232,232,232,YES,
US13246,243,22,YES,2026-01,0,243,243,265,YES,
US13247,94,0,YES,2026-01,0,94,94,94,YES,
US13248,157,0,YES,2026-01,0,157,157,157,YES,
US13249,0,0,YES,2026-01,0,0,0,0,NO,Starting balance is 0 or negative
US13250,36,139,YES,2026-01,0,36,36,175,YES,
US13251,124,0,YES,2026-01,0,124,124,124,YES,
US13252,259,0,YES,2026-01,0,259,259,259,YES,
US13254,10,0,YES,2026-01,0,10,10,10,YES,
US13255,12,0,YES,2026-01,0,12,12,12,YES,
US13256,0,0,YES,2026-01,0,0,0,0,NO,Starting balance is 0 or negative
US13257,567,40,YES,2026-01,0,567,567,607,YES,
US13258,11,0,YES,2026-01,0,11,11,11,YES,
US13259,19,0,YES,2026-01,0,19,19,19,YES,
US13260,128,0,YES,2026-01,0,128,128,128,YES,
US13261,53,0,YES,2026-01,0,53,53,53,YES,
US13262,28,0,YES,2026-01,0,28,28,28,YES,
US13263,981,0,YES,2026-01,0,981,981,981,YES,
US13264,156,38,YES,2026-01,0,156,156,194,YES,
US13266,69,0,YES,2026-01,0,69,69,69,YES,
US13267,31,0,YES,2026-01,0,31,31,31,YES,
US13268,0,0,YES,2026-01,0,0,0,0,NO,Starting balance is 0 or negative
US13269,34,0,YES,2026-01,0,34,34,34,YES,
US1327,3916,98,YES,2026-01,0,3916,3916,4014,YES,
US13270,186,0,YES,2026-01,0,186,186,186,YES,
US13273,82,0,YES,2026-01,0,82,82,82,YES,
US13275,0,0,YES,2026-01,0,0,0,0,NO,Starting balance is 0 or negative
US13276,117,117,YES,2026-01,117,0,0,117,NO,First ledger beginning is not 0
US13277,339,0,YES,2026-01,0,339,339,339,YES,
US13278,346,0,YES,2026-01,0,346,346,346,YES,
US13279,363,0,YES,2026-01,0,363,363,363,YES,
US1328,1716,32,YES,2026-01,32,1684,0,32,NO,First ledger beginning is not 0
US13280,147,0,YES,2026-01,0,147,147,147,YES,
US13281,35,0,YES,2026-01,0,35,35,35,YES,
US13283,12,0,YES,2026-01,0,12,12,12,YES,
US13284,0,270,YES,2026-01,0,0,0,270,NO,Starting balance is 0 or negative
US13285,238,33,YES,2026-01,0,238,238,271,YES,
US13286,48,41,YES,2026-01,0,48,48,89,YES,
US13287,65,0,YES,2026-01,0,65,65,65,YES,
US13288,6,0,YES,2026-01,0,6,6,6,YES,
US13289,413,0,YES,2026-01,0,413,413,413,YES,
US13290,202,0,YES,2026-01,0,202,202,202,YES,
US13293,11,0,YES,2026-01,0,11,11,11,YES,
US13294,262,0,YES,2026-01,0,262,262,262,YES,
US13295,132,128,YES,2026-01,0,132,132,260,YES,
US13296,279,132,YES,2026-01,0,279,279,411,YES,
US13298,514,30,YES,2026-01,0,514,514,544,YES,
US13299,17,0,YES,2026-01,0,17,17,17,YES,
US13301,21,0,YES,2026-01,0,21,21,21,YES,
US13303,137,0,YES,2026-01,0,137,137,137,YES,
US13306,449,0,YES,2026-01,0,449,449,449,YES,
US13307,14,0,YES,2026-01,0,14,14,14,YES,
US13308,221,27,YES,2026-01,0,221,221,248,YES,
US13309,87,0,YES,2026-01,0,87,87,87,YES,
US13312,0,0,YES,2026-01,0,0,0,0,NO,Starting balance is 0 or negative
US13313,196,0,YES,2026-01,0,196,196,196,YES,
US13314,0,0,YES,2026-01,0,0,0,0,NO,Starting balance is 0 or negative
US13315,0,0,YES,2026-01,0,0,0,0,NO,Starting balance is 0 or negative
US13317,0,0,YES,2026-01,0,0,0,0,NO,Starting balance is 0 or negative
US13318,22,0,YES,2026-01,0,22,22,22,YES,
US13319,263,0,YES,2026-01,0,263,263,263,YES,
US1332,227,227,YES,2026-01,227,0,0,227,NO,First ledger beginning is not 0
US13320,601,0,YES,2026-01,0,601,601,601,YES,
US13321,16,0,YES,2026-01,0,16,16,16,YES,
US13322,10,0,YES,2026-01,0,10,10,10,YES,
US13323,79,0,YES,2026-01,0,79,79,79,YES,
US13326,38,0,YES,2026-01,0,38,38,38,YES,
US13327,77,0,YES,2026-01,0,77,77,77,YES,
US13329,0,0,YES,2026-01,0,0,0,0,NO,Starting balance is 0 or negative
US13330,23,0,YES,2026-01,0,23,23,23,YES,
US13331,95,0,YES,2026-01,0,95,95,95,YES,
US13332,122,0,YES,2026-01,0,122,122,122,YES,
US13333,0,0,YES,2026-01,0,0,0,0,NO,Starting balance is 0 or negative
US13334,0,0,YES,2026-01,0,0,0,0,NO,Starting balance is 0 or negative
US13335,216,0,YES,2026-01,0,216,216,216,YES,
US13336,52,0,YES,2026-01,0,52,52,52,YES,
US13337,0,0,YES,2026-01,0,0,0,0,NO,Starting balance is 0 or negative
US13338,487,0,YES,2026-01,0,487,487,487,YES,
US1334,159,159,YES,2026-01,159,0,0,159,NO,First ledger beginning is not 0
US13340,480,0,YES,2026-01,0,480,480,480,YES,
US13341,504,0,YES,2026-01,0,504,504,504,YES,
US13342,10,0,YES,2026-01,0,10,10,10,YES,
US13344,117,15,YES,2026-01,0,117,117,132,YES,
US13345,12,0,YES,2026-01,0,12,12,12,YES,
US13346,463,0,YES,2026-01,0,463,463,463,YES,
US13347,41,0,YES,2026-01,0,41,41,41,YES,
US13349,49,0,YES,2026-01,0,49,49,49,YES,
US1335,18,18,YES,2026-01,18,0,0,18,NO,First ledger beginning is not 0
US13350,26,0,YES,2026-01,0,26,26,26,YES,
US13351,0,0,YES,2026-01,0,0,0,0,NO,Starting balance is 0 or negative
US13352,73,0,YES,2026-01,0,73,73,73,YES,
US13353,99,0,YES,2026-01,0,99,99,99,YES,
US13354,94,0,YES,2026-01,0,94,94,94,YES,
US13355,170,170,NO,,0,170,170,340,YES,
US13358,108,15,YES,2026-01,0,108,108,123,YES,
US13359,27,0,YES,2026-01,0,27,27,27,YES,
US1336,215,215,YES,2026-01,215,0,0,215,NO,First ledger beginning is not 0
US13360,28,23,YES,2026-01,0,28,28,51,YES,
US13361,543,0,YES,2026-01,0,543,543,543,YES,
US13362,103,0,YES,2026-01,0,103,103,103,YES,
US13363,107,0,YES,2026-01,0,107,107,107,YES,
US13365,59,27,YES,2026-01,0,59,59,86,YES,
US13366,74,31,YES,2026-01,0,74,74,105,YES,
US13367,0,0,YES,2026-01,0,0,0,0,NO,Starting balance is 0 or negative
US13368,73,0,YES,2026-01,0,73,73,73,YES,
US13369,355,0,YES,2026-01,0,355,355,355,YES,
US13370,68,0,YES,2026-01,0,68,68,68,YES,
US13371,352,0,YES,2026-01,0,352,352,352,YES,
US13372,71,0,YES,2026-01,0,71,71,71,YES,
US13373,0,0,YES,2026-01,0,0,0,0,NO,Starting balance is 0 or negative
US13375,207,15,YES,2026-01,0,207,207,222,YES,
US13376,0,18,YES,2026-01,0,0,0,18,NO,Starting balance is 0 or negative
US13377,417,36,YES,2026-01,0,417,417,453,YES,
US13378,881,0,YES,2026-01,0,881,881,881,YES,
US13379,464,352,YES,2026-01,343,121,0,352,NO,First ledger beginning is not 0
US1338,203,203,YES,2026-01,203,0,0,203,NO,First ledger beginning is not 0
US13380,0,0,YES,2026-01,0,0,0,0,NO,Starting balance is 0 or negative
US13381,202,0,YES,2026-01,0,202,202,202,YES,
US13382,35,20,YES,2026-01,0,35,35,55,YES,
US13383,357,15,YES,2026-01,0,357,357,372,YES,
US13386,66,0,YES,2026-01,0,66,66,66,YES,
US13387,8,8,YES,2026-01,8,0,0,8,NO,First ledger beginning is not 0
US13388,179,0,YES,2026-01,0,179,179,179,YES,
US13389,174,21,YES,2026-01,0,174,174,195,YES,
US13390,509,0,YES,2026-01,0,509,509,509,YES,
US13391,0,0,YES,2026-01,0,0,0,0,NO,Starting balance is 0 or negative
US13393,72,0,YES,2026-01,0,72,72,72,YES,
US13394,789,0,YES,2026-01,0,789,789,789,YES,
US13398,0,0,YES,2026-01,0,0,0,0,NO,Starting balance is 0 or negative
US13399,93,0,YES,2026-01,0,93,93,93,YES,
US13400,48,0,YES,2026-01,0,48,48,48,YES,
US13402,76,0,YES,2026-01,0,76,76,76,YES,
US13404,33,0,YES,2026-01,0,33,33,33,YES,
US13405,0,22,YES,2026-01,0,0,0,22,NO,Starting balance is 0 or negative
US13406,113,32,YES,2026-01,0,113,113,145,YES,
US13407,147,0,YES,2026-01,0,147,147,147,YES,
US13409,59,0,YES,2026-01,0,59,59,59,YES,
US1341,588,588,YES,2026-01,588,0,0,588,NO,First ledger beginning is not 0
US13412,243,0,YES,2026-01,0,243,243,243,YES,
US13413,138,0,YES,2026-01,0,138,138,138,YES,
US13414,16,0,YES,2026-01,0,16,16,16,YES,
US13415,52,0,YES,2026-01,0,52,52,52,YES,
US13416,106,0,YES,2026-01,0,106,106,106,YES,
US13417,0,0,YES,2026-01,0,0,0,0,NO,Starting balance is 0 or negative
US13418,0,0,YES,2026-01,0,0,0,0,NO,Starting balance is 0 or negative
US13420,340,0,YES,2026-01,0,340,340,340,YES,
US13421,155,0,YES,2026-01,0,155,155,155,YES,
US13423,590,0,YES,2026-01,0,590,590,590,YES,
US13424,49,0,YES,2026-01,0,49,49,49,YES,
US13425,74,0,YES,2026-01,0,74,74,74,YES,
US13426,329,114,YES,2026-01,0,329,329,443,YES,
US13427,13,17,YES,2026-01,0,13,13,30,YES,
US13429,0,22,YES,2026-01,0,0,0,22,NO,Starting balance is 0 or negative
US1343,295,295,YES,2026-01,295,0,0,295,NO,First ledger beginning is not 0
US13431,109,0,YES,2026-01,0,109,109,109,YES,
US13432,51,0,YES,2026-01,0,51,51,51,YES,
US13433,89,0,YES,2026-01,0,89,89,89,YES,
US13434,46,0,YES,2026-01,0,46,46,46,YES,
US13435,0,0,YES,2026-01,0,0,0,0,NO,Starting balance is 0 or negative
US13436,35,0,YES,2026-01,0,35,35,35,YES,
US13437,12,0,YES,2026-01,0,12,12,12,YES,
US13438,216,15,YES,2026-01,0,216,216,231,YES,
US13439,135,0,YES,2026-01,0,135,135,135,YES,
US13440,396,27,YES,2026-01,0,396,396,423,YES,
US13442,43,43,NO,,0,43,43,86,YES,
US13443,146,0,YES,2026-01,0,146,146,146,YES,
US13445,0,0,YES,2026-01,0,0,0,0,NO,Starting balance is 0 or negative
US13446,0,22,YES,2026-01,0,0,0,22,NO,Starting balance is 0 or negative
US13447,14,0,YES,2026-01,0,14,14,14,YES,
US13451,29,0,YES,2026-01,0,29,29,29,YES,
US13452,171,0,YES,2026-01,0,171,171,171,YES,
US13453,176,17,YES,2026-01,0,176,176,193,YES,
US13456,143,165,YES,2026-01,165,-22,0,165,NO,First ledger beginning is not 0
US13457,26,0,YES,2026-01,0,26,26,26,YES,
US13459,156,0,YES,2026-01,0,156,156,156,YES,
US13460,100,0,YES,2026-01,0,100,100,100,YES,
US13461,46,0,YES,2026-01,0,46,46,46,YES,
US13462,1793,20,YES,2026-01,0,1793,1793,1813,YES,
US13463,0,24,YES,2026-01,0,0,0,24,NO,Starting balance is 0 or negative
US13464,125,0,YES,2026-01,0,125,125,125,YES,
US13465,77,0,YES,2026-01,0,77,77,77,YES,
US13467,842,120,YES,2026-01,0,842,842,962,YES,
US13468,14,0,YES,2026-01,0,14,14,14,YES,
US13469,86,30,YES,2026-01,0,86,86,116,YES,
US13470,303,0,YES,2026-01,0,303,303,303,YES,
US13471,83,0,YES,2026-01,0,83,83,83,YES,
US13472,0,378,YES,2026-01,0,0,0,378,NO,Starting balance is 0 or negative
US13473,150,26,YES,2026-01,0,150,150,176,YES,
US13474,423,19,YES,2026-01,0,423,423,442,YES,
US13475,545,20,YES,2026-01,0,545,545,565,YES,
US13476,26,0,YES,2026-01,0,26,26,26,YES,
US13477,609,0,YES,2026-01,0,609,609,609,YES,
US13478,25,0,YES,2026-01,0,25,25,25,YES,
US1348,114,114,YES,2026-01,114,0,0,114,NO,First ledger beginning is not 0
US13480,38,0,YES,2026-01,0,38,38,38,YES,
US13481,807,0,YES,2026-01,0,807,807,807,YES,
US13483,40,0,YES,2026-01,0,40,40,40,YES,
US13484,28,0,YES,2026-01,0,28,28,28,YES,
US13485,4,33,YES,2026-01,0,4,4,37,YES,
US13486,17,0,YES,2026-01,0,17,17,17,YES,
US13487,104,0,YES,2026-01,0,104,104,104,YES,
US13488,47,0,YES,2026-01,0,47,47,47,YES,
US13489,89,0,YES,2026-01,0,89,89,89,YES,
US13491,714,0,YES,2026-01,0,714,714,714,YES,
US13493,0,0,YES,2026-01,0,0,0,0,NO,Starting balance is 0 or negative
US13494,72,0,YES,2026-01,0,72,72,72,YES,
US13496,87,0,YES,2026-01,0,87,87,87,YES,
US13497,112,0,YES,2026-01,0,112,112,112,YES,
US13498,32,32,YES,2026-01,32,0,0,32,NO,First ledger beginning is not 0
US13499,319,0,YES,2026-01,0,319,319,319,YES,
US1350,80,80,YES,2026-01,80,0,0,80,NO,First ledger beginning is not 0
US13501,192,0,YES,2026-01,0,192,192,192,YES,
US13502,419,0,YES,2026-01,0,419,419,419,YES,
US13503,381,0,YES,2026-01,0,381,381,381,YES,
US13506,26,0,YES,2026-01,0,26,26,26,YES,
US13507,111,0,YES,2026-01,0,111,111,111,YES,
US13509,73,0,YES,2026-01,0,73,73,73,YES,
US1351,285,285,YES,2026-01,285,0,0,285,NO,First ledger beginning is not 0
US13510,229,0,YES,2026-01,0,229,229,229,YES,
US13511,67,22,YES,2026-01,0,67,67,89,YES,
US13512,494,0,YES,2026-01,0,494,494,494,YES,
US13513,163,0,YES,2026-01,0,163,163,163,YES,
US13516,569,0,YES,2026-01,0,569,569,569,YES,
US13517,308,0,YES,2026-01,0,308,308,308,YES,
US13518,72,18,YES,2026-01,0,72,72,90,YES,
US13519,1085,0,YES,2026-01,0,1085,1085,1085,YES,
US1352,412,412,YES,2026-01,412,0,0,412,NO,First ledger beginning is not 0
US13520,458,80,YES,2026-01,0,458,458,538,YES,
US13521,106,0,YES,2026-01,0,106,106,106,YES,
US13524,277,11,YES,2026-01,11,266,0,11,NO,First ledger beginning is not 0
US13525,361,0,YES,2026-01,0,361,361,361,YES,
US13526,0,0,YES,2026-01,0,0,0,0,NO,Starting balance is 0 or negative
US13528,414,0,YES,2026-01,0,414,414,414,YES,
US13529,218,0,YES,2026-01,0,218,218,218,YES,
US13530,142,0,YES,2026-01,0,142,142,142,YES,
US13531,628,0,YES,2026-01,0,628,628,628,YES,
US13534,25,0,YES,2026-01,0,25,25,25,YES,
US13535,432,0,YES,2026-01,0,432,432,432,YES,
US13536,130,0,YES,2026-01,0,130,130,130,YES,
US13538,106,0,YES,2026-01,0,106,106,106,YES,
US13539,36,0,YES,2026-01,0,36,36,36,YES,
US13540,165,0,YES,2026-01,0,165,165,165,YES,
US13541,0,0,YES,2026-01,0,0,0,0,NO,Starting balance is 0 or negative
US13542,75,0,YES,2026-01,0,75,75,75,YES,
US13543,588,0,YES,2026-01,0,588,588,588,YES,
US13544,12,0,YES,2026-01,0,12,12,12,YES,
US13545,0,0,YES,2026-01,0,0,0,0,NO,Starting balance is 0 or negative
US13546,569,0,YES,2026-01,0,569,569,569,YES,
US13547,179,0,YES,2026-01,0,179,179,179,YES,
US13548,149,0,YES,2026-01,0,149,149,149,YES,
US13549,154,0,YES,2026-01,0,154,154,154,YES,
US13550,0,0,YES,2026-01,0,0,0,0,NO,Starting balance is 0 or negative
US13551,0,0,YES,2026-01,0,0,0,0,NO,Starting balance is 0 or negative
US13552,263,0,YES,2026-01,0,263,263,263,YES,
US13553,135,0,YES,2026-01,0,135,135,135,YES,
US13555,82,0,YES,2026-01,0,82,82,82,YES,
US13556,103,0,YES,2026-01,0,103,103,103,YES,
US13557,76,18,YES,2026-01,0,76,76,94,YES,
US13558,0,0,YES,2026-01,0,0,0,0,NO,Starting balance is 0 or negative
US13559,178,0,YES,2026-01,0,178,178,178,YES,
US13560,126,0,YES,2026-01,0,126,126,126,YES,
US13561,35,21,YES,2026-01,0,35,35,56,YES,
US13562,0,0,YES,2026-01,0,0,0,0,NO,Starting balance is 0 or negative
US13563,36,0,YES,2026-01,0,36,36,36,YES,
US13566,0,0,YES,2026-01,0,0,0,0,NO,Starting balance is 0 or negative
US13567,136,28,YES,2026-01,0,136,136,164,YES,
US13569,420,0,YES,2026-01,0,420,420,420,YES,
US13570,0,0,YES,2026-01,0,0,0,0,NO,Starting balance is 0 or negative
US13572,10,0,YES,2026-01,0,10,10,10,YES,
US13573,46,0,YES,2026-01,0,46,46,46,YES,
US13574,195,0,YES,2026-01,0,195,195,195,YES,
US13576,85,0,YES,2026-01,0,85,85,85,YES,
US13577,76,,NO,,,,0,,NO,Missing SR customer record
US13578,56,0,YES,2026-01,0,56,56,56,YES,
US13579,33,0,YES,2026-01,0,33,33,33,YES,
US1358,4499,4522,YES,2026-01,4499,0,0,4522,NO,First ledger beginning is not 0
US13580,11,0,YES,2026-01,0,11,11,11,YES,
US13582,17,0,YES,2026-01,0,17,17,17,YES,
US13583,611,15,YES,2026-01,0,611,611,626,YES,
US13584,32,0,YES,2026-01,0,32,32,32,YES,
US13585,68,0,YES,2026-01,0,68,68,68,YES,
US13586,449,0,YES,2026-01,0,449,449,449,YES,
US13587,302,0,YES,2026-01,0,302,302,302,YES,
US13591,195,34,YES,2026-01,0,195,195,229,YES,
US13592,50,0,YES,2026-01,0,50,50,50,YES,
US13593,297,24,YES,2026-01,0,297,297,321,YES,
US13594,56,0,YES,2026-01,0,56,56,56,YES,
US13595,14,0,YES,2026-01,0,14,14,14,YES,
US13597,237,0,YES,2026-01,0,237,237,237,YES,
US13598,26,0,YES,2026-01,0,26,26,26,YES,
US13599,0,0,YES,2026-01,0,0,0,0,NO,Starting balance is 0 or negative
US1360,42,42,YES,2026-01,42,0,0,42,NO,First ledger beginning is not 0
US13600,286,0,YES,2026-01,0,286,286,286,YES,
US13601,495,128,YES,2026-01,0,495,495,623,YES,
US13602,260,0,YES,2026-01,0,260,260,260,YES,
US13603,49,0,YES,2026-01,0,49,49,49,YES,
US13604,0,0,YES,2026-01,0,0,0,0,NO,Starting balance is 0 or negative
US13605,80,0,YES,2026-01,0,80,80,80,YES,
US13606,508,0,YES,2026-01,0,508,508,508,YES,
US13608,194,194,YES,2026-01,194,0,0,194,NO,First ledger beginning is not 0
US13609,0,0,YES,2026-01,0,0,0,0,NO,Starting balance is 0 or negative
US1361,638,638,YES,2026-01,638,0,0,638,NO,First ledger beginning is not 0
US13610,11,0,YES,2026-01,0,11,11,11,YES,
US13611,65,0,YES,2026-01,0,65,65,65,YES,
US13612,170,170,NO,,0,170,170,340,YES,
US13614,181,0,YES,2026-01,0,181,181,181,YES,
US13616,0,0,YES,2026-01,0,0,0,0,NO,Starting balance is 0 or negative
US13617,27,0,YES,2026-01,0,27,27,27,YES,
US13618,694,0,YES,2026-01,0,694,694,694,YES,
US13619,11,0,YES,2026-01,0,11,11,11,YES,
US13621,35,0,YES,2026-01,0,35,35,35,YES,
US13622,177,0,YES,2026-01,0,177,177,177,YES,
US13623,88,0,YES,2026-01,0,88,88,88,YES,
US13624,48,0,YES,2026-01,0,48,48,48,YES,
US13625,149,0,YES,2026-01,0,149,149,149,YES,
US13626,64,0,YES,2026-01,0,64,64,64,YES,
US13628,105,0,YES,2026-01,0,105,105,105,YES,
US13629,0,0,YES,2026-01,0,0,0,0,NO,Starting balance is 0 or negative
US1363,199,199,YES,2026-01,199,0,0,199,NO,First ledger beginning is not 0
US13630,24,0,YES,2026-01,0,24,24,24,YES,
US13631,0,0,YES,2026-01,0,0,0,0,NO,Starting balance is 0 or negative
US13632,116,0,YES,2026-01,0,116,116,116,YES,
US13633,142,0,YES,2026-01,0,142,142,142,YES,
US13635,79,0,YES,2026-01,0,79,79,79,YES,
US13636,0,0,YES,2026-01,0,0,0,0,NO,Starting balance is 0 or negative
US13637,0,0,YES,2026-01,0,0,0,0,NO,Starting balance is 0 or negative
US13638,121,0,YES,2026-01,0,121,121,121,YES,
US13639,102,0,YES,2026-01,0,102,102,102,YES,
US13640,123,0,YES,2026-01,0,123,123,123,YES,
US13641,90,0,YES,2026-01,0,90,90,90,YES,
US13642,267,0,YES,2026-01,0,267,267,267,YES,
US13643,58,0,YES,2026-01,0,58,58,58,YES,
US13644,60,0,YES,2026-01,0,60,60,60,YES,
US13645,0,0,YES,2026-01,0,0,0,0,NO,Starting balance is 0 or negative
US13646,28,0,YES,2026-01,0,28,28,28,YES,
US13647,125,,NO,,,,0,,NO,Missing SR customer record
US13648,21,0,YES,2026-01,0,21,21,21,YES,
US13649,159,103,YES,2026-01,0,159,159,262,YES,
US1365,138,138,YES,2026-01,138,0,0,138,NO,First ledger beginning is not 0
US13651,0,0,YES,2026-01,0,0,0,0,NO,Starting balance is 0 or negative
US13652,15,0,YES,2026-01,0,15,15,15,YES,
US13653,68,0,YES,2026-01,0,68,68,68,YES,
US13654,54,0,YES,2026-01,0,54,54,54,YES,
US13655,9,0,YES,2026-01,0,9,9,9,YES,
US13658,59,0,YES,2026-01,0,59,59,59,YES,
US13659,18,0,YES,2026-01,0,18,18,18,YES,
US1366,133,155,YES,2026-01,133,0,0,155,NO,First ledger beginning is not 0
US13660,276,0,YES,2026-01,0,276,276,276,YES,
US13665,131,0,YES,2026-01,0,131,131,131,YES,
US13666,56,0,YES,2026-01,0,56,56,56,YES,
US13667,0,34,YES,2026-01,0,0,0,34,NO,Starting balance is 0 or negative
US13668,155,0,YES,2026-01,0,155,155,155,YES,
US13669,93,0,YES,2026-01,0,93,93,93,YES,
US13670,732,0,YES,2026-01,0,732,732,732,YES,
US13671,0,0,YES,2026-01,0,0,0,0,NO,Starting balance is 0 or negative
US13673,0,0,YES,2026-01,0,0,0,0,NO,Starting balance is 0 or negative
US13674,19,0,YES,2026-01,0,19,19,19,YES,
US13675,256,0,YES,2026-01,0,256,256,256,YES,
US13676,24,0,YES,2026-01,0,24,24,24,YES,
US13677,0,0,YES,2026-01,0,0,0,0,NO,Starting balance is 0 or negative
US13678,555,16,YES,2026-01,0,555,555,571,YES,
US13679,23,0,YES,2026-01,0,23,23,23,YES,
US13680,0,0,YES,2026-01,0,0,0,0,NO,Starting balance is 0 or negative
US13681,0,0,YES,2026-01,0,0,0,0,NO,Starting balance is 0 or negative
US13682,254,0,YES,2026-01,0,254,254,254,YES,
US13683,0,0,YES,2026-01,0,0,0,0,NO,Starting balance is 0 or negative
US13684,349,28,YES,2026-01,0,349,349,377,YES,
US13685,417,0,YES,2026-01,0,417,417,417,YES,
US13687,0,0,YES,2026-01,0,0,0,0,NO,Starting balance is 0 or negative
US13688,73,0,YES,2026-01,0,73,73,73,YES,
US13689,0,0,YES,2026-01,0,0,0,0,NO,Starting balance is 0 or negative
US1369,130,130,YES,2026-01,130,0,0,130,NO,First ledger beginning is not 0
US13691,288,0,YES,2026-01,0,288,288,288,YES,
US13692,20,0,YES,2026-01,0,20,20,20,YES,
US13693,204,31,YES,2026-01,0,204,204,235,YES,
US13694,0,0,YES,2026-01,0,0,0,0,NO,Starting balance is 0 or negative
US13695,24,18,YES,2026-01,0,24,24,42,YES,
US13696,72,16,YES,2026-01,0,72,72,88,YES,
US13698,45,42,YES,2026-01,0,45,45,87,YES,
US13699,121,0,YES,2026-01,0,121,121,121,YES,
US13700,29,0,YES,2026-01,0,29,29,29,YES,
US13701,152,0,YES,2026-01,0,152,152,152,YES,
US13702,33,0,YES,2026-01,0,33,33,33,YES,
US13703,0,0,YES,2026-01,0,0,0,0,NO,Starting balance is 0 or negative
US13705,198,0,YES,2026-01,0,198,198,198,YES,
US13706,36,0,YES,2026-01,0,36,36,36,YES,
US13707,38,0,YES,2026-01,0,38,38,38,YES,
US13708,933,,NO,,,,0,,NO,Missing SR customer record
US13709,460,0,YES,2026-01,0,460,460,460,YES,
US13711,200,16,YES,2026-01,0,200,200,216,YES,
US13712,599,25,YES,2026-01,0,599,599,624,YES,
US13713,169,0,YES,2026-01,0,169,169,169,YES,
US13714,116,0,YES,2026-01,0,116,116,116,YES,
US13716,22,0,YES,2026-01,0,22,22,22,YES,
US13717,186,0,YES,2026-01,0,186,186,186,YES,
US13719,43,43,YES,2026-01,43,0,0,43,NO,First ledger beginning is not 0
US1372,460,491,YES,2026-01,491,-31,0,491,NO,First ledger beginning is not 0
US13722,36,0,YES,2026-01,0,36,36,36,YES,
US13723,275,17,YES,2026-01,0,275,275,292,YES,
US13724,375,0,YES,2026-01,0,375,375,375,YES,
US13728,169,0,YES,2026-01,0,169,169,169,YES,
US13730,0,0,YES,2026-01,0,0,0,0,NO,Starting balance is 0 or negative
US13734,19,23,YES,2026-01,0,19,19,42,YES,
US13735,161,38,YES,2026-01,0,161,161,199,YES,
US13736,26,0,YES,2026-01,0,26,26,26,YES,
US13738,770,0,YES,2026-01,0,770,770,770,YES,
US13740,0,0,YES,2026-01,0,0,0,0,NO,Starting balance is 0 or negative
US13741,198,0,YES,2026-01,0,198,198,198,YES,
US13742,20,0,YES,2026-01,0,20,20,20,YES,
US13743,61,0,YES,2026-01,0,61,61,61,YES,
US13744,446,0,YES,2026-01,0,446,446,446,YES,
US13745,121,176,YES,2026-01,155,-34,0,176,NO,First ledger beginning is not 0
US13747,105,0,YES,2026-01,0,105,105,105,YES,
US13748,0,0,YES,2026-01,0,0,0,0,NO,Starting balance is 0 or negative
US13749,0,0,YES,2026-01,0,0,0,0,NO,Starting balance is 0 or negative
US1375,357,357,YES,2026-01,357,0,0,357,NO,First ledger beginning is not 0
US13750,124,0,YES,2026-01,0,124,124,124,YES,
US13751,0,0,YES,2026-01,0,0,0,0,NO,Starting balance is 0 or negative
US13752,0,25,YES,2026-01,0,0,0,25,NO,Starting balance is 0 or negative
US13753,486,0,YES,2026-01,0,486,486,486,YES,
US13754,1503,1609,YES,2026-01,0,1503,1503,3112,YES,
US13756,195,0,YES,2026-01,0,195,195,195,YES,
US13757,85,0,YES,2026-01,0,85,85,85,YES,
US13758,48,0,YES,2026-01,0,48,48,48,YES,
US13759,182,88,YES,2026-01,0,182,182,270,YES,
US13760,0,0,YES,2026-01,0,0,0,0,NO,Starting balance is 0 or negative
US13761,352,0,YES,2026-01,0,352,352,352,YES,
US13762,1224,0,YES,2026-01,0,1224,1224,1224,YES,
US13764,219,0,YES,2026-01,0,219,219,219,YES,
US13765,88,0,YES,2026-01,0,88,88,88,YES,
US13767,136,0,YES,2026-01,0,136,136,136,YES,
US13769,31,0,YES,2026-01,0,31,31,31,YES,
US13770,3171,43,YES,2026-01,0,3171,3171,3214,YES,
US13772,5,31,YES,2026-01,0,5,5,36,YES,
US13773,73,0,YES,2026-01,0,73,73,73,YES,
US13774,91,0,YES,2026-01,0,91,91,91,YES,
US13775,28,0,YES,2026-01,0,28,28,28,YES,
US13776,29,0,YES,2026-01,0,29,29,29,YES,
US13777,21,0,YES,2026-01,0,21,21,21,YES,
US13778,66,0,YES,2026-01,0,66,66,66,YES,
US13779,568,1882,YES,2026-01,842,-274,0,1882,NO,First ledger beginning is not 0
US13780,22,0,YES,2026-01,0,22,22,22,YES,
US13781,134,0,YES,2026-01,0,134,134,134,YES,
US13782,0,0,YES,2026-01,0,0,0,0,NO,Starting balance is 0 or negative
US13783,103,0,YES,2026-01,0,103,103,103,YES,
US13784,24,24,YES,2026-01,0,24,24,48,YES,
US13785,0,15,YES,2026-01,0,0,0,15,NO,Starting balance is 0 or negative
US13786,0,26,YES,2026-01,0,0,0,26,NO,Starting balance is 0 or negative
US13787,162,0,YES,2026-01,0,162,162,162,YES,
US13788,103,0,YES,2026-01,0,103,103,103,YES,
US13789,96,0,YES,2026-01,0,96,96,96,YES,
US1379,4905,25,YES,2026-01,25,4880,0,25,NO,First ledger beginning is not 0
US13790,329,0,YES,2026-01,0,329,329,329,YES,
US13792,160,0,YES,2026-01,0,160,160,160,YES,
US13793,35,0,YES,2026-01,0,35,35,35,YES,
US13794,25,0,YES,2026-01,0,25,25,25,YES,
US13795,0,0,YES,2026-01,0,0,0,0,NO,Starting balance is 0 or negative
US13796,268,0,YES,2026-01,0,268,268,268,YES,
US13797,89,0,YES,2026-01,0,89,89,89,YES,
US13799,27,0,YES,2026-01,0,27,27,27,YES,
US13800,102,0,YES,2026-01,0,102,102,102,YES,
US13801,18,0,YES,2026-01,0,18,18,18,YES,
US13802,0,0,YES,2026-01,0,0,0,0,NO,Starting balance is 0 or negative
US13804,204,0,YES,2026-01,0,204,204,204,YES,
US13805,150,0,YES,2026-01,0,150,150,150,YES,
US13807,528,19,YES,2026-01,0,528,528,547,YES,
US13808,0,0,YES,2026-01,0,0,0,0,NO,Starting balance is 0 or negative
US13809,97,0,YES,2026-01,0,97,97,97,YES,
US1381,2434,34,YES,2026-01,0,2434,2434,2468,YES,
US13810,42,0,YES,2026-01,0,42,42,42,YES,
US13811,18,0,YES,2026-01,0,18,18,18,YES,
US13813,0,0,YES,2026-01,0,0,0,0,NO,Starting balance is 0 or negative
US13815,18,0,YES,2026-01,0,18,18,18,YES,
US13816,224,320,YES,2026-01,0,224,224,544,YES,
US13817,0,0,YES,2026-01,0,0,0,0,NO,Starting balance is 0 or negative
US13818,62,0,YES,2026-01,0,62,62,62,YES,
US13819,888,0,YES,2026-01,0,888,888,888,YES,
US13821,14,0,YES,2026-01,0,14,14,14,YES,
US13822,110,0,YES,2026-01,0,110,110,110,YES,
US13823,237,0,YES,2026-01,0,237,237,237,YES,
US13824,115,0,YES,2026-01,0,115,115,115,YES,
US13825,31,0,YES,2026-01,0,31,31,31,YES,
US13826,0,0,YES,2026-01,0,0,0,0,NO,Starting balance is 0 or negative
US13827,54,0,YES,2026-01,0,54,54,54,YES,
US13828,50,0,YES,2026-01,0,50,50,50,YES,
US13829,76,,NO,,,,0,,NO,Missing SR customer record
US1383,24,8,YES,2026-01,8,16,0,8,NO,First ledger beginning is not 0
US13831,232,0,YES,2026-01,0,232,232,232,YES,
US13832,0,0,YES,2026-01,0,0,0,0,NO,Starting balance is 0 or negative
US13833,578,15,YES,2026-01,0,578,578,593,YES,
US13834,73,0,YES,2026-01,0,73,73,73,YES,
US13835,537,0,YES,2026-01,0,537,537,537,YES,
US13836,171,0,YES,2026-01,0,171,171,171,YES,
US13837,289,18,YES,2026-01,0,289,289,307,YES,
US13838,51,27,YES,2026-01,0,51,51,78,YES,
US13839,555,0,YES,2026-01,0,555,555,555,YES,
US13840,44,0,YES,2026-01,0,44,44,44,YES,
US13845,0,0,YES,2026-01,0,0,0,0,NO,Starting balance is 0 or negative
US13847,127,0,YES,2026-01,0,127,127,127,YES,
US13848,83,0,YES,2026-01,0,83,83,83,YES,
US13849,108,0,YES,2026-01,0,108,108,108,YES,
US1385,38,38,YES,2026-01,38,0,0,38,NO,First ledger beginning is not 0
US13851,302,0,YES,2026-01,0,302,302,302,YES,
US13853,220,0,YES,2026-01,0,220,220,220,YES,
US13854,272,0,YES,2026-01,0,272,272,272,YES,
US13855,237,0,YES,2026-01,0,237,237,237,YES,
US13856,90,0,YES,2026-01,0,90,90,90,YES,
US13857,46,0,YES,2026-01,0,46,46,46,YES,
US13858,0,0,YES,2026-01,0,0,0,0,NO,Starting balance is 0 or negative
US13859,10,0,YES,2026-01,0,10,10,10,YES,
US13860,0,0,YES,2026-01,0,0,0,0,NO,Starting balance is 0 or negative
US13861,331,0,YES,2026-01,0,331,331,331,YES,
US13862,99,20,YES,2026-01,0,99,99,119,YES,
US13863,245,25,YES,2026-01,0,245,245,270,YES,
US13864,47,0,YES,2026-01,0,47,47,47,YES,
US13866,186,0,YES,2026-01,0,186,186,186,YES,
US13867,0,2,YES,2026-01,0,0,0,2,NO,Starting balance is 0 or negative
US13868,85,0,YES,2026-01,0,85,85,85,YES,
US13869,0,30,YES,2026-01,0,0,0,30,NO,Starting balance is 0 or negative
US13870,0,20,YES,2026-01,0,0,0,20,NO,Starting balance is 0 or negative
US13873,15,0,YES,2026-01,0,15,15,15,YES,
US13876,61,0,YES,2026-01,0,61,61,61,YES,
US13877,52,0,YES,2026-01,0,52,52,52,YES,
US13879,32,0,YES,2026-01,0,32,32,32,YES,
US1388,273,273,YES,2026-01,273,0,0,273,NO,First ledger beginning is not 0
US13880,223,0,YES,2026-01,0,223,223,223,YES,
US13881,35,0,YES,2026-01,0,35,35,35,YES,
US13882,74,0,YES,2026-01,0,74,74,74,YES,
US13883,13,0,YES,2026-01,0,13,13,13,YES,
US13884,35,0,YES,2026-01,0,35,35,35,YES,
US13886,11,0,YES,2026-01,0,11,11,11,YES,
US13887,0,0,YES,2026-01,0,0,0,0,NO,Starting balance is 0 or negative
US13889,11,0,YES,2026-01,0,11,11,11,YES,
US13890,321,0,YES,2026-01,0,321,321,321,YES,
US13895,14,20,YES,2026-01,0,14,14,34,YES,
US13896,0,0,YES,2026-01,0,0,0,0,NO,Starting balance is 0 or negative
US13899,109,0,YES,2026-01,0,109,109,109,YES,
US1390,275,275,YES,2026-01,275,0,0,275,NO,First ledger beginning is not 0
US13900,0,0,YES,2026-01,0,0,0,0,NO,Starting balance is 0 or negative
US13902,321,0,YES,2026-01,0,321,321,321,YES,
US13903,1491,0,YES,2026-01,0,1491,1491,1491,YES,
US13904,36,0,YES,2026-01,0,36,36,36,YES,
US1391,146,146,YES,2026-01,146,0,0,146,NO,First ledger beginning is not 0
US13912,0,0,YES,2026-01,0,0,0,0,NO,Starting balance is 0 or negative
US13913,105,0,YES,2026-01,0,105,105,105,YES,
US13915,24,0,YES,2026-01,0,24,24,24,YES,
US13917,75,0,YES,2026-01,0,75,75,75,YES,
US13918,552,0,YES,2026-01,0,552,552,552,YES,
US13919,1868,0,YES,2026-01,0,1868,1868,1868,YES,
US13921,164,0,YES,2026-01,0,164,164,164,YES,
US13922,8,0,YES,2026-01,0,8,8,8,YES,
US13923,168,0,YES,2026-01,0,168,168,168,YES,
US13924,162,0,YES,2026-01,0,162,162,162,YES,
US13925,415,0,YES,2026-01,0,415,415,415,YES,
US13926,21,91,YES,2026-01,0,21,21,112,YES,
US13927,82,0,YES,2026-01,0,82,82,82,YES,
US13928,0,0,YES,2026-01,0,0,0,0,NO,Starting balance is 0 or negative
US13929,57,0,YES,2026-01,0,57,57,57,YES,
US13930,85,0,YES,2026-01,0,85,85,85,YES,
US13931,270,0,YES,2026-01,0,270,270,270,YES,
US13932,0,0,YES,2026-01,0,0,0,0,NO,Starting balance is 0 or negative
US13934,179,0,YES,2026-01,0,179,179,179,YES,
US13935,0,0,YES,2026-01,0,0,0,0,NO,Starting balance is 0 or negative
US13936,170,181,YES,2026-01,181,-11,0,181,NO,First ledger beginning is not 0
US13939,146,36,YES,2026-01,0,146,146,182,YES,
US1394,412,412,YES,2026-01,412,0,0,412,NO,First ledger beginning is not 0
US13940,158,170,YES,2026-01,170,-12,0,170,NO,First ledger beginning is not 0
US13942,208,0,YES,2026-01,0,208,208,208,YES,
US13943,437,0,YES,2026-01,0,437,437,437,YES,
US13944,172,0,YES,2026-01,0,172,172,172,YES,
US13945,1032,0,YES,2026-01,0,1032,1032,1032,YES,
US13947,1636,0,YES,2026-01,0,1636,1636,1636,YES,
US13948,0,230,YES,2026-01,0,0,0,230,NO,Starting balance is 0 or negative
US13949,3179,39,YES,2026-01,0,3179,3179,3218,YES,
US1395,370,389,YES,2026-01,370,0,0,389,NO,First ledger beginning is not 0
US13950,353,42,YES,2026-01,0,353,353,395,YES,
US13951,3,0,YES,2026-01,0,3,3,3,YES,
US13953,72,117,YES,2026-01,0,72,72,189,YES,
US13955,169,20,YES,2026-01,0,169,169,189,YES,
US13957,0,0,YES,2026-01,0,0,0,0,NO,Starting balance is 0 or negative
US13958,360,0,YES,2026-01,0,360,360,360,YES,
US1396,462,462,YES,2026-01,462,0,0,462,NO,First ledger beginning is not 0
US13960,46,23,YES,2026-01,0,46,46,69,YES,
US13961,58,0,YES,2026-01,0,58,58,58,YES,
US13962,41,0,YES,2026-01,0,41,41,41,YES,
US13963,107,0,YES,2026-01,0,107,107,107,YES,
US13964,0,0,YES,2026-01,0,0,0,0,NO,Starting balance is 0 or negative
US13965,0,18,YES,2026-01,0,0,0,18,NO,Starting balance is 0 or negative
US13966,527,34,YES,2026-01,0,527,527,561,YES,
US13967,62,0,YES,2026-01,0,62,62,62,YES,
US13968,0,0,YES,2026-01,0,0,0,0,NO,Starting balance is 0 or negative
US13969,76,0,YES,2026-01,0,76,76,76,YES,
US1397,23,45,YES,2026-01,45,-22,0,45,NO,First ledger beginning is not 0
US13971,383,0,YES,2026-01,0,383,383,383,YES,
US13972,17,0,YES,2026-01,0,17,17,17,YES,
US13973,0,33,YES,2026-01,0,0,0,33,NO,Starting balance is 0 or negative
US13974,0,0,YES,2026-01,0,0,0,0,NO,Starting balance is 0 or negative
US13975,766,0,YES,2026-01,0,766,766,766,YES,
US13977,514,0,YES,2026-01,0,514,514,514,YES,
US13978,637,35,YES,2026-01,0,637,637,672,YES,
US13979,10,0,YES,2026-01,0,10,10,10,YES,
US1398,5,26,YES,2026-01,98,-93,0,26,NO,First ledger beginning is not 0
US13980,572,0,YES,2026-01,0,572,572,572,YES,
US13981,193,0,YES,2026-01,0,193,193,193,YES,
US13982,228,97,YES,2026-01,0,228,228,325,YES,
US13983,0,0,YES,2026-01,0,0,0,0,NO,Starting balance is 0 or negative
US13984,116,0,YES,2026-01,0,116,116,116,YES,
US13985,325,0,YES,2026-01,0,325,325,325,YES,
US13986,0,0,YES,2026-01,0,0,0,0,NO,Starting balance is 0 or negative
US13987,0,29,YES,2026-01,0,0,0,29,NO,Starting balance is 0 or negative
US13988,183,0,YES,2026-01,0,183,183,183,YES,
US13989,45,19,YES,2026-01,0,45,45,64,YES,
US1399,1399,1399,YES,2026-01,1399,0,0,1399,NO,First ledger beginning is not 0
US13990,40,0,YES,2026-01,0,40,40,40,YES,
US13991,453,0,YES,2026-01,0,453,453,453,YES,
US13993,244,0,YES,2026-01,0,244,244,244,YES,
US13994,486,29,YES,2026-01,0,486,486,515,YES,
US13996,234,0,YES,2026-01,0,234,234,234,YES,
US13997,0,0,YES,2026-01,0,0,0,0,NO,Starting balance is 0 or negative
US13998,1339,0,YES,2026-01,0,1339,1339,1339,YES,
US13999,0,0,YES,2026-01,0,0,0,0,NO,Starting balance is 0 or negative
US1400,17,0,YES,2026-01,0,17,17,17,YES,
US14000,133,0,YES,2026-01,0,133,133,133,YES,
US14001,79,0,YES,2026-01,0,79,79,79,YES,
US14002,163,0,YES,2026-01,0,163,163,163,YES,
US14003,35,0,YES,2026-01,0,35,35,35,YES,
US14004,44,0,YES,2026-01,0,44,44,44,YES,
US14005,116,16,YES,2026-01,0,116,116,132,YES,
US14006,77,0,YES,2026-01,0,77,77,77,YES,
US14007,63,0,YES,2026-01,0,63,63,63,YES,
US14008,0,0,YES,2026-01,0,0,0,0,NO,Starting balance is 0 or negative
US14009,0,0,YES,2026-01,0,0,0,0,NO,Starting balance is 0 or negative
US14010,274,20,YES,2026-01,0,274,274,294,YES,
US14011,481,0,YES,2026-01,0,481,481,481,YES,
US14012,62,0,YES,2026-01,0,62,62,62,YES,
US14013,248,0,YES,2026-01,0,248,248,248,YES,
US14014,96,0,YES,2026-01,0,96,96,96,YES,
US14016,0,0,YES,2026-01,0,0,0,0,NO,Starting balance is 0 or negative
US14017,1814,29,YES,2026-01,0,1814,1814,1843,YES,
US14018,21,0,YES,2026-01,0,21,21,21,YES,
US14019,460,0,YES,2026-01,0,460,460,460,YES,
US1402,9,37,YES,2026-01,9,0,0,37,NO,First ledger beginning is not 0
US14020,110,0,YES,2026-01,0,110,110,110,YES,
US14021,78,25,YES,2026-01,0,78,78,103,YES,
US14022,50,0,YES,2026-01,0,50,50,50,YES,
US14023,34,0,YES,2026-01,0,34,34,34,YES,
US14024,22,0,YES,2026-01,0,22,22,22,YES,
US14025,11,0,YES,2026-01,0,11,11,11,YES,
US14026,79,0,YES,2026-01,0,79,79,79,YES,
US14027,27,0,YES,2026-01,0,27,27,27,YES,
US14028,34,16,YES,2026-01,0,34,34,50,YES,
US14029,0,0,YES,2026-01,0,0,0,0,NO,Starting balance is 0 or negative
US14030,21,0,YES,2026-01,0,21,21,21,YES,
US14031,0,129,YES,2026-01,0,0,0,129,NO,Starting balance is 0 or negative
US14033,72,36,YES,2026-01,0,72,72,108,YES,
US14034,10,0,YES,2026-01,0,10,10,10,YES,
US14036,170,0,YES,2026-01,0,170,170,170,YES,
US14038,26,0,YES,2026-01,0,26,26,26,YES,
US14039,415,18,YES,2026-01,0,415,415,433,YES,
US14040,344,0,YES,2026-01,0,344,344,344,YES,
US14041,23,0,YES,2026-01,0,23,23,23,YES,
US14042,118,0,YES,2026-01,0,118,118,118,YES,
US14044,97,16,YES,2026-01,0,97,97,113,YES,
US14045,171,0,YES,2026-01,0,171,171,171,YES,
US14046,10,0,YES,2026-01,0,10,10,10,YES,
US14047,49,49,YES,2026-01,49,0,0,49,NO,First ledger beginning is not 0
US14048,296,0,YES,2026-01,0,296,296,296,YES,
US14049,58,0,YES,2026-01,0,58,58,58,YES,
US1405,481,481,YES,2026-01,481,0,0,481,NO,First ledger beginning is not 0
US14050,28,0,YES,2026-01,0,28,28,28,YES,
US14051,62,0,YES,2026-01,0,62,62,62,YES,
US14053,44,0,YES,2026-01,0,44,44,44,YES,
US14054,65,0,YES,2026-01,0,65,65,65,YES,
US14055,0,113,YES,2026-01,0,0,0,113,NO,Starting balance is 0 or negative
US14056,352,0,YES,2026-01,0,352,352,352,YES,
US14057,29,0,YES,2026-01,0,29,29,29,YES,
US14059,11,0,YES,2026-01,0,11,11,11,YES,
US140590,0,20,YES,2026-03,0,0,0,20,NO,Starting balance is 0 or negative
US1406,137,137,YES,2026-01,137,0,0,137,NO,First ledger beginning is not 0
US14062,0,0,YES,2026-01,0,0,0,0,NO,Starting balance is 0 or negative
US14063,0,0,YES,2026-01,0,0,0,0,NO,Starting balance is 0 or negative
US14065,18,0,YES,2026-01,0,18,18,18,YES,
US14067,449,0,YES,2026-01,0,449,449,449,YES,
US14069,30,0,YES,2026-01,0,30,30,30,YES,
US14070,1267,0,YES,2026-01,0,1267,1267,1267,YES,
US14071,148,0,YES,2026-01,0,148,148,148,YES,
US14075,266,0,YES,2026-01,0,266,266,266,YES,
US14076,965,0,YES,2026-01,0,965,965,965,YES,
US14077,101,0,YES,2026-01,0,101,101,101,YES,
US14078,334,0,YES,2026-01,0,334,334,334,YES,
US14079,101,0,YES,2026-01,0,101,101,101,YES,
US1408,282,297,YES,2026-01,282,0,0,297,NO,First ledger beginning is not 0
US14080,1228,34,YES,2026-01,0,1228,1228,1262,YES,
US14081,299,0,YES,2026-01,0,299,299,299,YES,
US14082,83,0,YES,2026-01,0,83,83,83,YES,
US14085,105,0,YES,2026-01,0,105,105,105,YES,
US14088,209,0,YES,2026-01,0,209,209,209,YES,
US14089,177,106,YES,2026-01,0,177,177,283,YES,
US14090,1171,42,YES,2026-01,0,1171,1171,1213,YES,
US14091,0,19,YES,2026-01,0,0,0,19,NO,Starting balance is 0 or negative
US14095,48,258,YES,2026-01,0,48,48,306,YES,
US14096,304,0,YES,2026-01,0,304,304,304,YES,
US14097,255,0,YES,2026-01,0,255,255,255,YES,
US14098,29,0,YES,2026-01,0,29,29,29,YES,
US14099,158,0,YES,2026-01,0,158,158,158,YES,
US14100,20,0,YES,2026-01,0,20,20,20,YES,
US14101,21,0,YES,2026-01,0,21,21,21,YES,
US14105,207,0,YES,2026-01,0,207,207,207,YES,
US14106,80,41,YES,2026-01,0,80,80,121,YES,
US14107,0,0,YES,2026-01,0,0,0,0,NO,Starting balance is 0 or negative
US1411,150,150,YES,2026-01,150,0,0,150,NO,First ledger beginning is not 0
US14111,10,0,YES,2026-01,0,10,10,10,YES,
US14112,405,0,YES,2026-01,0,405,405,405,YES,
US14113,27,0,YES,2026-01,0,27,27,27,YES,
US14116,90,0,YES,2026-01,0,90,90,90,YES,
US14117,0,0,YES,2026-01,0,0,0,0,NO,Starting balance is 0 or negative
US14119,22,0,YES,2026-01,0,22,22,22,YES,
US1412,2229,2229,YES,2026-01,2229,0,0,2229,NO,First ledger beginning is not 0
US14120,94,0,YES,2026-01,0,94,94,94,YES,
US14121,94,0,YES,2026-01,0,94,94,94,YES,
US14122,1039,0,YES,2026-01,0,1039,1039,1039,YES,
US14125,405,0,YES,2026-01,0,405,405,405,YES,
US14127,321,18,YES,2026-01,0,321,321,339,YES,
US1413,89,89,YES,2026-01,89,0,0,89,NO,First ledger beginning is not 0
US14130,0,0,YES,2026-01,0,0,0,0,NO,Starting balance is 0 or negative
US14131,188,0,YES,2026-01,0,188,188,188,YES,
US14132,49,0,YES,2026-01,0,49,49,49,YES,
US14133,0,28,YES,2026-01,0,0,0,28,NO,Starting balance is 0 or negative
US14135,0,0,YES,2026-01,0,0,0,0,NO,Starting balance is 0 or negative
US14136,515,0,YES,2026-01,0,515,515,515,YES,
US14138,186,0,YES,2026-01,0,186,186,186,YES,
US14141,0,0,YES,2026-01,0,0,0,0,NO,Starting balance is 0 or negative
US14142,0,0,YES,2026-01,0,0,0,0,NO,Starting balance is 0 or negative
US14143,217,0,YES,2026-01,0,217,217,217,YES,
US14144,199,0,YES,2026-01,0,199,199,199,YES,
US14145,0,0,YES,2026-01,0,0,0,0,NO,Starting balance is 0 or negative
US14146,712,735,YES,2026-01,735,-23,0,735,NO,First ledger beginning is not 0
US14147,68,0,YES,2026-01,0,68,68,68,YES,
US14149,0,0,YES,2026-01,0,0,0,0,NO,Starting balance is 0 or negative
US1415,176,36,YES,2026-01,0,176,176,212,YES,
US14150,157,25,YES,2026-01,0,157,157,182,YES,
US14151,1,0,YES,2026-01,0,1,1,1,YES,
US14152,401,17,YES,2026-01,0,401,401,418,YES,
US14155,0,0,YES,2026-01,0,0,0,0,NO,Starting balance is 0 or negative
US14156,799,29,YES,2026-01,0,799,799,828,YES,
US14158,0,0,YES,2026-01,0,0,0,0,NO,Starting balance is 0 or negative
US1416,229,229,YES,2026-01,229,0,0,229,NO,First ledger beginning is not 0
US14160,111,0,YES,2026-01,0,111,111,111,YES,
US14161,300,0,YES,2026-01,0,300,300,300,YES,
US14162,91,0,YES,2026-01,0,91,91,91,YES,
US14165,127,0,YES,2026-01,0,127,127,127,YES,
US14168,131,0,YES,2026-01,0,131,131,131,YES,
US14170,0,0,YES,2026-01,0,0,0,0,NO,Starting balance is 0 or negative
US14171,384,27,YES,2026-01,0,384,384,411,YES,
US14177,26,0,YES,2026-01,0,26,26,26,YES,
US14178,10,0,YES,2026-01,0,10,10,10,YES,
US14179,86,0,YES,2026-01,0,86,86,86,YES,
US1418,391,484,YES,2026-01,391,0,0,484,NO,First ledger beginning is not 0
US14180,216,236,YES,2026-01,236,-20,0,236,NO,First ledger beginning is not 0
US14181,75,0,YES,2026-01,0,75,75,75,YES,
US14182,475,0,YES,2026-01,0,475,475,475,YES,
US14183,468,585,YES,2026-01,0,468,468,1053,YES,
US14184,0,0,YES,2026-01,0,0,0,0,NO,Starting balance is 0 or negative
US14185,147,0,YES,2026-01,0,147,147,147,YES,
US14188,6,0,YES,2026-01,0,6,6,6,YES,
US14189,40,0,YES,2026-01,0,40,40,40,YES,
US1419,75,75,YES,2026-01,75,0,0,75,NO,First ledger beginning is not 0
US14192,0,0,YES,2026-01,0,0,0,0,NO,Starting balance is 0 or negative
US14194,123,0,YES,2026-01,0,123,123,123,YES,
US14195,1149,0,YES,2026-01,0,1149,1149,1149,YES,
US14196,23,0,YES,2026-01,0,23,23,23,YES,
US14197,60,0,YES,2026-01,0,60,60,60,YES,
US14198,1030,31,YES,2026-01,0,1030,1030,1061,YES,
US14199,10,0,YES,2026-01,0,10,10,10,YES,
US14201,390,0,YES,2026-01,0,390,390,390,YES,
US14202,121,0,YES,2026-01,0,121,121,121,YES,
US14205,51,0,YES,2026-01,0,51,51,51,YES,
US14206,422,0,YES,2026-01,0,422,422,422,YES,
US14208,0,27,YES,2026-01,0,0,0,27,NO,Starting balance is 0 or negative
US14211,12,0,YES,2026-01,0,12,12,12,YES,
US14212,0,17,YES,2026-01,0,0,0,17,NO,Starting balance is 0 or negative
US14213,0,0,YES,2026-01,0,0,0,0,NO,Starting balance is 0 or negative
US14214,72,0,YES,2026-01,0,72,72,72,YES,
US14215,43,0,YES,2026-01,0,43,43,43,YES,
US14216,228,32,YES,2026-01,0,228,228,260,YES,
US14218,47,0,YES,2026-01,0,47,47,47,YES,
US14219,145,88,YES,2026-01,0,145,145,233,YES,
US14220,24,0,YES,2026-01,0,24,24,24,YES,
US14221,4,0,YES,2026-01,0,4,4,4,YES,
US14222,101,16,YES,2026-01,0,101,101,117,YES,
US14223,40,0,YES,2026-01,0,40,40,40,YES,
US14224,15,0,YES,2026-01,0,15,15,15,YES,
US14225,57,0,YES,2026-01,0,57,57,57,YES,
US14227,0,0,YES,2026-01,0,0,0,0,NO,Starting balance is 0 or negative
US14228,505,0,YES,2026-01,0,505,505,505,YES,
US14229,190,39,YES,2026-01,0,190,190,229,YES,
US1423,149,149,YES,2026-01,149,0,0,149,NO,First ledger beginning is not 0
US14230,228,0,YES,2026-01,0,228,228,228,YES,
US14232,65,0,YES,2026-01,0,65,65,65,YES,
US14233,162,0,YES,2026-01,0,162,162,162,YES,
US14234,124,0,YES,2026-01,0,124,124,124,YES,
US14237,21,0,YES,2026-01,0,21,21,21,YES,
US14238,142,154,YES,2026-01,154,-12,0,154,NO,First ledger beginning is not 0
US14239,9,0,YES,2026-01,0,9,9,9,YES,
US1424,0,0,YES,2026-01,0,0,0,0,NO,Starting balance is 0 or negative
US14241,33,0,YES,2026-01,0,33,33,33,YES,
US14242,298,0,YES,2026-01,0,298,298,298,YES,
US14243,120,0,YES,2026-01,0,120,120,120,YES,
US14244,0,27,YES,2026-01,0,0,0,27,NO,Starting balance is 0 or negative
US14245,108,0,YES,2026-01,0,108,108,108,YES,
US14246,226,0,YES,2026-01,0,226,226,226,YES,
US14248,64,0,YES,2026-01,0,64,64,64,YES,
US14249,42,0,YES,2026-01,0,42,42,42,YES,
US14250,10,0,YES,2026-01,0,10,10,10,YES,
US14253,165,0,YES,2026-01,0,165,165,165,YES,
US14255,0,0,YES,2026-01,0,0,0,0,NO,Starting balance is 0 or negative
US14256,0,0,YES,2026-01,0,0,0,0,NO,Starting balance is 0 or negative
US14257,32,0,YES,2026-01,0,32,32,32,YES,
US14258,32,0,YES,2026-01,0,32,32,32,YES,
US14259,157,0,YES,2026-01,0,157,157,157,YES,
US1426,149,0,YES,2026-01,0,149,149,149,YES,
US14260,232,0,YES,2026-01,0,232,232,232,YES,
US14262,29,0,YES,2026-01,0,29,29,29,YES,
US14263,40,0,YES,2026-01,0,40,40,40,YES,
US14264,0,43,YES,2026-01,0,0,0,43,NO,Starting balance is 0 or negative
US14266,305,,NO,,,,0,,NO,Missing SR customer record
US14267,561,0,YES,2026-01,0,561,561,561,YES,
US14269,27,0,YES,2026-01,0,27,27,27,YES,
US14270,48,0,YES,2026-01,0,48,48,48,YES,
US14271,0,30,YES,2026-01,0,0,0,30,NO,Starting balance is 0 or negative
US14272,11,0,YES,2026-01,0,11,11,11,YES,
US14273,324,336,YES,2026-01,336,-12,0,336,NO,First ledger beginning is not 0
US14274,189,0,YES,2026-01,0,189,189,189,YES,
US14276,19,0,YES,2026-01,0,19,19,19,YES,
US14278,28,0,YES,2026-01,0,28,28,28,YES,
US1428,38,65,YES,2026-01,0,38,38,103,YES,
US14281,0,0,YES,2026-01,0,0,0,0,NO,Starting balance is 0 or negative
US14282,75,75,NO,,0,75,75,150,YES,
US14283,10,0,YES,2026-01,0,10,10,10,YES,
US14284,129,0,YES,2026-01,0,129,129,129,YES,
US14285,178,19,YES,2026-01,0,178,178,197,YES,
US14286,0,0,YES,2026-01,0,0,0,0,NO,Starting balance is 0 or negative
US14287,232,0,YES,2026-01,0,232,232,232,YES,
US14288,0,0,YES,2026-01,0,0,0,0,NO,Starting balance is 0 or negative
US14289,57,0,YES,2026-01,0,57,57,57,YES,
US14291,144,0,YES,2026-01,0,144,144,144,YES,
US14294,98,0,YES,2026-01,0,98,98,98,YES,
US14296,248,0,YES,2026-01,0,248,248,248,YES,
US14297,160,0,YES,2026-01,0,160,160,160,YES,
US14299,91,0,YES,2026-01,0,91,91,91,YES,
US1430,111,111,YES,2026-01,111,0,0,111,NO,First ledger beginning is not 0
US14300,363,0,YES,2026-01,0,363,363,363,YES,
US14301,505,0,YES,2026-01,0,505,505,505,YES,
US14302,70,0,YES,2026-01,0,70,70,70,YES,
US14303,191,0,YES,2026-01,0,191,191,191,YES,
US14304,159,0,YES,2026-01,0,159,159,159,YES,
US14306,437,39,YES,2026-01,0,437,437,476,YES,
US14308,0,0,YES,2026-01,0,0,0,0,NO,Starting balance is 0 or negative
US14309,130,0,YES,2026-01,0,130,130,130,YES,
US1431,240,240,YES,2026-01,240,0,0,240,NO,First ledger beginning is not 0
US14310,13,0,YES,2026-01,0,13,13,13,YES,
US14311,201,0,YES,2026-01,0,201,201,201,YES,
US14312,323,0,YES,2026-01,0,323,323,323,YES,
US14313,38,0,YES,2026-01,0,38,38,38,YES,
US14315,81,0,YES,2026-01,0,81,81,81,YES,
US14317,353,0,YES,2026-01,0,353,353,353,YES,
US14318,0,0,YES,2026-01,0,0,0,0,NO,Starting balance is 0 or negative
US1432,81,81,YES,2026-01,81,0,0,81,NO,First ledger beginning is not 0
US14320,157,0,YES,2026-01,0,157,157,157,YES,
US14321,17,0,YES,2026-01,0,17,17,17,YES,
US14322,99,0,YES,2026-01,0,99,99,99,YES,
US14323,55,0,YES,2026-01,0,55,55,55,YES,
US14325,46,0,YES,2026-01,0,46,46,46,YES,
US14327,209,0,YES,2026-01,0,209,209,209,YES,
US14328,620,118,YES,2026-01,0,620,620,738,YES,
US14329,70,0,YES,2026-01,0,70,70,70,YES,
US1433,961,961,YES,2026-01,961,0,0,961,NO,First ledger beginning is not 0
US14331,0,89,YES,2026-01,0,0,0,89,NO,Starting balance is 0 or negative
US14332,125,0,YES,2026-01,0,125,125,125,YES,
US14333,343,0,YES,2026-01,0,343,343,343,YES,
US14334,83,0,YES,2026-01,0,83,83,83,YES,
US14336,218,247,YES,2026-01,0,218,218,465,YES,
US14337,52,0,YES,2026-01,0,52,52,52,YES,
US14339,183,0,YES,2026-01,0,183,183,183,YES,
US14340,112,0,YES,2026-01,0,112,112,112,YES,
US14341,40,0,YES,2026-01,0,40,40,40,YES,
US14342,49,0,YES,2026-01,0,49,49,49,YES,
US14343,11,0,YES,2026-01,0,11,11,11,YES,
US14344,71,0,YES,2026-01,0,71,71,71,YES,
US14346,47,0,YES,2026-01,0,47,47,47,YES,
US14347,220,0,YES,2026-01,0,220,220,220,YES,
US14349,843,886,YES,2026-01,0,843,843,1729,YES,
US14351,95,0,YES,2026-01,0,95,95,95,YES,
US14352,521,88,YES,2026-01,0,521,521,609,YES,
US14353,189,0,YES,2026-01,0,189,189,189,YES,
US14354,0,0,YES,2026-01,0,0,0,0,NO,Starting balance is 0 or negative
US14355,176,0,YES,2026-01,0,176,176,176,YES,
US14357,16,0,YES,2026-01,0,16,16,16,YES,
US14358,111,0,YES,2026-01,0,111,111,111,YES,
US14359,119,0,YES,2026-01,0,119,119,119,YES,
US1436,412,412,YES,2026-01,412,0,0,412,NO,First ledger beginning is not 0
US14360,218,0,YES,2026-01,0,218,218,218,YES,
US14362,165,0,YES,2026-01,0,165,165,165,YES,
US14363,28,0,YES,2026-01,0,28,28,28,YES,
US14366,249,21,YES,2026-01,0,249,249,270,YES,
US14368,85,0,YES,2026-01,0,85,85,85,YES,
US14369,91,0,YES,2026-01,0,91,91,91,YES,
US1437,2011,2011,YES,2026-01,2011,0,0,2011,NO,First ledger beginning is not 0
US14373,417,0,YES,2026-01,0,417,417,417,YES,
US14375,132,132,YES,2026-01,132,0,0,132,NO,First ledger beginning is not 0
US14376,28,0,YES,2026-01,0,28,28,28,YES,
US14377,160,0,YES,2026-01,0,160,160,160,YES,
US14378,63,0,YES,2026-01,0,63,63,63,YES,
US14379,0,0,YES,2026-01,0,0,0,0,NO,Starting balance is 0 or negative
US14380,102,0,YES,2026-01,0,102,102,102,YES,
US14381,28,0,YES,2026-01,0,28,28,28,YES,
US14382,0,0,YES,2026-01,0,0,0,0,NO,Starting balance is 0 or negative
US14383,37,18,YES,2026-01,0,37,37,55,YES,
US14384,760,0,YES,2026-01,0,760,760,760,YES,
US14385,37,0,YES,2026-01,0,37,37,37,YES,
US14386,422,450,YES,2026-01,0,422,422,872,YES,
US14389,61,0,YES,2026-01,0,61,61,61,YES,
US1439,793,793,YES,2026-01,793,0,0,793,NO,First ledger beginning is not 0
US14390,624,0,YES,2026-01,0,624,624,624,YES,
US14392,266,0,YES,2026-01,0,266,266,266,YES,
US14395,326,25,YES,2026-01,0,326,326,351,YES,
US14397,50,0,YES,2026-01,0,50,50,50,YES,
US14398,76,21,YES,2026-01,0,76,76,97,YES,
US14399,26,0,YES,2026-01,0,26,26,26,YES,
US14400,666,30,YES,2026-01,0,666,666,696,YES,
US14401,441,0,YES,2026-01,0,441,441,441,YES,
US14403,188,32,YES,2026-01,0,188,188,220,YES,
US14404,15,23,YES,2026-01,0,15,15,38,YES,
US14407,13,0,YES,2026-01,0,13,13,13,YES,
US14408,156,0,YES,2026-01,0,156,156,156,YES,
US14409,362,0,YES,2026-01,0,362,362,362,YES,
US14410,28,0,YES,2026-01,0,28,28,28,YES,
US14411,58,0,YES,2026-01,0,58,58,58,YES,
US14412,162,0,YES,2026-01,0,162,162,162,YES,
US14413,154,0,YES,2026-01,0,154,154,154,YES,
US14417,25,19,YES,2026-01,0,25,25,44,YES,
US14418,91,0,YES,2026-01,0,91,91,91,YES,
US14419,41,0,YES,2026-01,0,41,41,41,YES,
US14420,92,15,YES,2026-01,0,92,92,107,YES,
US14421,120,0,YES,2026-01,0,120,120,120,YES,
US14422,104,0,YES,2026-01,0,104,104,104,YES,
US14423,82,0,YES,2026-01,0,82,82,82,YES,
US14424,28,0,YES,2026-01,0,28,28,28,YES,
US14425,0,0,YES,2026-01,0,0,0,0,NO,Starting balance is 0 or negative
US14426,30,0,YES,2026-01,0,30,30,30,YES,
US14428,152,0,YES,2026-01,0,152,152,152,YES,
US14429,450,0,YES,2026-01,0,450,450,450,YES,
US1443,139,139,YES,2026-01,139,0,0,139,NO,First ledger beginning is not 0
US14430,52,0,YES,2026-01,0,52,52,52,YES,
US14431,2365,0,YES,2026-01,0,2365,2365,2365,YES,
US14432,1950,95,YES,2026-01,0,1950,1950,2045,YES,
US14433,450,0,YES,2026-01,0,450,450,450,YES,
US14434,1527,19,YES,2026-01,0,1527,1527,1546,YES,
US14435,11,0,YES,2026-01,0,11,11,11,YES,
US14437,42,0,YES,2026-01,0,42,42,42,YES,
US14438,124,0,YES,2026-01,0,124,124,124,YES,
US1444,93,,NO,,,,0,,NO,Missing SR customer record
US14440,574,95,YES,2026-01,0,574,574,669,YES,
US14441,1386,0,YES,2026-01,0,1386,1386,1386,YES,
US14442,14,0,YES,2026-01,0,14,14,14,YES,
US14444,30,0,YES,2026-01,0,30,30,30,YES,
US14445,25,0,YES,2026-01,0,25,25,25,YES,
US14446,159,0,YES,2026-01,0,159,159,159,YES,
US14447,242,0,YES,2026-01,0,242,242,242,YES,
US14448,1025,,NO,,,,0,,NO,Missing SR customer record
US14449,0,0,YES,2026-01,0,0,0,0,NO,Starting balance is 0 or negative
US1445,56,98,YES,2026-01,56,0,0,98,NO,First ledger beginning is not 0
US14450,0,0,YES,2026-01,0,0,0,0,NO,Starting balance is 0 or negative
US14451,0,0,YES,2026-01,0,0,0,0,NO,Starting balance is 0 or negative
US14453,66,17,YES,2026-01,0,66,66,83,YES,
US14454,31,0,YES,2026-01,0,31,31,31,YES,
US14455,13,0,YES,2026-01,0,13,13,13,YES,
US14456,0,0,YES,2026-01,0,0,0,0,NO,Starting balance is 0 or negative
US14457,38,0,YES,2026-01,0,38,38,38,YES,
US14458,107,0,YES,2026-01,0,107,107,107,YES,
US14459,25,0,YES,2026-01,0,25,25,25,YES,
US1446,37,60,YES,2026-01,11,26,0,60,NO,First ledger beginning is not 0
US14460,69,226,YES,2026-01,0,69,69,295,YES,
US14461,113,0,YES,2026-01,0,113,113,113,YES,
US14462,116,0,YES,2026-01,0,116,116,116,YES,
US14463,69,0,YES,2026-01,0,69,69,69,YES,
US14464,0,0,YES,2026-01,0,0,0,0,NO,Starting balance is 0 or negative
US14465,21,0,YES,2026-01,0,21,21,21,YES,
US14468,137,0,YES,2026-01,0,137,137,137,YES,
US14470,259,41,YES,2026-01,0,259,259,300,YES,
US14471,482,0,YES,2026-01,0,482,482,482,YES,
US14472,112,0,YES,2026-01,0,112,112,112,YES,
US14474,23,0,YES,2026-01,0,23,23,23,YES,
US14476,234,0,YES,2026-01,0,234,234,234,YES,
US14477,76,0,YES,2026-01,0,76,76,76,YES,
US14478,0,0,YES,2026-01,0,0,0,0,NO,Starting balance is 0 or negative
US14480,13,31,YES,2026-01,0,13,13,44,YES,
US14481,0,88,YES,2026-01,0,0,0,88,NO,Starting balance is 0 or negative
US14483,57,26,YES,2026-01,0,57,57,83,YES,
US14484,0,0,YES,2026-01,0,0,0,0,NO,Starting balance is 0 or negative
US14485,101,0,YES,2026-01,0,101,101,101,YES,
US14486,11,11,YES,,0,11,11,22,YES,
US14487,71,0,YES,,0,71,71,71,YES,
US14490,732,0,YES,,0,732,732,732,YES,
US14491,948,0,YES,,0,948,948,948,YES,
US14492,113,0,YES,,0,113,113,113,YES,
US14493,28,0,YES,,0,28,28,28,YES,
US14494,7,0,YES,,0,7,7,7,YES,
US14496,50,0,YES,,0,50,50,50,YES,
US14497,0,0,YES,,0,0,0,0,NO,Starting balance is 0 or negative
US14498,36,0,YES,,0,36,36,36,YES,
US1450,3735,3842,YES,2026-01,3842,-107,0,3842,NO,First ledger beginning is not 0
US14502,170,0,YES,,0,170,170,170,YES,
US14503,0,0,YES,,0,0,0,0,NO,Starting balance is 0 or negative
US14504,0,0,YES,,0,0,0,0,NO,Starting balance is 0 or negative
US14506,98,0,YES,,0,98,98,98,YES,
US14508,0,0,YES,,0,0,0,0,NO,Starting balance is 0 or negative
US14509,110,0,YES,,0,110,110,110,YES,
US1451,78,0,YES,2026-01,0,78,78,78,YES,
US14510,32,0,YES,,0,32,32,32,YES,
US14512,31,0,YES,,0,31,31,31,YES,
US14514,0,0,YES,,0,0,0,0,NO,Starting balance is 0 or negative
US14515,62,0,YES,,0,62,62,62,YES,
US14516,44,0,YES,,0,44,44,44,YES,
US14517,0,0,YES,,0,0,0,0,NO,Starting balance is 0 or negative
US14518,57,0,YES,,0,57,57,57,YES,
US1452,63,63,YES,2026-01,63,0,0,63,NO,First ledger beginning is not 0
US14520,140,0,YES,,0,140,140,140,YES,
US14521,0,0,YES,,0,0,0,0,NO,Starting balance is 0 or negative
US14522,0,0,YES,,0,0,0,0,NO,Starting balance is 0 or negative
US14523,19,0,YES,,0,19,19,19,YES,
US14524,15,0,YES,,0,15,15,15,YES,
US14525,129,0,YES,,0,129,129,129,YES,
US14526,60,0,YES,,0,60,60,60,YES,
US14528,55,0,YES,,0,55,55,55,YES,
US14530,38,0,YES,,0,38,38,38,YES,
US14532,56,0,YES,,0,56,56,56,YES,
US14533,0,0,YES,,0,0,0,0,NO,Starting balance is 0 or negative
US14534,34,0,YES,,0,34,34,34,YES,
US14535,191,0,YES,,0,191,191,191,YES,
US14536,0,0,YES,,0,0,0,0,NO,Starting balance is 0 or negative
US14538,420,0,YES,,0,420,420,420,YES,
US14540,402,0,YES,,0,402,402,402,YES,
US14541,388,0,YES,,0,388,388,388,YES,
US14542,229,0,YES,,0,229,229,229,YES,
US14543,1142,0,YES,,0,1142,1142,1142,YES,
US14545,586,0,YES,,0,586,586,586,YES,
US14546,48,0,YES,,0,48,48,48,YES,
US14547,152,0,YES,,0,152,152,152,YES,
US14548,145,0,YES,,0,145,145,145,YES,
US14549,10,0,YES,,0,10,10,10,YES,
US14550,36,0,YES,,0,36,36,36,YES,
US14552,0,0,YES,,0,0,0,0,NO,Starting balance is 0 or negative
US14553,34,0,YES,,0,34,34,34,YES,
US14554,46,0,YES,,0,46,46,46,YES,
US14556,99,0,YES,,0,99,99,99,YES,
US14558,809,0,YES,,0,809,809,809,YES,
US14559,26,0,YES,,0,26,26,26,YES,
US14560,54,0,YES,,0,54,54,54,YES,
US14562,14,0,YES,,0,14,14,14,YES,
US14563,195,0,YES,,0,195,195,195,YES,
US14564,279,0,YES,,0,279,279,279,YES,
US14566,25,0,YES,,0,25,25,25,YES,
US14567,475,0,YES,,0,475,475,475,YES,
US14568,47,0,YES,,0,47,47,47,YES,
US14569,79,0,YES,,0,79,79,79,YES,
US14570,40,0,YES,,0,40,40,40,YES,
US14571,417,0,YES,,0,417,417,417,YES,
US14573,47,0,YES,,0,47,47,47,YES,
US14574,69,0,YES,,0,69,69,69,YES,
US14576,200,0,YES,,0,200,200,200,YES,
US14577,92,0,YES,,0,92,92,92,YES,
US14578,370,0,YES,,0,370,370,370,YES,
US14579,70,0,YES,,0,70,70,70,YES,
US1458,407,427,YES,2026-01,427,-20,0,427,NO,First ledger beginning is not 0
US14580,1,0,YES,,0,1,1,1,YES,
US14581,20,0,YES,,0,20,20,20,YES,
US14582,0,0,YES,,0,0,0,0,NO,Starting balance is 0 or negative
US14583,257,0,YES,,0,257,257,257,YES,
US14585,11,0,YES,,0,11,11,11,YES,
US14586,73,32,YES,2026-03,182,-109,0,32,NO,First ledger beginning is not 0
US14587,267,0,YES,,0,267,267,267,YES,
US14588,95,0,YES,,0,95,95,95,YES,
US14589,172,0,YES,,0,172,172,172,YES,
US14591,10,0,YES,,0,10,10,10,YES,
US14592,160,0,YES,,0,160,160,160,YES,
US14593,7,0,YES,,0,7,7,7,YES,
US14595,500,0,YES,,0,500,500,500,YES,
US14597,682,0,YES,,0,682,682,682,YES,
US14600,53,0,YES,,0,53,53,53,YES,
US14602,0,0,YES,,0,0,0,0,NO,Starting balance is 0 or negative
US14604,100,213,YES,,0,100,100,313,YES,
US14606,10,0,YES,,0,10,10,10,YES,
US14607,15,0,YES,,0,15,15,15,YES,
US14608,0,0,YES,,0,0,0,0,NO,Starting balance is 0 or negative
US1461,316,316,YES,2026-01,316,0,0,316,NO,First ledger beginning is not 0
US14610,68,0,YES,,0,68,68,68,YES,
US14611,59,0,YES,,0,59,59,59,YES,
US14613,37,0,YES,,0,37,37,37,YES,
US14614,2,0,YES,,0,2,2,2,YES,
US14616,625,0,YES,,0,625,625,625,YES,
US14619,0,0,YES,,0,0,0,0,NO,Starting balance is 0 or negative
US14620,236,0,YES,,0,236,236,236,YES,
US14621,78,0,YES,,0,78,78,78,YES,
US14622,26,0,YES,,0,26,26,26,YES,
US14625,61,0,YES,,0,61,61,61,YES,
US14627,49,0,YES,,0,49,49,49,YES,
US14630,0,0,YES,,0,0,0,0,NO,Starting balance is 0 or negative
US14632,88,0,YES,,0,88,88,88,YES,
US14633,451,0,YES,,0,451,451,451,YES,
US14634,63,0,YES,,0,63,63,63,YES,
US14636,175,0,YES,,0,175,175,175,YES,
US14637,380,400,YES,,0,380,380,780,YES,
US14638,257,0,YES,,0,257,257,257,YES,
US1464,2,2,YES,2026-01,2,0,0,2,NO,First ledger beginning is not 0
US14641,721,0,YES,,0,721,721,721,YES,
US14642,15,0,YES,,0,15,15,15,YES,
US14643,13,0,YES,,0,13,13,13,YES,
US14644,23,0,YES,,0,23,23,23,YES,
US14645,37,0,YES,,0,37,37,37,YES,
US1465,358,358,YES,2026-01,358,0,0,358,NO,First ledger beginning is not 0
US14650,97,0,YES,,0,97,97,97,YES,
US14651,38,0,YES,,0,38,38,38,YES,
US14652,26,0,YES,,0,26,26,26,YES,
US14653,70,0,YES,,0,70,70,70,YES,
US14655,95,0,YES,,0,95,95,95,YES,
US14656,257,0,YES,,0,257,257,257,YES,
US14658,44,0,YES,,0,44,44,44,YES,
US14659,0,0,NO,,0,0,0,0,NO,Starting balance is 0 or negative
US14660,85,0,YES,,0,85,85,85,YES,
US14661,11,0,YES,,0,11,11,11,YES,
US14662,154,0,YES,,0,154,154,154,YES,
US14665,60,0,YES,,0,60,60,60,YES,
US14666,146,0,YES,,0,146,146,146,YES,
US14667,29,0,YES,,0,29,29,29,YES,
US14668,0,0,YES,,0,0,0,0,NO,Starting balance is 0 or negative
US14671,111,0,YES,,0,111,111,111,YES,
US14672,657,0,YES,,0,657,657,657,YES,
US14673,17,0,YES,,0,17,17,17,YES,
US14674,25,0,YES,,0,25,25,25,YES,
US14676,908,0,YES,,0,908,908,908,YES,
US14677,10,0,YES,,0,10,10,10,YES,
US14678,108,0,YES,,0,108,108,108,YES,
US14680,0,0,YES,,0,0,0,0,NO,Starting balance is 0 or negative
US14681,14,0,YES,,0,14,14,14,YES,
US14682,119,0,YES,,0,119,119,119,YES,
US14684,133,0,YES,,0,133,133,133,YES,
US14685,170,0,YES,,0,170,170,170,YES,
US14687,0,0,YES,,0,0,0,0,NO,Starting balance is 0 or negative
US14688,401,0,YES,,0,401,401,401,YES,
US1469,131,148,YES,2026-01,148,-17,0,148,NO,First ledger beginning is not 0
US14690,77,0,YES,,0,77,77,77,YES,
US14691,249,0,YES,,0,249,249,249,YES,
US14695,19,0,YES,,0,19,19,19,YES,
US14696,103,208,YES,,0,103,103,311,YES,
US14698,242,0,YES,,0,242,242,242,YES,
US14699,302,0,YES,,0,302,302,302,YES,
US1470,1112,1112,YES,2026-01,1112,0,0,1112,NO,First ledger beginning is not 0
US14700,0,0,YES,,0,0,0,0,NO,Starting balance is 0 or negative
US14701,74,0,YES,,0,74,74,74,YES,
US14702,141,0,YES,,0,141,141,141,YES,
US14704,150,0,YES,,0,150,150,150,YES,
US14707,121,0,YES,,0,121,121,121,YES,
US14709,273,0,YES,,0,273,273,273,YES,
US14710,292,0,YES,,0,292,292,292,YES,
US14711,32,0,YES,,0,32,32,32,YES,
US14712,569,0,YES,,0,569,569,569,YES,
US14713,855,0,YES,,0,855,855,855,YES,
US14714,21,0,YES,,0,21,21,21,YES,
US14715,343,0,YES,,0,343,343,343,YES,
US14717,181,0,YES,,0,181,181,181,YES,
US14718,53,0,YES,,0,53,53,53,YES,
US14719,336,0,YES,,0,336,336,336,YES,
US14720,27,0,YES,,0,27,27,27,YES,
US14721,231,0,YES,,0,231,231,231,YES,
US14722,27,0,YES,,0,27,27,27,YES,
US14723,663,0,YES,,0,663,663,663,YES,
US14724,0,0,YES,,0,0,0,0,NO,Starting balance is 0 or negative
US14725,25,0,YES,,0,25,25,25,YES,
US14726,307,0,YES,,0,307,307,307,YES,
US14727,0,0,YES,,0,0,0,0,NO,Starting balance is 0 or negative
US14729,68,0,YES,,0,68,68,68,YES,
US14730,167,0,YES,,0,167,167,167,YES,
US14731,291,0,YES,,0,291,291,291,YES,
US14732,16,0,YES,,0,16,16,16,YES,
US14733,783,0,YES,,0,783,783,783,YES,
US14734,151,0,YES,,0,151,151,151,YES,
US14736,0,0,YES,,0,0,0,0,NO,Starting balance is 0 or negative
US14737,117,0,YES,,0,117,117,117,YES,
US14739,20,0,YES,,0,20,20,20,YES,
US14740,370,0,YES,,0,370,370,370,YES,
US14741,360,0,YES,,0,360,360,360,YES,
US14742,63,0,YES,,0,63,63,63,YES,
US14743,553,0,YES,,0,553,553,553,YES,
US14744,19,0,YES,,0,19,19,19,YES,
US14745,71,0,YES,,0,71,71,71,YES,
US14746,400,0,YES,,0,400,400,400,YES,
US14748,71,0,YES,,0,71,71,71,YES,
US1475,487,487,YES,2026-01,487,0,0,487,NO,First ledger beginning is not 0
US14750,355,0,YES,,0,355,355,355,YES,
US14751,64,0,YES,,0,64,64,64,YES,
US14752,145,0,YES,,0,145,145,145,YES,
US14753,151,0,YES,,0,151,151,151,YES,
US14755,197,0,YES,,0,197,197,197,YES,
US14757,154,0,YES,,0,154,154,154,YES,
US14759,0,0,YES,,0,0,0,0,NO,Starting balance is 0 or negative
US1476,4,2984,YES,2026-01,1001,-997,0,2984,NO,First ledger beginning is not 0
US14760,0,0,YES,,0,0,0,0,NO,Starting balance is 0 or negative
US14761,30,0,YES,,0,30,30,30,YES,
US14763,264,0,YES,,0,264,264,264,YES,
US14764,42,0,YES,,0,42,42,42,YES,
US14765,88,0,YES,,0,88,88,88,YES,
US14766,0,0,YES,,0,0,0,0,NO,Starting balance is 0 or negative
US14767,0,0,YES,,0,0,0,0,NO,Starting balance is 0 or negative
US14768,29,0,YES,,0,29,29,29,YES,
US14770,333,0,YES,,0,333,333,333,YES,
US14771,264,0,YES,,0,264,264,264,YES,
US14772,123,0,YES,,0,123,123,123,YES,
US14774,59,0,YES,,0,59,59,59,YES,
US14777,57,0,YES,,0,57,57,57,YES,
US14779,11,0,YES,,0,11,11,11,YES,
US14780,2521,0,YES,,0,2521,2521,2521,YES,
US14781,7,0,YES,,0,7,7,7,YES,
US14783,0,0,YES,,0,0,0,0,NO,Starting balance is 0 or negative
US14785,75,0,YES,,0,75,75,75,YES,
US14786,157,0,YES,,0,157,157,157,YES,
US14787,343,0,YES,,0,343,343,343,YES,
US14788,328,0,YES,,0,328,328,328,YES,
US14789,25,0,YES,,0,25,25,25,YES,
US1479,20,20,YES,2026-01,20,0,0,20,NO,First ledger beginning is not 0
US14790,149,0,YES,,0,149,149,149,YES,
US14791,29,0,YES,,0,29,29,29,YES,
US14792,160,0,YES,,0,160,160,160,YES,
US14794,334,0,YES,,0,334,334,334,YES,
US14795,0,0,YES,,0,0,0,0,NO,Starting balance is 0 or negative
US14796,323,0,YES,,0,323,323,323,YES,
US14797,485,0,YES,,0,485,485,485,YES,
US14798,0,0,YES,,0,0,0,0,NO,Starting balance is 0 or negative
US14801,171,0,YES,,0,171,171,171,YES,
US14804,12,0,YES,,0,12,12,12,YES,
US14805,13,0,YES,,0,13,13,13,YES,
US14806,504,0,YES,,0,504,504,504,YES,
US14808,105,0,YES,,0,105,105,105,YES,
US14809,9,0,YES,,0,9,9,9,YES,
US1481,90,90,YES,2026-01,90,0,0,90,NO,First ledger beginning is not 0
US14810,76,0,YES,,0,76,76,76,YES,
US14811,81,0,YES,,0,81,81,81,YES,
US14813,575,0,YES,,0,575,575,575,YES,
US14814,1124,0,YES,,0,1124,1124,1124,YES,
US14815,21,0,YES,,0,21,21,21,YES,
US14816,86,0,YES,,0,86,86,86,YES,
US14818,155,0,YES,,0,155,155,155,YES,
US14819,173,173,YES,,0,173,173,346,YES,
US14822,470,0,YES,,0,470,470,470,YES,
US14823,214,0,YES,,0,214,214,214,YES,
US14824,628,0,YES,,0,628,628,628,YES,
US14827,84,0,YES,,0,84,84,84,YES,
US14828,0,0,YES,,0,0,0,0,NO,Starting balance is 0 or negative
US14829,283,0,YES,,0,283,283,283,YES,
US1483,40,40,YES,2026-01,40,0,0,40,NO,First ledger beginning is not 0
US14830,61,0,YES,,0,61,61,61,YES,
US14831,48,0,YES,,0,48,48,48,YES,
US14832,366,0,YES,,0,366,366,366,YES,
US14834,11,0,YES,,0,11,11,11,YES,
US14835,126,0,YES,,0,126,126,126,YES,
US14836,37,0,YES,,0,37,37,37,YES,
US14837,96,0,YES,,0,96,96,96,YES,
US14839,208,0,YES,,0,208,208,208,YES,
US1484,301,317,YES,2026-01,301,0,0,317,NO,First ledger beginning is not 0
US14840,0,0,YES,,0,0,0,0,NO,Starting balance is 0 or negative
US14842,237,0,YES,,0,237,237,237,YES,
US14843,23,0,YES,,0,23,23,23,YES,
US14844,277,0,YES,,0,277,277,277,YES,
US14845,33,0,YES,,0,33,33,33,YES,
US14846,0,0,YES,,0,0,0,0,NO,Starting balance is 0 or negative
US1485,1320,1320,YES,2026-01,1320,0,0,1320,NO,First ledger beginning is not 0
US14850,354,0,YES,,0,354,354,354,YES,
US14852,23,0,YES,,0,23,23,23,YES,
US14853,267,0,YES,,0,267,267,267,YES,
US14854,73,0,YES,,0,73,73,73,YES,
US14855,71,0,YES,,0,71,71,71,YES,
US14856,62,0,YES,,0,62,62,62,YES,
US14857,5,0,YES,,0,5,5,5,YES,
US14858,239,0,YES,,0,239,239,239,YES,
US14859,117,0,YES,,0,117,117,117,YES,
US1486,3634,3634,YES,2026-01,3634,0,0,3634,NO,First ledger beginning is not 0
US14860,259,0,YES,,0,259,259,259,YES,
US14861,0,0,YES,,0,0,0,0,NO,Starting balance is 0 or negative
US14862,35,0,YES,,0,35,35,35,YES,
US14864,107,0,YES,,0,107,107,107,YES,
US14865,472,0,YES,,0,472,472,472,YES,
US14866,130,0,YES,,0,130,130,130,YES,
US14867,38,0,YES,,0,38,38,38,YES,
US14868,71,0,YES,,0,71,71,71,YES,
US14869,304,0,YES,,0,304,304,304,YES,
US14870,260,0,YES,,0,260,260,260,YES,
US14871,8,0,YES,,0,8,8,8,YES,
US14872,22,0,YES,,0,22,22,22,YES,
US14873,38,0,YES,,0,38,38,38,YES,
US14874,635,0,YES,,0,635,635,635,YES,
US14875,38,0,YES,,0,38,38,38,YES,
US14876,17,0,YES,,0,17,17,17,YES,
US14877,0,0,YES,,0,0,0,0,NO,Starting balance is 0 or negative
US14878,51,0,YES,,0,51,51,51,YES,
US14879,69,0,YES,,0,69,69,69,YES,
US14880,37,0,YES,,0,37,37,37,YES,
US14882,548,0,YES,,0,548,548,548,YES,
US14884,132,0,YES,,0,132,132,132,YES,
US14885,228,0,YES,,0,228,228,228,YES,
US14887,325,0,YES,,0,325,325,325,YES,
US14889,55,0,YES,,0,55,55,55,YES,
US14890,5,0,YES,,0,5,5,5,YES,
US14891,50,0,YES,,0,50,50,50,YES,
US14892,0,0,YES,,0,0,0,0,NO,Starting balance is 0 or negative
US14894,168,0,YES,,0,168,168,168,YES,
US14895,242,0,YES,,0,242,242,242,YES,
US14897,-1790,0,YES,,0,-1790,0,0,NO,Starting balance is 0 or negative
US14899,160,0,YES,,0,160,160,160,YES,
US1490,22,38,YES,2026-01,38,-16,0,38,NO,First ledger beginning is not 0
US14900,135,0,YES,,0,135,135,135,YES,
US14901,-58,0,YES,,0,-58,0,0,NO,Starting balance is 0 or negative
US14902,211,0,YES,,0,211,211,211,YES,
US14903,13,0,YES,,0,13,13,13,YES,
US14904,147,0,YES,,0,147,147,147,YES,
US14905,122,0,YES,,0,122,122,122,YES,
US14906,23,0,YES,,0,23,23,23,YES,
US14907,67,0,YES,,0,67,67,67,YES,
US14909,202,0,YES,,0,202,202,202,YES,
US1491,31,1,YES,2026-01,0,31,31,32,YES,
US14911,73,0,YES,,0,73,73,73,YES,
US14912,73,0,YES,,0,73,73,73,YES,
US14914,268,0,YES,,0,268,268,268,YES,
US14915,39,0,YES,,0,39,39,39,YES,
US14917,99,0,YES,,0,99,99,99,YES,
US14918,0,0,YES,,0,0,0,0,NO,Starting balance is 0 or negative
US14919,414,0,YES,,0,414,414,414,YES,
US1492,325,11,YES,2026-01,11,314,0,11,NO,First ledger beginning is not 0
US14921,2,0,YES,,0,2,2,2,YES,
US14922,0,0,YES,,0,0,0,0,NO,Starting balance is 0 or negative
US14923,1442,0,YES,,0,1442,1442,1442,YES,
US14924,791,0,YES,,0,791,791,791,YES,
US14926,0,0,YES,,0,0,0,0,NO,Starting balance is 0 or negative
US14927,316,0,YES,,0,316,316,316,YES,
US14928,737,0,YES,,0,737,737,737,YES,
US1493,138,138,YES,2026-01,138,0,0,138,NO,First ledger beginning is not 0
US14932,10,0,YES,,0,10,10,10,YES,
US14933,205,0,YES,,0,205,205,205,YES,
US14937,62,0,YES,,0,62,62,62,YES,
US14939,313,0,YES,,0,313,313,313,YES,
US14940,1109,0,YES,,0,1109,1109,1109,YES,
US14942,363,0,YES,,0,363,363,363,YES,
US14943,250,0,YES,,0,250,250,250,YES,
US14944,62,0,YES,,0,62,62,62,YES,
US14945,1,0,YES,,0,1,1,1,YES,
US14947,342,0,YES,,0,342,342,342,YES,
US14948,66,0,YES,,0,66,66,66,YES,
US14949,37,0,YES,,0,37,37,37,YES,
US14950,31,0,YES,,0,31,31,31,YES,
US14951,145,0,YES,,0,145,145,145,YES,
US14953,89,,NO,,,,0,,NO,Missing SR customer record
US14954,614,0,YES,,0,614,614,614,YES,
US14955,0,,NO,,,,0,,NO,Missing SR customer record
US14956,34,0,YES,,0,34,34,34,YES,
US14957,248,0,YES,,0,248,248,248,YES,
US14958,285,0,YES,,0,285,285,285,YES,
US14959,175,0,YES,,0,175,175,175,YES,
US1496,262,262,YES,2026-01,262,0,0,262,NO,First ledger beginning is not 0
US14960,29,0,YES,,0,29,29,29,YES,
US14961,108,0,YES,,0,108,108,108,YES,
US14962,48,0,YES,,0,48,48,48,YES,
US14963,115,0,YES,,0,115,115,115,YES,
US14965,0,0,YES,,0,0,0,0,NO,Starting balance is 0 or negative
US14966,0,0,YES,,0,0,0,0,NO,Starting balance is 0 or negative
US14967,377,0,YES,,0,377,377,377,YES,
US14968,293,0,YES,,0,293,293,293,YES,
US14969,0,0,YES,,0,0,0,0,NO,Starting balance is 0 or negative
US1497,19,44,YES,2026-01,19,0,0,44,NO,First ledger beginning is not 0
US14972,155,0,YES,,0,155,155,155,YES,
US14974,79,0,YES,,0,79,79,79,YES,
US14975,38,0,YES,,0,38,38,38,YES,
US14976,114,0,YES,,0,114,114,114,YES,
US14977,11,11,NO,,0,11,11,22,YES,
US14979,332,0,YES,,0,332,332,332,YES,
US14980,0,0,YES,,0,0,0,0,NO,Starting balance is 0 or negative
US14981,634,0,YES,,0,634,634,634,YES,
US14982,52,0,YES,,0,52,52,52,YES,
US14983,277,0,YES,,0,277,277,277,YES,
US14984,0,0,YES,,0,0,0,0,NO,Starting balance is 0 or negative
US14985,0,0,YES,,0,0,0,0,NO,Starting balance is 0 or negative
US14986,314,0,YES,,0,314,314,314,YES,
US14987,20,0,YES,,0,20,20,20,YES,
US14988,49,0,YES,,0,49,49,49,YES,
US14989,0,0,YES,,0,0,0,0,NO,Starting balance is 0 or negative
US1499,1202,20,YES,2026-01,20,1182,0,20,NO,First ledger beginning is not 0
US14990,28,0,YES,,0,28,28,28,YES,
US14993,186,0,YES,,0,186,186,186,YES,
US14996,187,0,YES,,0,187,187,187,YES,
US14999,156,0,YES,,0,156,156,156,YES,
US1500,1219,1219,YES,2026-01,1219,0,0,1219,NO,First ledger beginning is not 0
US15000,35,0,YES,,0,35,35,35,YES,
US15003,919,0,YES,,0,919,919,919,YES,
US15004,690,0,YES,,0,690,690,690,YES,
US15006,23,0,YES,,0,23,23,23,YES,
US15007,121,0,YES,,0,121,121,121,YES,
US15008,32,0,YES,,0,32,32,32,YES,
US15010,0,0,YES,,0,0,0,0,NO,Starting balance is 0 or negative
US15011,193,0,YES,,0,193,193,193,YES,
US15013,415,0,YES,,0,415,415,415,YES,
US15014,206,0,YES,,0,206,206,206,YES,
US15015,143,0,YES,,0,143,143,143,YES,
US15016,164,0,YES,,0,164,164,164,YES,
US15017,86,0,YES,,0,86,86,86,YES,
US15018,0,0,YES,,0,0,0,0,NO,Starting balance is 0 or negative
US150183,0,0,NO,,0,0,0,0,NO,Starting balance is 0 or negative
US15019,0,0,YES,,0,0,0,0,NO,Starting balance is 0 or negative
US15020,202,0,YES,,0,202,202,202,YES,
US15021,1756,0,YES,,0,1756,1756,1756,YES,
US15022,0,0,YES,,0,0,0,0,NO,Starting balance is 0 or negative
US15024,43,0,YES,,0,43,43,43,YES,
US15026,603,0,YES,,0,603,603,603,YES,
US15027,259,0,YES,,0,259,259,259,YES,
US15028,0,0,YES,,0,0,0,0,NO,Starting balance is 0 or negative
US15029,155,0,YES,,0,155,155,155,YES,
US15030,290,0,YES,,0,290,290,290,YES,
US15032,157,0,YES,,0,157,157,157,YES,
US15034,414,0,YES,,0,414,414,414,YES,
US15035,52,0,YES,,0,52,52,52,YES,
US15037,174,0,YES,,0,174,174,174,YES,
US15038,19,0,YES,,0,19,19,19,YES,
US15039,104,104,YES,,0,104,104,208,YES,
US15040,24,0,YES,,0,24,24,24,YES,
US15041,35,0,YES,,0,35,35,35,YES,
US15042,23,0,YES,,0,23,23,23,YES,
US15043,273,0,YES,,0,273,273,273,YES,
US15044,0,0,YES,,0,0,0,0,NO,Starting balance is 0 or negative
US15045,123,0,YES,,0,123,123,123,YES,
US15046,194,0,YES,,0,194,194,194,YES,
US15047,0,0,YES,,0,0,0,0,NO,Starting balance is 0 or negative
US15048,0,0,YES,,0,0,0,0,NO,Starting balance is 0 or negative
US15049,114,0,YES,,0,114,114,114,YES,
US1505,55,55,YES,2026-01,55,0,0,55,NO,First ledger beginning is not 0
US15050,42,0,YES,,0,42,42,42,YES,
US15051,86,0,YES,,0,86,86,86,YES,
US15052,126,0,YES,,0,126,126,126,YES,
US15053,99,0,YES,,0,99,99,99,YES,
US15054,37,0,YES,,0,37,37,37,YES,
US15056,0,0,YES,,0,0,0,0,NO,Starting balance is 0 or negative
US15057,11,0,YES,,0,11,11,11,YES,
US15060,45,0,YES,,0,45,45,45,YES,
US15061,232,0,YES,,0,232,232,232,YES,
US15062,62,0,YES,,0,62,62,62,YES,
US15063,63,0,YES,,0,63,63,63,YES,
US15064,54,0,YES,,0,54,54,54,YES,
US15065,80,0,YES,,0,80,80,80,YES,
US15066,79,0,YES,,0,79,79,79,YES,
US15067,113,0,YES,,0,113,113,113,YES,
US15068,14,0,YES,,0,14,14,14,YES,
US15069,184,0,YES,,0,184,184,184,YES,
US1507,251,251,YES,2026-01,251,0,0,251,NO,First ledger beginning is not 0
US15070,64,0,YES,,0,64,64,64,YES,
US15072,631,0,YES,,0,631,631,631,YES,
US15074,663,0,YES,,0,663,663,663,YES,
US15075,204,0,YES,,0,204,204,204,YES,
US15076,68,0,YES,,0,68,68,68,YES,
US15078,315,0,YES,,0,315,315,315,YES,
US15080,191,0,YES,,0,191,191,191,YES,
US15081,46,0,YES,,0,46,46,46,YES,
US15082,38,0,YES,,0,38,38,38,YES,
US15084,176,0,YES,,0,176,176,176,YES,
US15085,442,0,YES,,0,442,442,442,YES,
US15087,66,0,YES,,0,66,66,66,YES,
US15089,311,0,YES,,0,311,311,311,YES,
US15091,54,0,YES,,0,54,54,54,YES,
US15092,0,0,YES,,0,0,0,0,NO,Starting balance is 0 or negative
US15093,206,0,YES,,0,206,206,206,YES,
US15096,227,0,YES,,0,227,227,227,YES,
US15097,34,0,YES,,0,34,34,34,YES,
US15098,152,0,YES,,0,152,152,152,YES,
US15099,399,0,YES,,0,399,399,399,YES,
US1510,1447,1691,YES,2026-01,0,1447,1447,3138,YES,
US15100,884,0,YES,,0,884,884,884,YES,
US15101,163,0,YES,,0,163,163,163,YES,
US15102,18,0,YES,,0,18,18,18,YES,
US15103,370,0,YES,,0,370,370,370,YES,
US15104,178,0,YES,,0,178,178,178,YES,
US15105,0,0,YES,,0,0,0,0,NO,Starting balance is 0 or negative
US15106,12,0,YES,,0,12,12,12,YES,
US15107,65,0,YES,,0,65,65,65,YES,
US15108,209,0,YES,,0,209,209,209,YES,
US15109,51,0,YES,,0,51,51,51,YES,
US15110,58,0,YES,,0,58,58,58,YES,
US15111,865,0,YES,,0,865,865,865,YES,
US15113,416,0,YES,,0,416,416,416,YES,
US15115,0,0,YES,,0,0,0,0,NO,Starting balance is 0 or negative
US15116,10,0,YES,,0,10,10,10,YES,
US15117,442,0,YES,,0,442,442,442,YES,
US15118,67,0,YES,,0,67,67,67,YES,
US1512,301,301,YES,2026-01,301,0,0,301,NO,First ledger beginning is not 0
US15120,174,0,YES,,0,174,174,174,YES,
US15121,123,0,YES,,0,123,123,123,YES,
US15122,86,0,YES,,0,86,86,86,YES,
US15123,27,0,YES,,0,27,27,27,YES,
US15124,0,0,YES,,0,0,0,0,NO,Starting balance is 0 or negative
US15125,67,0,YES,,0,67,67,67,YES,
US15126,0,0,YES,,0,0,0,0,NO,Starting balance is 0 or negative
US15129,0,0,YES,,0,0,0,0,NO,Starting balance is 0 or negative
US15132,0,0,YES,,0,0,0,0,NO,Starting balance is 0 or negative
US15133,210,0,YES,,0,210,210,210,YES,
US15134,14,0,YES,,0,14,14,14,YES,
US15135,16,0,YES,,0,16,16,16,YES,
US15138,203,0,YES,,0,203,203,203,YES,
US15139,228,0,YES,,0,228,228,228,YES,
US15140,0,0,YES,,0,0,0,0,NO,Starting balance is 0 or negative
US15141,101,0,YES,,0,101,101,101,YES,
US15142,239,0,YES,,0,239,239,239,YES,
US15143,30,0,YES,,0,30,30,30,YES,
US15144,63,0,YES,,0,63,63,63,YES,
US15145,163,0,YES,,0,163,163,163,YES,
US15146,0,0,YES,,0,0,0,0,NO,Starting balance is 0 or negative
US15147,17,0,YES,,0,17,17,17,YES,
US15148,312,0,YES,,0,312,312,312,YES,
US1515,1,0,YES,2026-01,91,-90,0,0,NO,First ledger beginning is not 0
US15150,20,20,YES,,0,20,20,40,YES,
US15151,168,0,YES,,0,168,168,168,YES,
US15152,242,0,YES,,0,242,242,242,YES,
US15153,10,0,YES,,0,10,10,10,YES,
US15155,31,0,YES,,0,31,31,31,YES,
US15156,308,0,YES,,0,308,308,308,YES,
US15157,242,0,YES,,0,242,242,242,YES,
US15158,2181,0,YES,,0,2181,2181,2181,YES,
US1516,261,261,YES,2026-01,261,0,0,261,NO,First ledger beginning is not 0
US15160,11,0,YES,,0,11,11,11,YES,
US15161,22,0,YES,,0,22,22,22,YES,
US15162,532,0,YES,,0,532,532,532,YES,
US15163,330,0,YES,,0,330,330,330,YES,
US15164,91,0,YES,,0,91,91,91,YES,
US15165,32,0,YES,,0,32,32,32,YES,
US15166,600,0,YES,,0,600,600,600,YES,
US15168,218,0,YES,,0,218,218,218,YES,
US15169,20,0,YES,,0,20,20,20,YES,
US1517,81,152,YES,2026-01,62,19,0,152,NO,First ledger beginning is not 0
US15170,1906,0,YES,,0,1906,1906,1906,YES,
US15171,207,0,YES,,0,207,207,207,YES,
US15172,263,0,YES,,0,263,263,263,YES,
US15173,132,0,YES,,0,132,132,132,YES,
US15175,0,0,YES,,0,0,0,0,NO,Starting balance is 0 or negative
US15176,101,0,YES,,0,101,101,101,YES,
US15178,90,0,YES,,0,90,90,90,YES,
US15179,36,0,YES,,0,36,36,36,YES,
US1518,263,263,YES,2026-01,263,0,0,263,NO,First ledger beginning is not 0
US15180,186,0,YES,,0,186,186,186,YES,
US15181,0,0,YES,,0,0,0,0,NO,Starting balance is 0 or negative
US15182,49,0,YES,,0,49,49,49,YES,
US15183,151,0,YES,,0,151,151,151,YES,
US15184,149,0,YES,,0,149,149,149,YES,
US15185,17,0,YES,,0,17,17,17,YES,
US15186,263,0,YES,,0,263,263,263,YES,
US15187,197,0,YES,,0,197,197,197,YES,
US15188,530,0,YES,,0,530,530,530,YES,
US15190,80,0,YES,,0,80,80,80,YES,
US15192,1095,0,YES,,0,1095,1095,1095,YES,
US15193,0,0,YES,,0,0,0,0,NO,Starting balance is 0 or negative
US15194,0,0,YES,,0,0,0,0,NO,Starting balance is 0 or negative
US15195,30,0,YES,,0,30,30,30,YES,
US15196,454,0,YES,,0,454,454,454,YES,
US15197,31,0,YES,,0,31,31,31,YES,
US15198,17,0,YES,,0,17,17,17,YES,
US1520,145,145,YES,2026-01,145,0,0,145,NO,First ledger beginning is not 0
US15201,293,0,YES,,0,293,293,293,YES,
US15203,80,0,YES,,0,80,80,80,YES,
US15204,160,253,YES,,0,160,160,413,YES,
US15205,437,0,YES,,0,437,437,437,YES,
US15206,594,0,YES,,0,594,594,594,YES,
US15208,101,0,YES,,0,101,101,101,YES,
US15209,280,0,YES,,0,280,280,280,YES,
US15210,443,0,YES,,0,443,443,443,YES,
US15211,0,0,YES,,0,0,0,0,NO,Starting balance is 0 or negative
US15212,173,0,YES,,0,173,173,173,YES,
US15213,266,0,YES,,0,266,266,266,YES,
US15214,0,0,YES,,0,0,0,0,NO,Starting balance is 0 or negative
US15218,306,0,YES,,0,306,306,306,YES,
US15221,284,0,YES,,0,284,284,284,YES,
US15224,138,0,YES,,0,138,138,138,YES,
US15225,24,,NO,,,,0,,NO,Missing SR customer record
US15226,471,0,YES,,0,471,471,471,YES,
US15227,121,0,YES,,0,121,121,121,YES,
US15228,23,0,YES,,0,23,23,23,YES,
US15229,11,0,YES,,0,11,11,11,YES,
US15230,16,0,YES,,0,16,16,16,YES,
US15231,36,0,YES,,0,36,36,36,YES,
US15232,608,0,YES,,0,608,608,608,YES,
US15233,216,0,YES,,0,216,216,216,YES,
US15234,59,0,YES,,0,59,59,59,YES,
US15235,0,0,YES,,0,0,0,0,NO,Starting balance is 0 or negative
US15236,302,0,YES,,0,302,302,302,YES,
US15237,11,0,YES,,0,11,11,11,YES,
US15238,0,0,YES,,0,0,0,0,NO,Starting balance is 0 or negative
US15239,0,0,YES,,0,0,0,0,NO,Starting balance is 0 or negative
US15241,224,0,YES,,0,224,224,224,YES,
US15242,41,0,YES,,0,41,41,41,YES,
US15243,155,0,YES,,0,155,155,155,YES,
US15244,141,18,YES,2026-03,316,-175,0,18,NO,First ledger beginning is not 0
US15245,279,0,YES,,0,279,279,279,YES,
US15246,166,0,YES,,0,166,166,166,YES,
US15248,25,0,YES,,0,25,25,25,YES,
US15249,31,0,YES,,0,31,31,31,YES,
US15250,154,0,YES,,0,154,154,154,YES,
US15251,40,0,YES,,0,40,40,40,YES,
US15252,53,0,YES,,0,53,53,53,YES,
US15253,28,0,YES,,0,28,28,28,YES,
US15254,87,0,YES,,0,87,87,87,YES,
US15257,81,0,YES,,0,81,81,81,YES,
US15258,346,0,YES,,0,346,346,346,YES,
US15259,139,0,YES,,0,139,139,139,YES,
US1526,897,897,YES,2026-01,897,0,0,897,NO,First ledger beginning is not 0
US15260,303,0,YES,,0,303,303,303,YES,
US15261,134,134,YES,,0,134,134,268,YES,
US15262,0,0,YES,,0,0,0,0,NO,Starting balance is 0 or negative
US15263,50,0,YES,,0,50,50,50,YES,
US15264,24,0,YES,,0,24,24,24,YES,
US15265,23,0,YES,,0,23,23,23,YES,
US15266,85,0,YES,,0,85,85,85,YES,
US15267,45,0,YES,,0,45,45,45,YES,
US15268,75,0,YES,,0,75,75,75,YES,
US15269,172,0,YES,,0,172,172,172,YES,
US1527,1156,1156,YES,2026-01,1156,0,0,1156,NO,First ledger beginning is not 0
US15270,216,0,YES,,0,216,216,216,YES,
US15271,22,0,YES,,0,22,22,22,YES,
US15272,64,0,YES,,0,64,64,64,YES,
US15274,64,0,YES,,0,64,64,64,YES,
US15275,0,0,YES,,0,0,0,0,NO,Starting balance is 0 or negative
US15276,71,0,YES,,0,71,71,71,YES,
US15277,0,0,YES,,0,0,0,0,NO,Starting balance is 0 or negative
US15280,164,0,YES,,0,164,164,164,YES,
US15281,0,0,YES,,0,0,0,0,NO,Starting balance is 0 or negative
US15283,17,0,YES,,0,17,17,17,YES,
US15285,200,0,YES,,0,200,200,200,YES,
US15286,10,0,YES,,0,10,10,10,YES,
US15287,85,0,YES,,0,85,85,85,YES,
US15288,73,0,YES,,0,73,73,73,YES,
US15289,134,0,YES,,0,134,134,134,YES,
US15290,0,0,YES,,0,0,0,0,NO,Starting balance is 0 or negative
US15291,89,0,YES,,0,89,89,89,YES,
US15292,115,0,YES,,0,115,115,115,YES,
US15294,20,0,YES,,0,20,20,20,YES,
US15296,13,0,YES,,0,13,13,13,YES,
US15297,328,0,YES,,0,328,328,328,YES,
US15298,179,0,YES,,0,179,179,179,YES,
US15299,46,0,YES,,0,46,46,46,YES,
US1530,995,995,YES,2026-01,995,0,0,995,NO,First ledger beginning is not 0
US15300,0,0,YES,,0,0,0,0,NO,Starting balance is 0 or negative
US15301,147,0,YES,,0,147,147,147,YES,
US15302,0,0,YES,,0,0,0,0,NO,Starting balance is 0 or negative
US15303,0,8,YES,2026-02,30,-30,0,8,NO,Starting balance is 0 or negative
US15304,10,0,YES,,0,10,10,10,YES,
US15306,12,0,YES,,0,12,12,12,YES,
US15307,665,0,YES,,0,665,665,665,YES,
US15308,34,0,YES,,0,34,34,34,YES,
US15309,0,0,YES,,0,0,0,0,NO,Starting balance is 0 or negative
US15310,32,0,YES,,0,32,32,32,YES,
US15311,23,0,YES,,0,23,23,23,YES,
US15312,38,0,YES,,0,38,38,38,YES,
US15313,0,0,YES,,0,0,0,0,NO,Starting balance is 0 or negative
US15314,64,0,YES,,0,64,64,64,YES,
US15315,275,0,YES,,0,275,275,275,YES,
US15316,351,0,YES,,0,351,351,351,YES,
US15317,0,0,YES,,0,0,0,0,NO,Starting balance is 0 or negative
US15318,44,0,YES,,0,44,44,44,YES,
US15319,100,0,YES,,0,100,100,100,YES,
US15320,508,0,YES,,0,508,508,508,YES,
US15321,134,0,YES,,0,134,134,134,YES,
US15322,16,0,YES,,0,16,16,16,YES,
US15323,92,0,YES,,0,92,92,92,YES,
US15324,37,0,YES,,0,37,37,37,YES,
US15325,0,0,YES,,0,0,0,0,NO,Starting balance is 0 or negative
US15326,0,0,YES,,0,0,0,0,NO,Starting balance is 0 or negative
US15327,68,0,YES,,0,68,68,68,YES,
US15328,28,0,YES,,0,28,28,28,YES,
US15329,31,0,YES,,0,31,31,31,YES,
US15330,41,0,YES,,0,41,41,41,YES,
US15331,116,0,YES,,0,116,116,116,YES,
US15332,266,0,YES,,0,266,266,266,YES,
US15333,0,0,YES,,0,0,0,0,NO,Starting balance is 0 or negative
US15334,205,0,YES,,0,205,205,205,YES,
US15335,0,0,YES,,0,0,0,0,NO,Starting balance is 0 or negative
US15336,413,0,YES,,0,413,413,413,YES,
US15337,108,0,YES,,0,108,108,108,YES,
US15338,37,0,YES,,0,37,37,37,YES,
US15340,168,0,YES,,0,168,168,168,YES,
US15341,309,0,YES,,0,309,309,309,YES,
US15342,2167,0,YES,,0,2167,2167,2167,YES,
US153428,0,0,YES,2026-03,0,0,0,0,NO,Starting balance is 0 or negative
US15343,168,0,YES,,0,168,168,168,YES,
US15344,142,0,YES,,0,142,142,142,YES,
US15345,118,0,YES,,0,118,118,118,YES,
US15346,50,0,YES,,0,50,50,50,YES,
US15347,170,0,YES,,0,170,170,170,YES,
US15348,79,0,YES,,0,79,79,79,YES,
US15349,14,0,YES,,0,14,14,14,YES,
US1535,57,57,YES,2026-01,57,0,0,57,NO,First ledger beginning is not 0
US15350,0,0,YES,,0,0,0,0,NO,Starting balance is 0 or negative
US15351,61,0,YES,,0,61,61,61,YES,
US15353,43,0,YES,,0,43,43,43,YES,
US15354,178,0,YES,,0,178,178,178,YES,
US15356,128,0,YES,,0,128,128,128,YES,
US15357,99,0,YES,,0,99,99,99,YES,
US15358,13,0,YES,,0,13,13,13,YES,
US15359,77,0,YES,,0,77,77,77,YES,
US1536,770,770,YES,2026-01,770,0,0,770,NO,First ledger beginning is not 0
US15360,196,0,YES,,0,196,196,196,YES,
US15362,33,0,YES,,0,33,33,33,YES,
US15364,281,0,YES,,0,281,281,281,YES,
US15365,78,0,YES,,0,78,78,78,YES,
US15367,0,0,NO,,0,0,0,0,NO,Starting balance is 0 or negative
US15368,81,0,YES,,0,81,81,81,YES,
US15369,262,0,YES,,0,262,262,262,YES,
US15371,12,0,YES,,0,12,12,12,YES,
US15372,266,343,YES,,0,266,266,609,YES,
US15373,40,0,YES,,0,40,40,40,YES,
US15374,201,0,YES,,0,201,201,201,YES,
US15375,11,0,YES,,0,11,11,11,YES,
US15376,0,0,YES,,0,0,0,0,NO,Starting balance is 0 or negative
US15377,236,0,YES,,0,236,236,236,YES,
US15379,379,0,YES,,0,379,379,379,YES,
US1538,2245,2245,YES,2026-01,2245,0,0,2245,NO,First ledger beginning is not 0
US15380,32,0,YES,,0,32,32,32,YES,
US15381,79,0,YES,,0,79,79,79,YES,
US15382,13,0,YES,,0,13,13,13,YES,
US15383,60,0,YES,,0,60,60,60,YES,
US15384,80,0,YES,,0,80,80,80,YES,
US15385,0,,NO,,,,0,,NO,Missing SR customer record
US15386,66,0,YES,,0,66,66,66,YES,
US15387,27,0,YES,,0,27,27,27,YES,
US15388,91,0,YES,,0,91,91,91,YES,
US15389,0,0,YES,,0,0,0,0,NO,Starting balance is 0 or negative
US15391,352,0,YES,,0,352,352,352,YES,
US15394,48,0,YES,,0,48,48,48,YES,
US15396,91,0,YES,,0,91,91,91,YES,
US15397,205,0,YES,,0,205,205,205,YES,
US15399,162,0,YES,,0,162,162,162,YES,
US1540,27,27,YES,2026-01,27,0,0,27,NO,First ledger beginning is not 0
US15401,56,0,YES,,0,56,56,56,YES,
US15402,155,0,YES,,0,155,155,155,YES,
US15403,116,0,YES,,0,116,116,116,YES,
US15404,0,0,YES,,0,0,0,0,NO,Starting balance is 0 or negative
US15407,0,0,YES,,0,0,0,0,NO,Starting balance is 0 or negative
US15408,0,0,YES,,0,0,0,0,NO,Starting balance is 0 or negative
US15409,35,0,YES,,0,35,35,35,YES,
US15410,5023,0,YES,,0,5023,5023,5023,YES,
US15411,25,0,YES,,0,25,25,25,YES,
US15412,100,0,YES,,0,100,100,100,YES,
US15415,23,0,YES,,0,23,23,23,YES,
US15416,156,0,YES,,0,156,156,156,YES,
US15418,71,0,YES,,0,71,71,71,YES,
US15419,296,0,YES,,0,296,296,296,YES,
US15420,0,0,YES,,0,0,0,0,NO,Starting balance is 0 or negative
US15421,65,0,YES,,0,65,65,65,YES,
US15422,0,0,YES,,0,0,0,0,NO,Starting balance is 0 or negative
US15423,103,0,YES,,0,103,103,103,YES,
US15424,26,0,YES,,0,26,26,26,YES,
US15425,11,0,YES,,0,11,11,11,YES,
US15426,257,0,YES,,0,257,257,257,YES,
US15427,422,0,YES,,0,422,422,422,YES,
US15428,26,0,YES,,0,26,26,26,YES,
US15430,61,0,YES,,0,61,61,61,YES,
US15431,11,0,YES,,0,11,11,11,YES,
US15432,25,0,YES,,0,25,25,25,YES,
US15433,175,0,YES,,0,175,175,175,YES,
US15434,213,0,YES,,0,213,213,213,YES,
US15435,65,0,YES,,0,65,65,65,YES,
US15436,295,0,YES,,0,295,295,295,YES,
US15437,24,0,YES,,0,24,24,24,YES,
US15438,502,0,YES,,0,502,502,502,YES,
US15439,112,0,YES,,0,112,112,112,YES,
US15440,84,0,YES,,0,84,84,84,YES,
US15441,228,0,YES,,0,228,228,228,YES,
US15442,73,0,YES,,0,73,73,73,YES,
US15443,72,0,YES,,0,72,72,72,YES,
US15444,60,0,YES,,0,60,60,60,YES,
US15445,203,0,YES,,0,203,203,203,YES,
US15446,36,0,YES,,0,36,36,36,YES,
US15448,172,0,YES,,0,172,172,172,YES,
US15449,30,0,YES,,0,30,30,30,YES,
US1545,719,719,YES,2026-01,719,0,0,719,NO,First ledger beginning is not 0
US15451,76,0,YES,,0,76,76,76,YES,
US15452,41,0,YES,,0,41,41,41,YES,
US15454,168,0,YES,,0,168,168,168,YES,
US15455,139,0,YES,,0,139,139,139,YES,
US15456,130,0,YES,,0,130,130,130,YES,
US15457,113,0,YES,,0,113,113,113,YES,
US15458,10,0,YES,,0,10,10,10,YES,
US15459,113,0,YES,,0,113,113,113,YES,
US15460,22,0,YES,,0,22,22,22,YES,
US15461,272,0,YES,,0,272,272,272,YES,
US15462,255,0,YES,,0,255,255,255,YES,
US15464,156,,NO,,,,0,,NO,Missing SR customer record
US15465,40,,NO,,,,0,,NO,Missing SR customer record
US15467,43,,NO,,,,0,,NO,Missing SR customer record
US15469,244,,NO,,,,0,,NO,Missing SR customer record
US1547,34,34,YES,2026-01,34,0,0,34,NO,First ledger beginning is not 0
US15472,317,,NO,,,,0,,NO,Missing SR customer record
US15473,294,,NO,,,,0,,NO,Missing SR customer record
US15475,0,,NO,,,,0,,NO,Missing SR customer record
US15476,60,,NO,,,,0,,NO,Missing SR customer record
US15478,865,,NO,,,,0,,NO,Missing SR customer record
US15479,198,,NO,,,,0,,NO,Missing SR customer record
US15480,319,,NO,,,,0,,NO,Missing SR customer record
US15481,128,,NO,,,,0,,NO,Missing SR customer record
US15482,304,,NO,,,,0,,NO,Missing SR customer record
US15484,690,,NO,,,,0,,NO,Missing SR customer record
US15485,253,,NO,,,,0,,NO,Missing SR customer record
US15486,226,,NO,,,,0,,NO,Missing SR customer record
US15488,232,,NO,,,,0,,NO,Missing SR customer record
US15489,161,,NO,,,,0,,NO,Missing SR customer record
US1549,17,90,YES,2026-01,60,-43,0,90,NO,First ledger beginning is not 0
US15491,0,0,YES,,0,0,0,0,NO,Starting balance is 0 or negative
US15492,43,0,YES,,0,43,43,43,YES,
US15494,4,0,YES,,0,4,4,4,YES,
US15496,0,0,YES,,0,0,0,0,NO,Starting balance is 0 or negative
US15497,0,0,YES,,0,0,0,0,NO,Starting balance is 0 or negative
US15499,0,0,YES,,0,0,0,0,NO,Starting balance is 0 or negative
US15500,0,0,YES,,0,0,0,0,NO,Starting balance is 0 or negative
US15501,95,0,YES,,0,95,95,95,YES,
US15502,27,0,YES,,0,27,27,27,YES,
US15503,20,20,NO,,0,20,20,40,YES,
US15504,29,0,YES,,0,29,29,29,YES,
US15505,54,0,YES,,0,54,54,54,YES,
US15506,0,0,YES,,0,0,0,0,NO,Starting balance is 0 or negative
US15507,182,0,YES,,0,182,182,182,YES,
US15508,165,0,YES,,0,165,165,165,YES,
US15510,0,0,YES,,0,0,0,0,NO,Starting balance is 0 or negative
US15511,160,0,YES,,0,160,160,160,YES,
US15512,0,0,YES,,0,0,0,0,NO,Starting balance is 0 or negative
US15515,15,0,YES,,0,15,15,15,YES,
US15516,15,0,YES,,0,15,15,15,YES,
US15517,64,0,YES,,0,64,64,64,YES,
US15520,23,0,YES,,0,23,23,23,YES,
US15521,5,0,YES,,0,5,5,5,YES,
US15522,332,0,YES,,0,332,332,332,YES,
US15523,386,0,YES,,0,386,386,386,YES,
US15525,0,0,YES,,0,0,0,0,NO,Starting balance is 0 or negative
US15526,32,0,YES,,0,32,32,32,YES,
US15527,71,0,YES,,0,71,71,71,YES,
US15528,40,0,YES,,0,40,40,40,YES,
US15529,68,0,YES,,0,68,68,68,YES,
US1553,923,923,YES,2026-01,923,0,0,923,NO,First ledger beginning is not 0
US15532,20,0,YES,,0,20,20,20,YES,
US15533,24,0,YES,,0,24,24,24,YES,
US15534,10,0,YES,,0,10,10,10,YES,
US15535,0,0,YES,,0,0,0,0,NO,Starting balance is 0 or negative
US15537,117,0,YES,,0,117,117,117,YES,
US15538,0,0,YES,,0,0,0,0,NO,Starting balance is 0 or negative
US15539,115,0,YES,,0,115,115,115,YES,
US1554,493,493,YES,2026-01,493,0,0,493,NO,First ledger beginning is not 0
US15540,66,0,YES,,0,66,66,66,YES,
US15541,2,0,YES,,0,2,2,2,YES,
US15542,39,0,YES,,0,39,39,39,YES,
US15543,28,0,YES,,0,28,28,28,YES,
US15544,167,0,YES,,0,167,167,167,YES,
US15546,174,0,YES,,0,174,174,174,YES,
US15547,17,0,YES,,0,17,17,17,YES,
US15548,277,0,YES,,0,277,277,277,YES,
US15549,21,0,YES,,0,21,21,21,YES,
US15551,17,0,YES,,0,17,17,17,YES,
US15552,239,0,YES,,0,239,239,239,YES,
US15553,130,0,YES,,0,130,130,130,YES,
US15554,88,0,YES,,0,88,88,88,YES,
US15555,96,0,YES,,0,96,96,96,YES,
US15556,11,0,YES,,0,11,11,11,YES,
US15557,128,0,YES,,0,128,128,128,YES,
US15558,0,0,YES,,0,0,0,0,NO,Starting balance is 0 or negative
US15559,120,0,YES,,0,120,120,120,YES,
US15560,277,0,YES,2026-01,0,277,277,277,YES,
US15561,203,0,YES,,0,203,203,203,YES,
US15562,231,0,YES,2026-01,0,231,231,231,YES,
US15563,445,0,YES,,0,445,445,445,YES,
US15564,0,0,YES,2026-01,0,0,0,0,NO,Starting balance is 0 or negative
US15565,20,0,YES,2026-01,0,20,20,20,YES,
US15566,79,0,YES,2026-01,0,79,79,79,YES,
US15567,10,0,YES,2026-01,0,10,10,10,YES,
US15568,28,0,YES,2026-01,0,28,28,28,YES,
US15569,21,0,YES,2026-01,0,21,21,21,YES,
US1557,196,196,YES,2026-01,196,0,0,196,NO,First ledger beginning is not 0
US15570,0,0,YES,2026-01,0,0,0,0,NO,Starting balance is 0 or negative
US15571,60,0,YES,2026-01,0,60,60,60,YES,
US15572,0,0,YES,2026-01,0,0,0,0,NO,Starting balance is 0 or negative
US15573,0,0,YES,2026-01,0,0,0,0,NO,Starting balance is 0 or negative
US15574,167,0,YES,,0,167,167,167,YES,
US15575,12,0,YES,2026-01,0,12,12,12,YES,
US15576,26,0,YES,2026-01,0,26,26,26,YES,
US15577,25,0,YES,2026-01,0,25,25,25,YES,
US15578,13,0,YES,2026-01,0,13,13,13,YES,
US15579,0,0,YES,2026-01,0,0,0,0,NO,Starting balance is 0 or negative
US1558,115,23,YES,2026-01,115,0,0,23,NO,First ledger beginning is not 0
US15580,13,0,YES,2026-01,0,13,13,13,YES,
US15581,620,25,YES,2026-01,0,620,620,645,YES,
US15582,3,0,YES,,0,3,3,3,YES,
US15583,222,0,YES,,0,222,222,222,YES,
US15584,147,0,YES,2026-02,0,147,147,147,YES,
US15585,356,0,YES,,0,356,356,356,YES,
US15586,71,71,YES,,0,71,71,142,YES,
US15587,109,0,YES,2026-01,0,109,109,109,YES,
US15588,78,0,YES,2026-01,0,78,78,78,YES,
US15589,32,32,YES,2026-01,32,0,0,32,NO,First ledger beginning is not 0
US15590,21,0,YES,2026-01,0,21,21,21,YES,
US15592,51,0,YES,2026-01,0,51,51,51,YES,
US15593,79,0,YES,2026-01,0,79,79,79,YES,
US15594,124,0,YES,2026-01,0,124,124,124,YES,
US15595,80,0,YES,2026-01,0,80,80,80,YES,
US15596,804,0,YES,2026-01,0,804,804,804,YES,
US15597,20,0,YES,2026-01,0,20,20,20,YES,
US15598,46,0,YES,2026-01,0,46,46,46,YES,
US1560,3361,41,YES,2026-01,41,3320,0,41,NO,First ledger beginning is not 0
US15600,23,23,YES,2026-01,23,0,0,23,NO,First ledger beginning is not 0
US15601,1,37,YES,2026-02,0,1,1,38,YES,
US15602,87,16,YES,2026-02,0,87,87,103,YES,
US15603,36,0,YES,2026-01,0,36,36,36,YES,
US15604,378,0,YES,2026-02,0,378,378,378,YES,
US15605,42,0,YES,2026-01,0,42,42,42,YES,
US15606,263,0,YES,2026-01,0,263,263,263,YES,
US15607,48,0,YES,2026-01,0,48,48,48,YES,
US15614,0,0,YES,,0,0,0,0,NO,Starting balance is 0 or negative
US15616,0,0,YES,2026-01,0,0,0,0,NO,Starting balance is 0 or negative
US15617,0,0,YES,2026-01,0,0,0,0,NO,Starting balance is 0 or negative
US15620,0,0,YES,2026-01,0,0,0,0,NO,Starting balance is 0 or negative
US15621,0,24,YES,2026-01,0,0,0,24,NO,Starting balance is 0 or negative
US15622,23,23,YES,2026-01,0,23,23,46,YES,
US15623,11,0,YES,2026-01,0,11,11,11,YES,
US15624,0,0,YES,2026-01,0,0,0,0,NO,Starting balance is 0 or negative
US15625,0,27,YES,2026-01,0,0,0,27,NO,Starting balance is 0 or negative
US15626,0,0,YES,2026-01,0,0,0,0,NO,Starting balance is 0 or negative
US15627,13,0,YES,2026-01,0,13,13,13,YES,
US15628,0,0,YES,2026-01,0,0,0,0,NO,Starting balance is 0 or negative
US15629,0,0,YES,2026-01,0,0,0,0,NO,Starting balance is 0 or negative
US15630,63,0,YES,2026-01,0,63,63,63,YES,
US15631,0,0,YES,2026-01,0,0,0,0,NO,Starting balance is 0 or negative
US15633,14,0,YES,2026-01,0,14,14,14,YES,
US15634,0,0,YES,2026-01,0,0,0,0,NO,Starting balance is 0 or negative
US15635,0,0,YES,2026-01,0,0,0,0,NO,Starting balance is 0 or negative
US15636,14,14,NO,,0,14,14,28,YES,
US15637,0,0,YES,2026-01,0,0,0,0,NO,Starting balance is 0 or negative
US15638,0,0,YES,2026-01,0,0,0,0,NO,Starting balance is 0 or negative
US15639,0,0,YES,2026-01,0,0,0,0,NO,Starting balance is 0 or negative
US15640,16,0,YES,2026-01,0,16,16,16,YES,
US15641,0,0,YES,2026-01,0,0,0,0,NO,Starting balance is 0 or negative
US15642,0,0,YES,2026-01,0,0,0,0,NO,Starting balance is 0 or negative
US15643,17,0,YES,2026-01,0,17,17,17,YES,
US15645,20,0,YES,2026-01,0,20,20,20,YES,
US15646,0,17,YES,2026-01,0,0,0,17,NO,Starting balance is 0 or negative
US15647,23,0,YES,2026-01,0,23,23,23,YES,
US15648,0,0,YES,2026-01,0,0,0,0,NO,Starting balance is 0 or negative
US15649,472,0,YES,2026-01,0,472,472,472,YES,
US15651,0,42,YES,2026-01,0,0,0,42,NO,Starting balance is 0 or negative
US15652,213,0,YES,2026-01,0,213,213,213,YES,
US15653,8,0,YES,2026-01,0,8,8,8,YES,
US15654,0,0,YES,2026-01,0,0,0,0,NO,Starting balance is 0 or negative
US15655,110,0,YES,2026-01,0,110,110,110,YES,
US15656,98,0,YES,2026-01,0,98,98,98,YES,
US15658,0,0,YES,2026-01,0,0,0,0,NO,Starting balance is 0 or negative
US15659,0,0,YES,2026-01,0,0,0,0,NO,Starting balance is 0 or negative
US15660,472,0,YES,2026-01,0,472,472,472,YES,
US15661,0,0,YES,2026-01,0,0,0,0,NO,Starting balance is 0 or negative
US15663,0,0,YES,2026-01,0,0,0,0,NO,Starting balance is 0 or negative
US15664,69,0,YES,,0,69,69,69,YES,
US15665,1326,21,YES,2026-01,0,1326,1326,1347,YES,
US15666,227,227,NO,,0,227,227,454,YES,
US15667,26,0,YES,,0,26,26,26,YES,
US15669,417,621,YES,2026-01,418,-1,0,621,NO,First ledger beginning is not 0
US15670,464,0,YES,2026-01,0,464,464,464,YES,
US15672,462,0,YES,2026-01,0,462,462,462,YES,
US15673,786,0,YES,2026-01,0,786,786,786,YES,
US15674,117,0,YES,,0,117,117,117,YES,
US15675,27,0,YES,,0,27,27,27,YES,
US15676,1772,42,YES,2026-01,0,1772,1772,1814,YES,
US15678,49,0,YES,2026-01,0,49,49,49,YES,
US15679,109,0,YES,2026-01,0,109,109,109,YES,
US15680,59,0,YES,2026-01,0,59,59,59,YES,
US15681,616,54,YES,2026-01,0,616,616,670,YES,
US15682,55,55,YES,2026-03,55,0,0,55,NO,First ledger beginning is not 0
US15684,151,233,YES,2026-01,0,151,151,384,YES,
US15685,111,0,YES,,0,111,111,111,YES,
US15686,74,0,YES,,0,74,74,74,YES,
US15687,5745,3813,YES,2026-01,0,5745,5745,9558,YES,
US15688,83,0,YES,,0,83,83,83,YES,
US15689,373,16,YES,2026-01,16,357,0,16,NO,First ledger beginning is not 0
US15692,24,0,YES,,0,24,24,24,YES,
US15693,46,0,YES,,0,46,46,46,YES,
US15694,0,0,YES,,0,0,0,0,NO,Starting balance is 0 or negative
US15695,45,0,YES,,0,45,45,45,YES,
US15696,688,0,YES,,0,688,688,688,YES,
US15697,13,13,YES,,0,13,13,26,YES,
US15698,0,0,YES,,0,0,0,0,NO,Starting balance is 0 or negative
US15699,65,0,YES,,0,65,65,65,YES,
US1570,189,189,YES,2026-01,189,0,0,189,NO,First ledger beginning is not 0
US15700,108,0,YES,,0,108,108,108,YES,
US15701,24,0,YES,,0,24,24,24,YES,
US15702,189,0,YES,,0,189,189,189,YES,
US15703,0,0,YES,,0,0,0,0,NO,Starting balance is 0 or negative
US15704,0,0,YES,,0,0,0,0,NO,Starting balance is 0 or negative
US15705,10,0,YES,,0,10,10,10,YES,
US15707,144,0,YES,,0,144,144,144,YES,
US15708,31,0,YES,,0,31,31,31,YES,
US15709,132,0,YES,,0,132,132,132,YES,
US1571,152,152,YES,2026-01,152,0,0,152,NO,First ledger beginning is not 0
US15710,0,0,YES,,0,0,0,0,NO,Starting balance is 0 or negative
US15711,418,18,YES,2026-01,18,400,0,18,NO,First ledger beginning is not 0
US15712,162,0,YES,2026-01,0,162,162,162,YES,
US15713,102,253,YES,2026-01,0,102,102,355,YES,
US15714,421,18,YES,2026-01,18,403,0,18,NO,First ledger beginning is not 0
US15715,440,0,YES,2026-01,0,440,440,440,YES,
US15716,22,20,YES,2026-01,20,2,0,20,NO,First ledger beginning is not 0
US1572,254,254,YES,2026-01,254,0,0,254,NO,First ledger beginning is not 0
US15734,10,0,YES,2026-01,0,10,10,10,YES,
US15737,0,0,YES,2026-01,0,0,0,0,NO,Starting balance is 0 or negative
US15738,10,0,YES,2026-01,0,10,10,10,YES,
US15739,0,0,YES,2026-01,0,0,0,0,NO,Starting balance is 0 or negative
US1574,171,171,YES,2026-01,171,0,0,171,NO,First ledger beginning is not 0
US15741,23,0,YES,2026-01,0,23,23,23,YES,
US15743,0,0,YES,2026-01,0,0,0,0,NO,Starting balance is 0 or negative
US15744,0,0,YES,2026-01,0,0,0,0,NO,Starting balance is 0 or negative
US15745,0,0,YES,2026-01,0,0,0,0,NO,Starting balance is 0 or negative
US15746,0,0,YES,2026-01,0,0,0,0,NO,Starting balance is 0 or negative
US15747,0,0,YES,2026-01,0,0,0,0,NO,Starting balance is 0 or negative
US15748,0,0,YES,2026-01,0,0,0,0,NO,Starting balance is 0 or negative
US15750,0,0,YES,2026-01,0,0,0,0,NO,Starting balance is 0 or negative
US15751,11,0,YES,2026-01,0,11,11,11,YES,
US15752,11,0,YES,2026-01,0,11,11,11,YES,
US15753,26,0,YES,2026-01,0,26,26,26,YES,
US15754,42,0,YES,2026-01,0,42,42,42,YES,
US15755,0,0,YES,2026-01,0,0,0,0,NO,Starting balance is 0 or negative
US15756,0,0,YES,2026-01,0,0,0,0,NO,Starting balance is 0 or negative
US15757,12,0,YES,2026-01,0,12,12,12,YES,
US15758,0,0,YES,2026-01,0,0,0,0,NO,Starting balance is 0 or negative
US15759,0,0,YES,2026-01,0,0,0,0,NO,Starting balance is 0 or negative
US15761,0,0,YES,2026-01,0,0,0,0,NO,Starting balance is 0 or negative
US15762,1272,0,YES,2026-02,0,1272,1272,1272,YES,
US15763,235,49,YES,2026-02,0,235,235,284,YES,
US15764,135,0,YES,2026-02,0,135,135,135,YES,
US15765,206,0,YES,2026-02,0,206,206,206,YES,
US15766,278,0,YES,2026-02,0,278,278,278,YES,
US15767,276,0,YES,2026-02,0,276,276,276,YES,
US15769,23,0,YES,2026-01,0,23,23,23,YES,
US1577,1009,1009,YES,2026-01,1009,0,0,1009,NO,First ledger beginning is not 0
US15771,24,0,YES,2026-01,0,24,24,24,YES,
US15772,0,0,YES,2026-01,0,0,0,0,NO,Starting balance is 0 or negative
US15773,13,0,YES,2026-01,0,13,13,13,YES,
US15774,0,0,YES,2026-01,0,0,0,0,NO,Starting balance is 0 or negative
US15775,0,0,YES,2026-01,0,0,0,0,NO,Starting balance is 0 or negative
US15776,0,0,YES,2026-01,0,0,0,0,NO,Starting balance is 0 or negative
US15777,14,20,YES,2026-01,0,14,14,34,YES,
US15778,0,0,YES,2026-01,0,0,0,0,NO,Starting balance is 0 or negative
US15779,50,0,YES,2026-01,0,50,50,50,YES,
US1578,97,97,YES,2026-01,97,0,0,97,NO,First ledger beginning is not 0
US15781,31,0,YES,2026-01,0,31,31,31,YES,
US15782,29,17,YES,2026-01,0,29,29,46,YES,
US15783,0,0,YES,2026-01,0,0,0,0,NO,Starting balance is 0 or negative
US15784,0,0,YES,2026-01,0,0,0,0,NO,Starting balance is 0 or negative
US15787,0,0,YES,2026-01,0,0,0,0,NO,Starting balance is 0 or negative
US15788,178,0,YES,2026-01,0,178,178,178,YES,
US15789,22,0,YES,2026-01,0,22,22,22,YES,
US15790,0,0,YES,2026-01,0,0,0,0,NO,Starting balance is 0 or negative
US15791,0,0,YES,2026-01,0,0,0,0,NO,Starting balance is 0 or negative
US15792,0,21,YES,2026-01,0,0,0,21,NO,Starting balance is 0 or negative
US15793,147,0,YES,2026-01,0,147,147,147,YES,
US15794,86,0,YES,2026-01,0,86,86,86,YES,
US15795,0,0,YES,2026-01,0,0,0,0,NO,Starting balance is 0 or negative
US15796,277,0,YES,2026-01,0,277,277,277,YES,
US15797,0,0,YES,2026-01,0,0,0,0,NO,Starting balance is 0 or negative
US15798,203,0,YES,2026-01,0,203,203,203,YES,
US15799,135,0,YES,2026-01,0,135,135,135,YES,
US15800,0,0,YES,2026-01,0,0,0,0,NO,Starting balance is 0 or negative
US15801,0,0,YES,2026-01,0,0,0,0,NO,Starting balance is 0 or negative
US15802,262,262,NO,,0,262,262,524,YES,
US15803,550,0,YES,2026-01,0,550,550,550,YES,
US15804,307,307,YES,2026-03,307,0,0,307,NO,First ledger beginning is not 0
US15805,45,18,YES,2026-01,0,45,45,63,YES,
US15806,468,16,YES,2026-01,0,468,468,484,YES,
US15807,558,18,YES,2026-01,0,558,558,576,YES,
US15808,250,250,YES,,0,250,250,500,YES,
US15809,1973,95,YES,2026-01,0,1973,1973,2068,YES,
US1581,10,10,YES,2026-01,10,0,0,10,NO,First ledger beginning is not 0
US15810,1312,164,YES,2026-01,0,1312,1312,1476,YES,
US15811,2,23,YES,2026-01,0,2,2,25,YES,
US15812,134,0,YES,,0,134,134,134,YES,
US15817,66,0,YES,2026-01,0,66,66,66,YES,
US15818,163,0,YES,2026-01,0,163,163,163,YES,
US15819,72,0,YES,2026-01,0,72,72,72,YES,
US1582,1215,1305,YES,2026-01,1215,0,0,1305,NO,First ledger beginning is not 0
US15822,48,0,YES,,0,48,48,48,YES,
US15823,895,36,YES,2026-01,0,895,895,931,YES,
US15824,64,0,YES,2026-01,0,64,64,64,YES,
US15825,24,0,YES,2026-01,0,24,24,24,YES,
US15827,622,0,YES,2026-01,0,622,622,622,YES,
US15828,264,0,YES,2026-01,0,264,264,264,YES,
US15829,818,16,YES,2026-01,16,802,0,16,NO,First ledger beginning is not 0
US1583,74,630,YES,2026-01,384,-310,0,630,NO,First ledger beginning is not 0
US15830,751,63,YES,2026-01,42,709,0,63,NO,First ledger beginning is not 0
US15831,207,0,YES,2026-01,0,207,207,207,YES,
US15832,73,0,YES,2026-01,0,73,73,73,YES,
US15833,191,0,YES,,0,191,191,191,YES,
US15834,10,0,YES,2026-01,0,10,10,10,YES,
US15835,0,106,YES,2026-01,0,0,0,106,NO,Starting balance is 0 or negative
US15837,0,0,YES,2026-01,0,0,0,0,NO,Starting balance is 0 or negative
US15838,0,0,YES,2026-01,0,0,0,0,NO,Starting balance is 0 or negative
US15840,0,0,YES,2026-01,0,0,0,0,NO,Starting balance is 0 or negative
US15841,0,0,YES,2026-01,0,0,0,0,NO,Starting balance is 0 or negative
US15842,0,0,YES,2026-01,0,0,0,0,NO,Starting balance is 0 or negative
US15843,21,0,YES,2026-01,0,21,21,21,YES,
US15844,0,0,YES,2026-01,0,0,0,0,NO,Starting balance is 0 or negative
US15845,0,0,YES,2026-01,0,0,0,0,NO,Starting balance is 0 or negative
US15846,0,0,YES,2026-01,0,0,0,0,NO,Starting balance is 0 or negative
US15847,0,0,YES,2026-01,0,0,0,0,NO,Starting balance is 0 or negative
US15848,10,0,YES,2026-01,0,10,10,10,YES,
US15849,0,130,YES,2026-01,0,0,0,130,NO,Starting balance is 0 or negative
US15850,0,0,YES,2026-01,0,0,0,0,NO,Starting balance is 0 or negative
US15852,0,0,YES,2026-01,0,0,0,0,NO,Starting balance is 0 or negative
US15853,0,0,YES,2026-01,0,0,0,0,NO,Starting balance is 0 or negative
US15854,91,26,YES,2026-01,0,91,91,117,YES,
US15855,0,0,YES,2026-01,0,0,0,0,NO,Starting balance is 0 or negative
US15856,12,0,YES,2026-01,0,12,12,12,YES,
US15858,0,0,YES,2026-01,0,0,0,0,NO,Starting balance is 0 or negative
US15859,12,0,YES,2026-01,0,12,12,12,YES,
US15861,0,0,YES,2026-01,0,0,0,0,NO,Starting balance is 0 or negative
US15862,13,0,YES,2026-01,0,13,13,13,YES,
US15863,0,0,YES,2026-01,0,0,0,0,NO,Starting balance is 0 or negative
US15864,0,0,YES,2026-01,0,0,0,0,NO,Starting balance is 0 or negative
US15865,0,35,YES,2026-01,0,0,0,35,NO,Starting balance is 0 or negative
US15866,0,0,YES,2026-01,0,0,0,0,NO,Starting balance is 0 or negative
US15867,29,0,YES,2026-01,0,29,29,29,YES,
US15868,15,0,YES,2026-01,0,15,15,15,YES,
US15869,0,0,YES,2026-01,0,0,0,0,NO,Starting balance is 0 or negative
US15870,0,0,YES,2026-01,0,0,0,0,NO,Starting balance is 0 or negative
US15871,0,0,YES,2026-01,0,0,0,0,NO,Starting balance is 0 or negative
US15872,292,24,YES,2026-01,0,292,292,316,YES,
US15873,30,17,YES,2026-01,0,30,30,47,YES,
US15875,116,0,YES,2026-01,0,116,116,116,YES,
US15876,0,42,YES,2026-01,0,0,0,42,NO,Starting balance is 0 or negative
US15877,112,0,YES,2026-01,0,112,112,112,YES,
US15879,0,0,YES,2026-01,0,0,0,0,NO,Starting balance is 0 or negative
US1588,237,237,YES,2026-01,237,0,0,237,NO,First ledger beginning is not 0
US15880,0,0,YES,2026-01,0,0,0,0,NO,Starting balance is 0 or negative
US15881,29,98,YES,2026-01,0,29,29,127,YES,
US15882,0,111,YES,2026-01,0,0,0,111,NO,Starting balance is 0 or negative
US15883,0,0,YES,2026-01,0,0,0,0,NO,Starting balance is 0 or negative
US15884,0,0,YES,2026-01,0,0,0,0,NO,Starting balance is 0 or negative
US15885,80,0,YES,2026-01,0,80,80,80,YES,
US15886,0,0,YES,2026-01,0,0,0,0,NO,Starting balance is 0 or negative
US15887,0,116,YES,2026-01,116,-116,0,116,NO,Starting balance is 0 or negative
US15888,0,0,YES,2026-01,0,0,0,0,NO,Starting balance is 0 or negative
US15889,0,0,YES,2026-01,0,0,0,0,NO,Starting balance is 0 or negative
US15890,41,0,YES,2026-01,0,41,41,41,YES,
US15891,47,0,YES,2026-01,0,47,47,47,YES,
US15892,90,0,YES,2026-04,0,90,90,90,YES,
US15893,0,0,YES,2026-01,0,0,0,0,NO,Starting balance is 0 or negative
US15894,0,0,YES,2026-01,0,0,0,0,NO,Starting balance is 0 or negative
US15895,0,0,YES,2026-01,0,0,0,0,NO,Starting balance is 0 or negative
US15896,0,0,YES,2026-01,0,0,0,0,NO,Starting balance is 0 or negative
US15897,0,0,YES,2026-01,0,0,0,0,NO,Starting balance is 0 or negative
US15898,0,0,YES,2026-01,0,0,0,0,NO,Starting balance is 0 or negative
US15900,0,0,YES,2026-01,0,0,0,0,NO,Starting balance is 0 or negative
US15901,0,0,YES,2026-01,0,0,0,0,NO,Starting balance is 0 or negative
US15904,12,0,YES,2026-01,0,12,12,12,YES,
US15906,0,0,YES,2026-01,0,0,0,0,NO,Starting balance is 0 or negative
US15907,25,131,YES,2026-01,0,25,25,156,YES,
US15910,16,0,YES,2026-01,0,16,16,16,YES,
US15911,0,0,YES,2026-01,0,0,0,0,NO,Starting balance is 0 or negative
US15912,0,0,YES,2026-01,0,0,0,0,NO,Starting balance is 0 or negative
US15913,27,0,YES,2026-01,0,27,27,27,YES,
US15914,48,0,YES,2026-01,0,48,48,48,YES,
US15916,192,0,YES,2026-01,0,192,192,192,YES,
US15917,0,0,YES,2026-01,0,0,0,0,NO,Starting balance is 0 or negative
US15918,10,10,YES,2026-01,10,0,0,10,NO,First ledger beginning is not 0
US15919,0,10,YES,2026-01,10,-10,0,10,NO,Starting balance is 0 or negative
US1592,446,446,YES,2026-01,446,0,0,446,NO,First ledger beginning is not 0
US15921,0,21,YES,2026-01,0,0,0,21,NO,Starting balance is 0 or negative
US15922,0,0,YES,2026-01,0,0,0,0,NO,Starting balance is 0 or negative
US15923,0,0,YES,2026-01,0,0,0,0,NO,Starting balance is 0 or negative
US15924,26,0,YES,2026-01,0,26,26,26,YES,
US15925,29,17,YES,2026-01,0,29,29,46,YES,
US15927,0,27,YES,2026-01,0,0,0,27,NO,Starting balance is 0 or negative
US15928,0,501,NO,,0,0,0,501,NO,Starting balance is 0 or negative
US15929,116,0,YES,,0,116,116,116,YES,
US15930,233,16,YES,2026-01,0,233,233,249,YES,
US15931,223,15,YES,2026-01,0,223,223,238,YES,
US15932,281,0,YES,2026-01,0,281,281,281,YES,
US15933,162,28,YES,2026-01,28,134,0,28,NO,First ledger beginning is not 0
US1594,469,469,YES,2026-01,469,0,0,469,NO,First ledger beginning is not 0
US15955,89,0,YES,,0,89,89,89,YES,
US15956,349,0,YES,2026-02,0,349,349,349,YES,
US15957,469,91,YES,2026-01,0,469,469,560,YES,
US15960,123,0,YES,,0,123,123,123,YES,
US15961,89,15,YES,2026-01,0,89,89,104,YES,
US15963,429,0,YES,2026-02,0,429,429,429,YES,
US15964,213,34,YES,2026-04,0,213,213,247,YES,
US15965,195,0,YES,,0,195,195,195,YES,
US15966,260,0,YES,,0,260,260,260,YES,
US15967,100,0,YES,,0,100,100,100,YES,
US15972,142,0,YES,,0,142,142,142,YES,
US15973,1063,0,YES,,0,1063,1063,1063,YES,
US15974,1,1042,YES,2026-01,0,1,1,1043,YES,
US15975,127,0,YES,,0,127,127,127,YES,
US15976,0,0,YES,,0,0,0,0,NO,Starting balance is 0 or negative
US15977,69,0,YES,,0,69,69,69,YES,
US15978,133,133,NO,,0,133,133,266,YES,
US15979,90,0,YES,,0,90,90,90,YES,
US1598,161,161,YES,2026-01,161,0,0,161,NO,First ledger beginning is not 0
US15980,186,0,YES,2026-01,0,186,186,186,YES,
US15981,146,0,YES,2026-01,0,146,146,146,YES,
US15982,316,0,YES,2026-01,0,316,316,316,YES,
US15983,10,0,YES,2026-01,0,10,10,10,YES,
US15984,4,29,YES,,0,4,4,33,YES,
US15985,80,0,YES,2026-01,0,80,80,80,YES,
US15986,296,0,YES,2026-01,0,296,296,296,YES,
US15987,20,0,YES,2026-01,0,20,20,20,YES,
US15988,99,0,YES,2026-01,0,99,99,99,YES,
US15989,3,18,YES,2026-01,0,3,3,21,YES,
US15990,327,0,YES,2026-01,0,327,327,327,YES,
US15991,2036,689,YES,2026-01,2046,-10,0,689,NO,First ledger beginning is not 0
US15992,0,0,YES,,0,0,0,0,NO,Starting balance is 0 or negative
US15993,38,0,YES,2026-01,0,38,38,38,YES,
US15994,221,0,YES,2026-01,0,221,221,221,YES,
US15995,28,0,YES,2026-01,0,28,28,28,YES,
US15996,31,8,YES,2026-01,51,-20,0,8,NO,First ledger beginning is not 0
US15997,296,0,YES,2026-01,0,296,296,296,YES,
US15998,128,18,YES,2026-01,0,128,128,146,YES,
US16000,171,0,YES,,0,171,171,171,YES,
US16001,27,0,YES,2026-01,0,27,27,27,YES,
US16002,0,0,YES,2026-01,0,0,0,0,NO,Starting balance is 0 or negative
US16003,0,0,YES,2026-01,0,0,0,0,NO,Starting balance is 0 or negative
US16004,10,0,YES,2026-01,0,10,10,10,YES,
US16005,0,0,YES,2026-01,0,0,0,0,NO,Starting balance is 0 or negative
US16006,10,0,YES,2026-01,0,10,10,10,YES,
US16007,0,0,YES,2026-01,0,0,0,0,NO,Starting balance is 0 or negative
US16008,10,0,YES,2026-01,0,10,10,10,YES,
US16009,0,0,YES,2026-01,0,0,0,0,NO,Starting balance is 0 or negative
US1601,1694,1710,YES,2026-01,1710,-16,0,1710,NO,First ledger beginning is not 0
US16010,10,0,YES,2026-01,0,10,10,10,YES,
US16011,124,0,YES,2026-01,0,124,124,124,YES,
US16012,0,0,YES,2026-01,0,0,0,0,NO,Starting balance is 0 or negative
US16013,0,0,YES,2026-01,0,0,0,0,NO,Starting balance is 0 or negative
US16014,0,0,YES,2026-01,0,0,0,0,NO,Starting balance is 0 or negative
US16015,91,20,YES,2026-01,0,91,91,111,YES,
US16016,0,0,YES,2026-01,0,0,0,0,NO,Starting balance is 0 or negative
US16017,29,0,YES,2026-01,0,29,29,29,YES,
US16018,0,0,YES,2026-01,0,0,0,0,NO,Starting balance is 0 or negative
US16019,0,0,YES,2026-01,0,0,0,0,NO,Starting balance is 0 or negative
US1602,137,137,YES,2026-01,137,0,0,137,NO,First ledger beginning is not 0
US16020,12,0,YES,2026-01,0,12,12,12,YES,
US16021,0,0,YES,2026-01,0,0,0,0,NO,Starting balance is 0 or negative
US16022,0,0,YES,2026-01,0,0,0,0,NO,Starting balance is 0 or negative
US16023,0,0,YES,2026-01,0,0,0,0,NO,Starting balance is 0 or negative
US16024,0,0,YES,2026-01,0,0,0,0,NO,Starting balance is 0 or negative
US16025,0,0,YES,2026-01,0,0,0,0,NO,Starting balance is 0 or negative
US16026,14,0,YES,2026-01,0,14,14,14,YES,
US16027,56,0,YES,2026-01,0,56,56,56,YES,
US16028,15,0,YES,2026-01,0,15,15,15,YES,
US16029,0,0,YES,2026-01,0,0,0,0,NO,Starting balance is 0 or negative
US16030,67,67,YES,2026-01,67,0,0,67,NO,First ledger beginning is not 0
US16031,0,16,YES,2026-01,0,0,0,16,NO,Starting balance is 0 or negative
US16032,0,0,YES,2026-01,0,0,0,0,NO,Starting balance is 0 or negative
US16033,0,0,YES,2026-01,0,0,0,0,NO,Starting balance is 0 or negative
US16034,0,32,NO,,0,0,0,32,NO,Starting balance is 0 or negative
US16035,0,0,YES,2026-01,0,0,0,0,NO,Starting balance is 0 or negative
US16036,0,0,YES,2026-01,0,0,0,0,NO,Starting balance is 0 or negative
US16037,19,0,YES,2026-01,0,19,19,19,YES,
US16038,0,0,YES,2026-01,0,0,0,0,NO,Starting balance is 0 or negative
US16039,0,0,YES,2026-01,0,0,0,0,NO,Starting balance is 0 or negative
US1604,80,446,YES,2026-01,201,-121,0,446,NO,First ledger beginning is not 0
US16040,0,0,YES,2026-01,0,0,0,0,NO,Starting balance is 0 or negative
US16041,70,0,YES,2026-01,0,70,70,70,YES,
US16042,0,0,YES,2026-01,0,0,0,0,NO,Starting balance is 0 or negative
US16043,128,0,YES,2026-01,0,128,128,128,YES,
US16044,0,0,YES,2026-01,0,0,0,0,NO,Starting balance is 0 or negative
US16045,0,27,YES,2026-01,0,0,0,27,NO,Starting balance is 0 or negative
US16046,0,0,YES,2026-01,0,0,0,0,NO,Starting balance is 0 or negative
US16047,11,0,YES,2026-01,0,11,11,11,YES,
US16048,0,18,YES,2026-01,0,0,0,18,NO,Starting balance is 0 or negative
US16049,0,0,YES,2026-01,0,0,0,0,NO,Starting balance is 0 or negative
US1605,8,30,YES,2026-01,8,0,0,30,NO,First ledger beginning is not 0
US16050,0,0,YES,2026-01,0,0,0,0,NO,Starting balance is 0 or negative
US16051,0,0,YES,2026-01,0,0,0,0,NO,Starting balance is 0 or negative
US16052,0,0,YES,2026-01,0,0,0,0,NO,Starting balance is 0 or negative
US16053,194,0,YES,2026-01,0,194,194,194,YES,
US16054,0,40,YES,2026-01,15,-15,0,40,NO,Starting balance is 0 or negative
US16055,0,0,YES,2026-01,0,0,0,0,NO,Starting balance is 0 or negative
US16056,0,1225,YES,2026-01,1200,-1200,0,1225,NO,Starting balance is 0 or negative
US16057,304,29,YES,2026-01,0,304,304,333,YES,
US16058,191,0,YES,2026-01,0,191,191,191,YES,
US16059,21,0,YES,2026-01,0,21,21,21,YES,
US1606,1,154,YES,2026-01,111,-110,0,154,NO,First ledger beginning is not 0
US16060,51,0,YES,,0,51,51,51,YES,
US16061,50,0,YES,,0,50,50,50,YES,
US16062,44,0,YES,,0,44,44,44,YES,
US16063,28,0,YES,2026-01,0,28,28,28,YES,
US1607,90,0,YES,2026-01,0,90,90,90,YES,
US16093,14,0,YES,2026-01,0,14,14,14,YES,
US16094,141,0,YES,2026-01,0,141,141,141,YES,
US16095,144,0,YES,2026-01,0,144,144,144,YES,
US16096,148,0,YES,2026-01,0,148,148,148,YES,
US16097,164,0,YES,2026-01,0,164,164,164,YES,
US16098,145,0,YES,2026-01,0,145,145,145,YES,
US16099,122,0,YES,,0,122,122,122,YES,
US1610,301,433,YES,2026-01,301,0,0,433,NO,First ledger beginning is not 0
US16100,105,0,YES,,0,105,105,105,YES,
US16101,10,0,YES,2026-01,0,10,10,10,YES,
US16102,0,0,YES,2026-01,0,0,0,0,NO,Starting balance is 0 or negative
US16103,0,29,YES,2026-01,0,0,0,29,NO,Starting balance is 0 or negative
US16104,0,0,YES,2026-01,0,0,0,0,NO,Starting balance is 0 or negative
US16105,0,0,YES,2026-01,0,0,0,0,NO,Starting balance is 0 or negative
US16106,24,39,YES,2026-01,0,24,24,63,YES,
US16107,0,0,YES,2026-01,0,0,0,0,NO,Starting balance is 0 or negative
US16108,0,0,YES,2026-01,0,0,0,0,NO,Starting balance is 0 or negative
US16109,95,39,YES,2026-01,0,95,95,134,YES,
US1611,18,37,YES,2026-01,18,0,0,37,NO,First ledger beginning is not 0
US16110,18,0,YES,2026-01,0,18,18,18,YES,
US16111,68,0,YES,2026-01,0,68,68,68,YES,
US16112,0,0,YES,2026-01,0,0,0,0,NO,Starting balance is 0 or negative
US16113,0,42,YES,2026-01,0,0,0,42,NO,Starting balance is 0 or negative
US16114,163,0,YES,2026-02,0,163,163,163,YES,
US16115,745,0,YES,2026-02,0,745,745,745,YES,
US16116,22,0,YES,2026-02,0,22,22,22,YES,
US16117,10,0,YES,2026-01,0,10,10,10,YES,
US16118,0,23,NO,,0,0,0,23,NO,Starting balance is 0 or negative
US16119,23,0,YES,2026-01,0,23,23,23,YES,
US16120,0,0,YES,2026-01,0,0,0,0,NO,Starting balance is 0 or negative
US16121,0,0,YES,2026-01,0,0,0,0,NO,Starting balance is 0 or negative
US16122,1011,,NO,,,,0,,NO,Missing SR customer record
US16123,4,0,YES,,0,4,4,4,YES,
US16124,125,0,YES,,0,125,125,125,YES,
US16128,3,35,YES,2026-01,0,3,3,38,YES,
US16129,596,18,YES,2026-01,0,596,596,614,YES,
US16130,207,0,YES,2026-02,0,207,207,207,YES,
US16131,10,0,YES,2026-01,0,10,10,10,YES,
US16132,667,61,YES,2026-01,22,645,0,61,NO,First ledger beginning is not 0
US16133,20,30,YES,2026-01,30,-10,0,30,NO,First ledger beginning is not 0
US16134,159,0,YES,2026-01,0,159,159,159,YES,
US16135,27,0,YES,2026-01,0,27,27,27,YES,
US16136,459,18,YES,2026-01,18,441,0,18,NO,First ledger beginning is not 0
US16137,7,6,YES,2026-02,0,7,7,13,YES,
US16138,0,16,YES,2026-01,0,0,0,16,NO,Starting balance is 0 or negative
US16139,20,0,YES,2026-01,0,20,20,20,YES,
US1614,857,910,YES,2026-01,890,-33,0,910,NO,First ledger beginning is not 0
US16140,10,0,YES,2026-01,0,10,10,10,YES,
US16141,0,10,YES,2026-01,10,-10,0,10,NO,Starting balance is 0 or negative
US16142,0,0,YES,2026-01,0,0,0,0,NO,Starting balance is 0 or negative
US16143,0,0,YES,2026-01,0,0,0,0,NO,Starting balance is 0 or negative
US16144,0,0,YES,2026-01,0,0,0,0,NO,Starting balance is 0 or negative
US16145,0,0,YES,2026-01,0,0,0,0,NO,Starting balance is 0 or negative
US16146,0,0,YES,2026-01,0,0,0,0,NO,Starting balance is 0 or negative
US16147,11,0,YES,2026-01,0,11,11,11,YES,
US16148,11,0,YES,2026-01,0,11,11,11,YES,
US16149,0,0,YES,2026-01,0,0,0,0,NO,Starting balance is 0 or negative
US16150,0,0,YES,2026-01,0,0,0,0,NO,Starting balance is 0 or negative
US16151,0,0,YES,2026-01,0,0,0,0,NO,Starting balance is 0 or negative
US16152,0,0,YES,2026-01,0,0,0,0,NO,Starting balance is 0 or negative
US16153,0,0,YES,2026-01,0,0,0,0,NO,Starting balance is 0 or negative
US16154,20,0,YES,2026-01,0,20,20,20,YES,
US16155,0,25,YES,2026-01,0,0,0,25,NO,Starting balance is 0 or negative
US16156,0,0,YES,2026-01,0,0,0,0,NO,Starting balance is 0 or negative
US16157,26,0,YES,2026-01,0,26,26,26,YES,
US16158,239,15,YES,2026-01,0,239,239,254,YES,
US16159,0,0,YES,2026-01,0,0,0,0,NO,Starting balance is 0 or negative
US1616,55,25,YES,2026-01,25,30,0,25,NO,First ledger beginning is not 0
US16160,0,0,YES,2026-01,0,0,0,0,NO,Starting balance is 0 or negative
US16161,147,0,YES,2026-01,0,147,147,147,YES,
US16162,0,33,YES,2026-01,0,0,0,33,NO,Starting balance is 0 or negative
US16163,0,0,YES,2026-01,0,0,0,0,NO,Starting balance is 0 or negative
US16164,0,0,YES,2026-01,0,0,0,0,NO,Starting balance is 0 or negative
US16165,0,28,YES,2026-01,0,0,0,28,NO,Starting balance is 0 or negative
US16166,0,0,YES,2026-01,0,0,0,0,NO,Starting balance is 0 or negative
US16167,864,41,YES,2026-01,18,846,0,41,NO,First ledger beginning is not 0
US16168,115,0,YES,,0,115,115,115,YES,
US16169,487,201,YES,2026-02,580,-93,0,201,NO,First ledger beginning is not 0
US16170,0,33,YES,2026-01,0,0,0,33,NO,Starting balance is 0 or negative
US16171,0,0,YES,2026-01,0,0,0,0,NO,Starting balance is 0 or negative
US16172,0,0,YES,2026-01,0,0,0,0,NO,Starting balance is 0 or negative
US16173,0,0,YES,2026-01,0,0,0,0,NO,Starting balance is 0 or negative
US16174,0,0,YES,2026-01,0,0,0,0,NO,Starting balance is 0 or negative
US16175,0,0,YES,2026-01,0,0,0,0,NO,Starting balance is 0 or negative
US16176,0,0,YES,2026-01,0,0,0,0,NO,Starting balance is 0 or negative
US16177,0,0,YES,2026-01,0,0,0,0,NO,Starting balance is 0 or negative
US16178,48,0,YES,,0,48,48,48,YES,
US16179,579,43,YES,2026-01,0,579,579,622,YES,
US1618,328,328,YES,2026-01,328,0,0,328,NO,First ledger beginning is not 0
US16180,21,0,YES,2026-01,0,21,21,21,YES,
US16181,93,0,YES,,0,93,93,93,YES,
US16182,98,0,YES,2026-01,0,98,98,98,YES,
US16183,179,0,YES,,0,179,179,179,YES,
US16184,0,0,YES,,0,0,0,0,NO,Starting balance is 0 or negative
US16185,156,0,YES,,0,156,156,156,YES,
US16186,95,0,YES,,0,95,95,95,YES,
US16187,30,0,YES,,0,30,30,30,YES,
US16188,80,0,YES,,0,80,80,80,YES,
US16189,144,0,YES,,0,144,144,144,YES,
US16190,38,0,YES,,0,38,38,38,YES,
US16191,333,105,YES,2026-01,0,333,333,438,YES,
US16192,43,0,YES,2026-01,0,43,43,43,YES,
US16193,130,0,YES,2026-01,0,130,130,130,YES,
US16194,184,0,YES,2026-02,0,184,184,184,YES,
US16195,44,0,YES,2026-01,0,44,44,44,YES,
US16196,1,16,YES,2026-01,0,1,1,17,YES,
US16197,83,0,YES,2026-01,0,83,83,83,YES,
US16198,0,0,YES,2026-01,0,0,0,0,NO,Starting balance is 0 or negative
US16199,226,0,YES,2026-01,0,226,226,226,YES,
US16200,149,0,YES,2026-01,0,149,149,149,YES,
US16201,268,88,YES,2026-01,0,268,268,356,YES,
US16202,9,0,YES,,0,9,9,9,YES,
US1621,114,155,YES,2026-01,114,0,0,155,NO,First ledger beginning is not 0
US1622,28,32,YES,2026-01,17,11,0,32,NO,First ledger beginning is not 0
US16233,65,0,YES,,0,65,65,65,YES,
US16234,80,0,YES,,0,80,80,80,YES,
US16235,0,0,YES,,0,0,0,0,NO,Starting balance is 0 or negative
US16241,431,0,YES,,0,431,431,431,YES,
US16242,0,0,YES,2026-01,0,0,0,0,NO,Starting balance is 0 or negative
US16243,0,0,YES,2026-01,0,0,0,0,NO,Starting balance is 0 or negative
US16244,0,0,YES,2026-01,0,0,0,0,NO,Starting balance is 0 or negative
US16245,11,0,YES,2026-01,0,11,11,11,YES,
US16246,0,0,YES,2026-01,0,0,0,0,NO,Starting balance is 0 or negative
US16247,0,26,YES,2026-01,0,0,0,26,NO,Starting balance is 0 or negative
US16248,0,0,YES,2026-01,0,0,0,0,NO,Starting balance is 0 or negative
US16249,0,0,YES,2026-01,0,0,0,0,NO,Starting balance is 0 or negative
US16250,0,0,YES,2026-01,0,0,0,0,NO,Starting balance is 0 or negative
US16251,0,0,YES,2026-01,0,0,0,0,NO,Starting balance is 0 or negative
US16252,51,51,YES,2026-01,51,0,0,51,NO,First ledger beginning is not 0
US16253,79,0,YES,2026-01,0,79,79,79,YES,
US16254,0,0,YES,2026-01,0,0,0,0,NO,Starting balance is 0 or negative
US16255,0,0,YES,2026-01,0,0,0,0,NO,Starting balance is 0 or negative
US16256,371,17,YES,2026-01,0,371,371,388,YES,
US16257,35,0,YES,2026-01,0,35,35,35,YES,
US16258,0,0,YES,2026-01,0,0,0,0,NO,Starting balance is 0 or negative
US16259,0,28,YES,2026-01,0,0,0,28,NO,Starting balance is 0 or negative
US1626,1461,1497,YES,2026-01,1497,-36,0,1497,NO,First ledger beginning is not 0
US16260,0,19,YES,2026-01,0,0,0,19,NO,Starting balance is 0 or negative
US16263,414,0,YES,2026-01,0,414,414,414,YES,
US16264,344,0,YES,2026-01,0,344,344,344,YES,
US16265,103,0,YES,2026-01,0,103,103,103,YES,
US16266,20,0,YES,2026-01,0,20,20,20,YES,
US16267,30,17,YES,2026-01,0,30,30,47,YES,
US16268,172,0,YES,,0,172,172,172,YES,
US16269,1144,122,YES,2026-01,0,1144,1144,1266,YES,
US16271,112,0,YES,2026-01,0,112,112,112,YES,
US16272,186,20,YES,2026-02,20,166,0,20,NO,First ledger beginning is not 0
US16274,574,0,YES,2026-01,0,574,574,574,YES,
US16275,217,45,YES,2026-01,27,190,0,45,NO,First ledger beginning is not 0
US16276,2158,192,YES,2026-01,90,2068,0,192,NO,First ledger beginning is not 0
US16277,0,0,YES,2026-01,0,0,0,0,NO,Starting balance is 0 or negative
US16278,10,0,YES,2026-01,0,10,10,10,YES,
US16279,0,0,YES,2026-01,0,0,0,0,NO,Starting balance is 0 or negative
US16280,0,0,YES,2026-01,0,0,0,0,NO,Starting balance is 0 or negative
US16281,11,0,YES,2026-01,0,11,11,11,YES,
US16282,0,0,YES,2026-01,0,0,0,0,NO,Starting balance is 0 or negative
US16283,0,0,YES,2026-01,0,0,0,0,NO,Starting balance is 0 or negative
US16284,24,0,YES,2026-01,0,24,24,24,YES,
US16286,11,0,YES,2026-01,0,11,11,11,YES,
US16287,11,0,YES,2026-01,0,11,11,11,YES,
US16288,0,0,YES,2026-01,0,0,0,0,NO,Starting balance is 0 or negative
US16289,12,0,YES,2026-01,0,12,12,12,YES,
US1629,5095,5095,YES,2026-01,5095,0,0,5095,NO,First ledger beginning is not 0
US16290,0,0,YES,2026-01,0,0,0,0,NO,Starting balance is 0 or negative
US16291,0,0,YES,2026-01,0,0,0,0,NO,Starting balance is 0 or negative
US16292,0,0,YES,2026-01,0,0,0,0,NO,Starting balance is 0 or negative
US16293,49,0,YES,2026-01,0,49,49,49,YES,
US16294,0,0,YES,2026-01,0,0,0,0,NO,Starting balance is 0 or negative
US16295,0,0,YES,2026-01,0,0,0,0,NO,Starting balance is 0 or negative
US16296,0,16,YES,2026-01,0,0,0,16,NO,Starting balance is 0 or negative
US16297,52,0,YES,2026-01,0,52,52,52,YES,
US16298,26,0,YES,2026-01,0,26,26,26,YES,
US16299,289,0,YES,2026-01,0,289,289,289,YES,
US1630,172,196,YES,2026-01,196,-24,0,196,NO,First ledger beginning is not 0
US16300,20,0,YES,2026-01,0,20,20,20,YES,
US16301,27,0,YES,2026-01,0,27,27,27,YES,
US16302,308,0,YES,2026-01,0,308,308,308,YES,
US16303,0,0,YES,2026-01,0,0,0,0,NO,Starting balance is 0 or negative
US16304,0,0,YES,2026-01,0,0,0,0,NO,Starting balance is 0 or negative
US16305,0,180,NO,,0,0,0,180,NO,Starting balance is 0 or negative
US16306,0,4,YES,2026-01,3,-3,0,4,NO,Starting balance is 0 or negative
US16307,602,0,YES,,0,602,602,602,YES,
US16308,178,0,YES,,0,178,178,178,YES,
US16309,73,0,YES,2026-01,0,73,73,73,YES,
US1631,574,574,YES,2026-01,574,0,0,574,NO,First ledger beginning is not 0
US16311,0,0,YES,2026-01,0,0,0,0,NO,Starting balance is 0 or negative
US16312,0,0,YES,2026-01,0,0,0,0,NO,Starting balance is 0 or negative
US16313,28,0,YES,2026-01,0,28,28,28,YES,
US16314,10,0,YES,2026-01,0,10,10,10,YES,
US16315,11,0,YES,2026-01,0,11,11,11,YES,
US16316,11,0,YES,2026-01,0,11,11,11,YES,
US16317,0,0,YES,2026-01,0,0,0,0,NO,Starting balance is 0 or negative
US16318,11,0,YES,2026-01,0,11,11,11,YES,
US16319,0,0,YES,2026-01,0,0,0,0,NO,Starting balance is 0 or negative
US16320,0,0,YES,2026-01,0,0,0,0,NO,Starting balance is 0 or negative
US16321,13,0,YES,2026-01,0,13,13,13,YES,
US16322,0,0,YES,2026-01,0,0,0,0,NO,Starting balance is 0 or negative
US16323,94,0,YES,2026-01,0,94,94,94,YES,
US16324,39,0,YES,2026-01,0,39,39,39,YES,
US16325,0,0,YES,2026-01,0,0,0,0,NO,Starting balance is 0 or negative
US16326,0,0,YES,2026-01,0,0,0,0,NO,Starting balance is 0 or negative
US16327,0,0,YES,2026-01,0,0,0,0,NO,Starting balance is 0 or negative
US16328,24,0,YES,2026-01,0,24,24,24,YES,
US16329,53,53,YES,2026-01,53,0,0,53,NO,First ledger beginning is not 0
US16330,0,0,YES,2026-01,0,0,0,0,NO,Starting balance is 0 or negative
US16331,0,0,YES,2026-01,0,0,0,0,NO,Starting balance is 0 or negative
US16332,440,0,YES,2026-01,0,440,440,440,YES,
US16333,121,23,YES,2026-01,0,121,121,144,YES,
US16334,0,0,YES,2026-01,0,0,0,0,NO,Starting balance is 0 or negative
US16335,36,0,YES,2026-02,0,36,36,36,YES,
US16336,0,0,YES,2026-01,0,0,0,0,NO,Starting balance is 0 or negative
US16337,75,15,YES,2026-01,0,75,75,90,YES,
US16338,281,0,YES,2026-01,0,281,281,281,YES,
US16339,89,16,YES,2026-02,0,89,89,105,YES,
US16340,167,21,YES,2026-01,21,146,0,21,NO,First ledger beginning is not 0
US16342,1170,39,YES,2026-01,0,1170,1170,1209,YES,
US16344,22,0,YES,2026-01,0,22,22,22,YES,
US16346,334,20,YES,2026-01,0,334,334,354,YES,
US16349,20,0,YES,2026-01,0,20,20,20,YES,
US1635,66,66,YES,2026-01,66,0,0,66,NO,First ledger beginning is not 0
US16351,3,18,YES,2026-01,0,3,3,21,YES,
US16357,39,0,YES,2026-01,0,39,39,39,YES,
US16359,61,0,YES,2026-01,0,61,61,61,YES,
US16362,41,41,YES,2026-01,41,0,0,41,NO,First ledger beginning is not 0
US16369,0,,NO,,,,0,,NO,Missing SR customer record
US16379,10,,NO,,,,0,,NO,Missing SR customer record
US16380,639,23,YES,2026-02,0,639,639,662,YES,
US16381,92,0,YES,2026-02,0,92,92,92,YES,
US16382,0,0,YES,2026-02,0,0,0,0,NO,Starting balance is 0 or negative
US16383,0,18,YES,2026-03,139,-139,0,18,NO,Starting balance is 0 or negative
US16384,0,,NO,,,,0,,NO,Missing SR customer record
US16385,76,,NO,,,,0,,NO,Missing SR customer record
US16386,15,,NO,,,,0,,NO,Missing SR customer record
US16387,0,,NO,,,,0,,NO,Missing SR customer record
US16388,12,,NO,,,,0,,NO,Missing SR customer record
US16389,10,0,YES,2026-01,0,10,10,10,YES,
US16390,0,0,YES,2026-01,0,0,0,0,NO,Starting balance is 0 or negative
US16391,0,47,NO,,0,0,0,47,NO,Starting balance is 0 or negative
US16392,343,375,YES,2026-01,0,343,343,718,YES,
US16393,59,0,YES,2026-01,0,59,59,59,YES,
US16394,10,0,YES,2026-01,0,10,10,10,YES,
US16395,11,0,YES,2026-01,0,11,11,11,YES,
US16396,0,0,YES,2026-01,0,0,0,0,NO,Starting balance is 0 or negative
US16397,0,0,YES,2026-01,0,0,0,0,NO,Starting balance is 0 or negative
US16398,13,0,YES,2026-01,0,13,13,13,YES,
US16399,0,0,YES,2026-01,0,0,0,0,NO,Starting balance is 0 or negative
US16400,0,28,YES,2026-01,0,0,0,28,NO,Starting balance is 0 or negative
US16401,126,0,YES,2026-01,0,126,126,126,YES,
US16402,0,0,YES,2026-01,0,0,0,0,NO,Starting balance is 0 or negative
US16403,0,0,YES,2026-01,0,0,0,0,NO,Starting balance is 0 or negative
US16404,0,0,YES,2026-01,0,0,0,0,NO,Starting balance is 0 or negative
US16405,0,0,YES,2026-01,0,0,0,0,NO,Starting balance is 0 or negative
US16406,0,0,YES,2026-01,0,0,0,0,NO,Starting balance is 0 or negative
US16407,0,137,NO,,0,0,0,137,NO,Starting balance is 0 or negative
US16408,118,,NO,,,,0,,NO,Missing SR customer record
US16409,20,,NO,,,,0,,NO,Missing SR customer record
US1641,691,691,YES,2026-01,691,0,0,691,NO,First ledger beginning is not 0
US16412,72,,NO,,,,0,,NO,Missing SR customer record
US16413,93,0,YES,,0,93,93,93,YES,
US16415,0,,NO,,,,0,,NO,Missing SR customer record
US16416,272,0,YES,2026-01,0,272,272,272,YES,
US16417,77,0,YES,,0,77,77,77,YES,
US16418,410,0,YES,,0,410,410,410,YES,
US16419,0,0,YES,,0,0,0,0,NO,Starting balance is 0 or negative
US1642,121,121,YES,2026-01,121,0,0,121,NO,First ledger beginning is not 0
US16420,1497,1438,YES,2026-01,1214,283,0,1438,NO,First ledger beginning is not 0
US16421,143,106,YES,2026-01,16,127,0,106,NO,First ledger beginning is not 0
US16422,51,0,YES,,0,51,51,51,YES,
US16423,1,0,YES,,0,1,1,1,YES,
US16424,157,0,YES,,0,157,157,157,YES,
US16426,80,0,YES,,0,80,80,80,YES,
US16432,73,0,YES,2026-02,0,73,73,73,YES,
US16433,147,,NO,,,,0,,NO,Missing SR customer record
US16434,108,,NO,,,,0,,NO,Missing SR customer record
US16435,88,,NO,,,,0,,NO,Missing SR customer record
US16436,97,0,YES,2026-02,0,97,97,97,YES,
US16439,103,,NO,,,,0,,NO,Missing SR customer record
US16440,0,,NO,,,,0,,NO,Missing SR customer record
US16442,204,0,YES,2026-01,0,204,204,204,YES,
US16443,112,0,YES,2026-01,0,112,112,112,YES,
US16444,474,0,YES,2026-01,0,474,474,474,YES,
US16445,156,25,YES,2026-02,0,156,156,181,YES,
US16446,148,,NO,,,,0,,NO,Missing SR customer record
US16447,12,,NO,,,,0,,NO,Missing SR customer record
US16448,106,,NO,,,,0,,NO,Missing SR customer record
US16449,152,,NO,,,,0,,NO,Missing SR customer record
US16450,36,,NO,,,,0,,NO,Missing SR customer record
US16451,26,,NO,,,,0,,NO,Missing SR customer record
US16452,161,,NO,,,,0,,NO,Missing SR customer record
US16453,105,0,YES,,0,105,105,105,YES,
US16454,0,,NO,,,,0,,NO,Missing SR customer record
US16455,7,18,YES,2026-01,18,-11,0,18,NO,First ledger beginning is not 0
US16456,95,0,YES,2026-01,0,95,95,95,YES,
US16457,380,0,YES,2026-01,0,380,380,380,YES,
US16458,58,,NO,,,,0,,NO,Missing SR customer record
US16459,75,,NO,,,,0,,NO,Missing SR customer record
US1646,287,353,YES,2026-01,313,-26,0,353,NO,First ledger beginning is not 0
US16460,327,20,YES,2026-01,0,327,327,347,YES,
US16461,10,0,YES,2026-01,0,10,10,10,YES,
US16462,10,0,YES,2026-01,0,10,10,10,YES,
US16463,10,0,YES,2026-01,0,10,10,10,YES,
US16464,10,10,NO,,0,10,10,20,YES,
US16465,0,0,YES,2026-01,0,0,0,0,NO,Starting balance is 0 or negative
US16466,21,0,YES,2026-01,0,21,21,21,YES,
US16467,0,0,YES,2026-01,0,0,0,0,NO,Starting balance is 0 or negative
US16468,11,0,YES,2026-01,0,11,11,11,YES,
US16471,106,,NO,,,,0,,NO,Missing SR customer record
US16472,0,0,YES,2026-01,0,0,0,0,NO,Starting balance is 0 or negative
US16473,11,53,YES,2026-01,11,0,0,53,NO,First ledger beginning is not 0
US16474,11,0,YES,2026-01,0,11,11,11,YES,
US16475,396,34,YES,2026-01,0,396,396,430,YES,
US16476,0,0,YES,2026-01,0,0,0,0,NO,Starting balance is 0 or negative
US16477,41,0,YES,2026-01,0,41,41,41,YES,
US16478,0,0,YES,2026-01,0,0,0,0,NO,Starting balance is 0 or negative
US16479,32,0,YES,2026-01,0,32,32,32,YES,
US1648,114,114,YES,2026-01,114,0,0,114,NO,First ledger beginning is not 0
US16480,0,0,YES,2026-01,0,0,0,0,NO,Starting balance is 0 or negative
US16481,0,29,YES,2026-01,0,0,0,29,NO,Starting balance is 0 or negative
US16482,13,0,YES,2026-01,0,13,13,13,YES,
US16483,0,0,YES,2026-01,0,0,0,0,NO,Starting balance is 0 or negative
US16484,39,0,YES,2026-01,0,39,39,39,YES,
US16485,0,0,YES,2026-01,0,0,0,0,NO,Starting balance is 0 or negative
US16486,0,0,YES,2026-01,0,0,0,0,NO,Starting balance is 0 or negative
US16487,0,0,YES,2026-01,0,0,0,0,NO,Starting balance is 0 or negative
US16488,0,0,YES,2026-01,0,0,0,0,NO,Starting balance is 0 or negative
US16489,0,0,YES,2026-01,0,0,0,0,NO,Starting balance is 0 or negative
US16490,41,41,NO,,0,41,41,82,YES,
US16491,51,51,NO,,0,51,51,102,YES,
US16492,0,0,YES,2026-01,0,0,0,0,NO,Starting balance is 0 or negative
US16493,93,4,YES,2026-01,0,93,93,97,YES,
US16494,17,0,YES,2026-01,0,17,17,17,YES,
US16495,0,0,YES,2026-01,0,0,0,0,NO,Starting balance is 0 or negative
US16496,0,0,YES,2026-01,0,0,0,0,NO,Starting balance is 0 or negative
US16497,167,0,YES,2026-01,0,167,167,167,YES,
US16498,0,0,YES,2026-01,0,0,0,0,NO,Starting balance is 0 or negative
US16499,20,0,YES,2026-01,0,20,20,20,YES,
US16500,0,0,YES,2026-01,0,0,0,0,NO,Starting balance is 0 or negative
US16501,0,0,YES,2026-01,0,0,0,0,NO,Starting balance is 0 or negative
US16502,0,0,YES,2026-01,0,0,0,0,NO,Starting balance is 0 or negative
US16503,26,0,YES,2026-01,0,26,26,26,YES,
US16504,0,16,YES,2026-01,0,0,0,16,NO,Starting balance is 0 or negative
US16505,0,0,YES,2026-01,0,0,0,0,NO,Starting balance is 0 or negative
US16506,65,16,YES,2026-01,0,65,65,81,YES,
US16507,33,0,YES,2026-01,0,33,33,33,YES,
US16508,45,45,NO,,0,45,45,90,YES,
US1651,94,94,YES,2026-01,94,0,0,94,NO,First ledger beginning is not 0
US16510,31,15,YES,2026-01,0,31,31,46,YES,
US16511,0,0,YES,2026-01,0,0,0,0,NO,Starting balance is 0 or negative
US16512,0,0,YES,2026-01,0,0,0,0,NO,Starting balance is 0 or negative
US16513,154,154,NO,,0,154,154,308,YES,
US16514,110,0,YES,2026-01,0,110,110,110,YES,
US16515,0,0,YES,2026-01,0,0,0,0,NO,Starting balance is 0 or negative
US16516,0,29,YES,2026-01,0,0,0,29,NO,Starting balance is 0 or negative
US16517,0,0,YES,2026-01,0,0,0,0,NO,Starting balance is 0 or negative
US16518,0,0,YES,2026-01,0,0,0,0,NO,Starting balance is 0 or negative
US16519,24,,NO,,,,0,,NO,Missing SR customer record
US1652,1394,1432,YES,2026-01,1394,0,0,1432,NO,First ledger beginning is not 0
US16520,180,,NO,,,,0,,NO,Missing SR customer record
US16521,0,,NO,,,,0,,NO,Missing SR customer record
US16522,0,,NO,,,,0,,NO,Missing SR customer record
US16523,31,,NO,,,,0,,NO,Missing SR customer record
US16524,80,,NO,,,,0,,NO,Missing SR customer record
US16526,146,38,YES,2026-02,0,146,146,184,YES,
US16527,58,0,YES,2026-02,0,58,58,58,YES,
US16528,12,,NO,,,,0,,NO,Missing SR customer record
US16529,10,,NO,,,,0,,NO,Missing SR customer record
US16530,0,,NO,,,,0,,NO,Missing SR customer record
US16531,11,0,YES,2026-01,0,11,11,11,YES,
US16532,56,0,YES,2026-01,0,56,56,56,YES,
US16533,88,0,YES,2026-01,0,88,88,88,YES,
US16534,75,30,YES,2026-01,0,75,75,105,YES,
US16535,21,,NO,,,,0,,NO,Missing SR customer record
US16536,22,0,YES,2026-01,0,22,22,22,YES,
US16538,0,,NO,,,,0,,NO,Missing SR customer record
US16539,132,0,YES,2026-01,0,132,132,132,YES,
US16540,260,0,YES,2026-01,0,260,260,260,YES,
US16541,206,299,YES,2026-01,206,0,0,299,NO,First ledger beginning is not 0
US16542,145,0,YES,2026-01,0,145,145,145,YES,
US16543,35,0,YES,2026-01,0,35,35,35,YES,
US16544,254,0,YES,2026-01,0,254,254,254,YES,
US16545,554,0,YES,2026-01,0,554,554,554,YES,
US16546,33,0,YES,2026-01,0,33,33,33,YES,
US16547,0,,NO,,,,0,,NO,Missing SR customer record
US16548,60,,NO,,,,0,,NO,Missing SR customer record
US16549,31,,NO,,,,0,,NO,Missing SR customer record
US1655,1283,1283,YES,2026-01,1283,0,0,1283,NO,First ledger beginning is not 0
US16550,52,23,YES,2026-01,0,52,52,75,YES,
US16551,108,0,YES,2026-02,0,108,108,108,YES,
US16552,893,20,YES,2026-02,0,893,893,913,YES,
US16553,397,22,YES,2026-02,0,397,397,419,YES,
US16554,448,37,YES,2026-02,37,411,0,37,NO,First ledger beginning is not 0
US16555,132,0,YES,2026-02,0,132,132,132,YES,
US16557,126,0,YES,,0,126,126,126,YES,
US16558,0,,NO,,,,0,,NO,Missing SR customer record
US1657,327,327,YES,2026-01,327,0,0,327,NO,First ledger beginning is not 0
US16579,170,,NO,,,,0,,NO,Missing SR customer record
US1658,172,172,YES,2026-01,172,0,0,172,NO,First ledger beginning is not 0
US16580,0,0,YES,2026-01,0,0,0,0,NO,Starting balance is 0 or negative
US16581,10,0,YES,2026-01,0,10,10,10,YES,
US16582,10,0,YES,2026-01,0,10,10,10,YES,
US16583,10,10,YES,2026-01,10,0,0,10,NO,First ledger beginning is not 0
US16584,0,0,YES,2026-01,0,0,0,0,NO,Starting balance is 0 or negative
US16585,0,0,YES,2026-01,0,0,0,0,NO,Starting balance is 0 or negative
US16586,0,0,YES,2026-01,0,0,0,0,NO,Starting balance is 0 or negative
US16587,0,0,YES,2026-01,0,0,0,0,NO,Starting balance is 0 or negative
US16588,0,0,YES,2026-01,0,0,0,0,NO,Starting balance is 0 or negative
US16589,0,0,YES,2026-01,0,0,0,0,NO,Starting balance is 0 or negative
US1659,71,71,YES,2026-01,0,71,71,142,YES,
US16590,0,0,YES,2026-01,0,0,0,0,NO,Starting balance is 0 or negative
US16591,0,0,YES,2026-01,0,0,0,0,NO,Starting balance is 0 or negative
US16592,0,0,YES,2026-01,0,0,0,0,NO,Starting balance is 0 or negative
US16593,38,0,YES,2026-01,0,38,38,38,YES,
US16594,23,0,YES,2026-01,0,23,23,23,YES,
US16595,12,0,YES,2026-01,0,12,12,12,YES,
US16596,12,0,YES,2026-01,0,12,12,12,YES,
US16597,12,0,YES,2026-01,0,12,12,12,YES,
US16598,12,0,YES,2026-01,0,12,12,12,YES,
US16599,13,0,YES,2026-01,0,13,13,13,YES,
US16600,0,0,YES,2026-01,0,0,0,0,NO,Starting balance is 0 or negative
US16601,0,375,YES,2026-01,0,0,0,375,NO,Starting balance is 0 or negative
US16602,24,0,YES,2026-01,0,24,24,24,YES,
US16603,0,0,YES,2026-01,0,0,0,0,NO,Starting balance is 0 or negative
US16604,15,0,YES,2026-01,0,15,15,15,YES,
US16605,15,0,YES,2026-01,0,15,15,15,YES,
US16606,0,0,YES,2026-01,0,0,0,0,NO,Starting balance is 0 or negative
US16607,0,0,YES,2026-01,0,0,0,0,NO,Starting balance is 0 or negative
US16608,16,0,YES,2026-01,0,16,16,16,YES,
US16609,16,0,YES,2026-01,0,16,16,16,YES,
US1661,448,448,YES,2026-01,448,0,0,448,NO,First ledger beginning is not 0
US16610,0,0,YES,2026-01,0,0,0,0,NO,Starting balance is 0 or negative
US16611,0,0,YES,2026-01,0,0,0,0,NO,Starting balance is 0 or negative
US16612,115,0,YES,2026-01,0,115,115,115,YES,
US16613,20,0,YES,2026-01,0,20,20,20,YES,
US16614,0,0,YES,2026-01,0,0,0,0,NO,Starting balance is 0 or negative
US16615,23,0,YES,2026-01,0,23,23,23,YES,
US16616,0,0,YES,2026-01,0,0,0,0,NO,Starting balance is 0 or negative
US16617,0,0,YES,2026-01,0,0,0,0,NO,Starting balance is 0 or negative
US16618,68,0,YES,2026-01,0,68,68,68,YES,
US16619,0,21,YES,2026-01,0,0,0,21,NO,Starting balance is 0 or negative
US1662,1591,1614,YES,2026-01,1614,-23,0,1614,NO,First ledger beginning is not 0
US16620,0,0,YES,2026-01,0,0,0,0,NO,Starting balance is 0 or negative
US16621,197,0,YES,2026-01,0,197,197,197,YES,
US16622,0,22,YES,2026-01,0,0,0,22,NO,Starting balance is 0 or negative
US16623,117,0,YES,2026-01,0,117,117,117,YES,
US16624,0,0,YES,2026-01,0,0,0,0,NO,Starting balance is 0 or negative
US16625,0,391,NO,,0,0,0,391,NO,Starting balance is 0 or negative
US16626,807,44,YES,2026-01,0,807,807,851,YES,
US16627,39,182,YES,2026-01,89,-50,0,182,NO,First ledger beginning is not 0
US16628,28,0,YES,,0,28,28,28,YES,
US1663,549,549,YES,2026-01,549,0,0,549,NO,First ledger beginning is not 0
US16632,190,0,YES,,0,190,190,190,YES,
US16633,16,0,YES,,0,16,16,16,YES,
US16637,0,0,YES,,0,0,0,0,NO,Starting balance is 0 or negative
US16639,28,55,YES,2026-01,28,0,0,55,NO,First ledger beginning is not 0
US1664,16,16,YES,2026-01,16,0,0,16,NO,First ledger beginning is not 0
US16640,17,0,YES,2026-01,0,17,17,17,YES,
US16641,6,19,YES,2026-01,0,6,6,25,YES,
US16642,187,18,YES,2026-02,0,187,187,205,YES,
US16643,299,0,YES,,0,299,299,299,YES,
US16644,4,2,YES,2026-02,0,4,4,6,YES,
US16645,10,0,YES,,0,10,10,10,YES,
US16646,28,0,YES,,0,28,28,28,YES,
US16647,17,0,YES,,0,17,17,17,YES,
US16648,0,0,YES,,0,0,0,0,NO,Starting balance is 0 or negative
US16649,64,0,YES,,0,64,64,64,YES,
US16651,129,0,YES,,0,129,129,129,YES,
US16652,0,0,YES,,0,0,0,0,NO,Starting balance is 0 or negative
US16653,27,0,YES,,0,27,27,27,YES,
US16654,0,0,YES,,0,0,0,0,NO,Starting balance is 0 or negative
US16655,28,0,YES,,0,28,28,28,YES,
US16656,997,0,YES,,0,997,997,997,YES,
US16657,224,0,YES,,0,224,224,224,YES,
US16658,11,0,YES,,0,11,11,11,YES,
US16659,214,0,YES,,0,214,214,214,YES,
US1666,1598,1615,YES,2026-01,1615,-17,0,1615,NO,First ledger beginning is not 0
US16660,296,0,YES,,0,296,296,296,YES,
US16661,0,0,YES,,0,0,0,0,NO,Starting balance is 0 or negative
US16662,6,0,YES,,0,6,6,6,YES,
US16663,19,0,YES,,0,19,19,19,YES,
US16664,87,0,YES,,0,87,87,87,YES,
US16665,254,0,YES,,0,254,254,254,YES,
US16666,80,0,YES,,0,80,80,80,YES,
US16667,20,0,YES,,0,20,20,20,YES,
US16668,80,0,YES,,0,80,80,80,YES,
US16669,60,71,YES,2026-01,0,60,60,131,YES,
US1667,864,131,YES,2026-01,96,768,0,131,NO,First ledger beginning is not 0
US16670,15,4,YES,2026-01,15,0,0,4,NO,First ledger beginning is not 0
US16671,994,134,YES,2026-01,0,994,994,1128,YES,
US16672,28,0,YES,2026-01,0,28,28,28,YES,
US16674,265,0,YES,2026-02,0,265,265,265,YES,
US16676,0,0,YES,2026-01,0,0,0,0,NO,Starting balance is 0 or negative
US16677,0,0,YES,2026-01,0,0,0,0,NO,Starting balance is 0 or negative
US16678,10,17,YES,2026-01,0,10,10,27,YES,
US16679,10,0,YES,2026-01,0,10,10,10,YES,
US1668,163,58,YES,2026-01,32,131,0,58,NO,First ledger beginning is not 0
US16680,0,0,YES,2026-01,0,0,0,0,NO,Starting balance is 0 or negative
US16681,10,0,YES,2026-01,0,10,10,10,YES,
US16682,10,0,YES,2026-01,0,10,10,10,YES,
US16683,0,29,YES,2026-01,0,0,0,29,NO,Starting balance is 0 or negative
US16684,11,0,YES,2026-01,0,11,11,11,YES,
US16685,11,0,YES,2026-01,0,11,11,11,YES,
US16686,11,0,YES,2026-01,0,11,11,11,YES,
US16687,0,0,YES,2026-01,0,0,0,0,NO,Starting balance is 0 or negative
US16688,0,0,YES,2026-01,0,0,0,0,NO,Starting balance is 0 or negative
US16689,11,34,YES,2026-01,0,11,11,45,YES,
US1669,226,226,YES,2026-01,226,0,0,226,NO,First ledger beginning is not 0
US16690,11,0,YES,2026-01,0,11,11,11,YES,
US16691,0,0,YES,2026-01,0,0,0,0,NO,Starting balance is 0 or negative
US16692,11,19,YES,2026-01,0,11,11,30,YES,
US16693,11,42,YES,2026-01,0,11,11,53,YES,
US16694,0,93,YES,2026-01,93,-93,0,93,NO,Starting balance is 0 or negative
US16695,0,0,YES,2026-01,0,0,0,0,NO,Starting balance is 0 or negative
US16696,102,0,YES,2026-01,0,102,102,102,YES,
US16697,0,0,YES,2026-01,0,0,0,0,NO,Starting balance is 0 or negative
US16698,37,0,YES,2026-01,0,37,37,37,YES,
US16699,13,0,YES,2026-01,0,13,13,13,YES,
US1670,2055,2055,YES,2026-01,2055,0,0,2055,NO,First ledger beginning is not 0
US16700,0,0,YES,2026-01,0,0,0,0,NO,Starting balance is 0 or negative
US16701,0,18,YES,2026-01,0,0,0,18,NO,Starting balance is 0 or negative
US16702,14,0,YES,2026-01,0,14,14,14,YES,
US16703,0,0,YES,2026-01,0,0,0,0,NO,Starting balance is 0 or negative
US16704,0,0,YES,2026-01,0,0,0,0,NO,Starting balance is 0 or negative
US16705,0,131,YES,2026-01,0,0,0,131,NO,Starting balance is 0 or negative
US16706,0,0,YES,2026-01,0,0,0,0,NO,Starting balance is 0 or negative
US16707,0,0,YES,2026-01,0,0,0,0,NO,Starting balance is 0 or negative
US16708,0,0,YES,2026-01,0,0,0,0,NO,Starting balance is 0 or negative
US16709,268,21,YES,2026-01,0,268,268,289,YES,
US16710,150,0,YES,2026-01,0,150,150,150,YES,
US16711,0,0,YES,2026-01,0,0,0,0,NO,Starting balance is 0 or negative
US16712,0,0,YES,2026-01,0,0,0,0,NO,Starting balance is 0 or negative
US16713,0,36,YES,2026-01,0,0,0,36,NO,Starting balance is 0 or negative
US16714,94,0,YES,,0,94,94,94,YES,
US16715,428,0,YES,,0,428,428,428,YES,
US16716,17,0,YES,2026-01,0,17,17,17,YES,
US16717,19,0,YES,2026-01,0,19,19,19,YES,
US16718,169,0,YES,2026-01,0,169,169,169,YES,
US16719,332,332,NO,,0,332,332,664,YES,
US16720,190,0,YES,2026-01,0,190,190,190,YES,
US16721,25,17,YES,2026-01,0,25,25,42,YES,
US16722,211,0,YES,2026-01,0,211,211,211,YES,
US16723,540,0,YES,2026-01,0,540,540,540,YES,
US16724,64,64,NO,,0,64,64,128,YES,
US16725,0,0,YES,,0,0,0,0,NO,Starting balance is 0 or negative
US16726,72,0,YES,2026-01,0,72,72,72,YES,
US16727,29,0,YES,,0,29,29,29,YES,
US16728,110,0,YES,2026-01,0,110,110,110,YES,
US16729,50,0,YES,2026-01,0,50,50,50,YES,
US16730,157,0,YES,2026-01,0,157,157,157,YES,
US16731,10,0,YES,2026-01,0,10,10,10,YES,
US16732,0,0,YES,2026-01,0,0,0,0,NO,Starting balance is 0 or negative
US16733,0,10,NO,,0,0,0,10,NO,Starting balance is 0 or negative
US16734,0,0,YES,2026-01,0,0,0,0,NO,Starting balance is 0 or negative
US16735,0,0,YES,2026-01,0,0,0,0,NO,Starting balance is 0 or negative
US16736,0,0,YES,2026-01,0,0,0,0,NO,Starting balance is 0 or negative
US16737,0,0,YES,2026-01,0,0,0,0,NO,Starting balance is 0 or negative
US16738,11,11,NO,,0,11,11,22,YES,
US16739,0,0,YES,2026-01,0,0,0,0,NO,Starting balance is 0 or negative
US16740,0,0,YES,2026-01,0,0,0,0,NO,Starting balance is 0 or negative
US16741,14,0,YES,2026-01,0,14,14,14,YES,
US16743,0,0,YES,2026-01,0,0,0,0,NO,Starting balance is 0 or negative
US16744,389,425,YES,2026-01,389,0,0,425,NO,First ledger beginning is not 0
US16745,0,40,YES,2026-01,0,0,0,40,NO,Starting balance is 0 or negative
US16746,0,0,YES,2026-01,0,0,0,0,NO,Starting balance is 0 or negative
US16747,0,0,YES,2026-01,0,0,0,0,NO,Starting balance is 0 or negative
US16748,0,35,YES,2026-01,0,0,0,35,NO,Starting balance is 0 or negative
US16749,0,0,YES,2026-01,0,0,0,0,NO,Starting balance is 0 or negative
US1675,104,104,YES,2026-01,104,0,0,104,NO,First ledger beginning is not 0
US16750,0,39,YES,2026-01,0,0,0,39,NO,Starting balance is 0 or negative
US16751,28,0,YES,2026-01,0,28,28,28,YES,
US16752,0,0,YES,2026-01,0,0,0,0,NO,Starting balance is 0 or negative
US16753,0,0,YES,2026-01,0,0,0,0,NO,Starting balance is 0 or negative
US16754,0,0,YES,2026-01,0,0,0,0,NO,Starting balance is 0 or negative
US16755,0,0,YES,2026-01,0,0,0,0,NO,Starting balance is 0 or negative
US16756,91,91,NO,,0,91,91,182,YES,
US16757,230,0,YES,,0,230,230,230,YES,
US16759,103,0,YES,2026-02,0,103,103,103,YES,
US1676,230,230,YES,2026-01,230,0,0,230,NO,First ledger beginning is not 0
US16760,18,0,YES,,0,18,18,18,YES,
US16772,225,0,YES,2026-02,0,225,225,225,YES,
US16773,1046,0,YES,2026-02,0,1046,1046,1046,YES,
US16774,528,30,YES,2026-02,607,-79,0,30,NO,First ledger beginning is not 0
US16775,2615,2529,YES,2026-02,2946,-331,0,2529,NO,First ledger beginning is not 0
US16777,10,0,YES,2026-01,0,10,10,10,YES,
US16778,0,0,YES,2026-01,0,0,0,0,NO,Starting balance is 0 or negative
US16779,0,0,YES,2026-01,0,0,0,0,NO,Starting balance is 0 or negative
US1678,101,101,YES,2026-01,101,0,0,101,NO,First ledger beginning is not 0
US16780,13,0,YES,2026-01,0,13,13,13,YES,
US16781,14,0,YES,2026-01,0,14,14,14,YES,
US16782,94,0,YES,2026-01,0,94,94,94,YES,
US16783,259,21,YES,2026-01,66,193,0,21,NO,First ledger beginning is not 0
US16784,530,530,YES,2026-01,530,0,0,530,NO,First ledger beginning is not 0
US16785,358,42,YES,2026-01,0,358,358,400,YES,
US16786,291,0,YES,2026-01,0,291,291,291,YES,
US16787,289,0,YES,2026-01,0,289,289,289,YES,
US16788,201,0,YES,2026-01,0,201,201,201,YES,
US16789,174,21,YES,2026-01,21,153,0,21,NO,First ledger beginning is not 0
US16790,310,0,YES,2026-01,0,310,310,310,YES,
US16791,189,0,YES,2026-01,0,189,189,189,YES,
US16792,542,20,YES,2026-02,0,542,542,562,YES,
US16793,159,0,YES,2026-02,0,159,159,159,YES,
US16794,90,0,YES,2026-01,0,90,90,90,YES,
US167956,0,0,YES,2026-03,0,0,0,0,NO,Starting balance is 0 or negative
US16797,279,279,NO,,0,279,279,558,YES,
US16798,277,277,NO,,0,277,277,554,YES,
US16799,11,0,YES,2026-01,0,11,11,11,YES,
US16800,1,0,YES,2026-02,0,1,1,1,YES,
US16801,366,0,YES,,0,366,366,366,YES,
US16803,97,15,YES,2026-01,0,97,97,112,YES,
US16804,34,0,YES,,0,34,34,34,YES,
US16806,30,0,YES,2026-01,0,30,30,30,YES,
US16807,17,0,YES,,0,17,17,17,YES,
US16808,23,0,YES,,0,23,23,23,YES,
US16809,113,0,YES,2026-01,0,113,113,113,YES,
US16810,302,0,YES,2026-01,0,302,302,302,YES,
US16811,196,0,YES,2026-01,0,196,196,196,YES,
US16812,191,0,YES,2026-01,0,191,191,191,YES,
US16813,799,0,YES,,0,799,799,799,YES,
US16814,99,0,YES,2026-01,0,99,99,99,YES,
US16815,220,0,YES,2026-01,0,220,220,220,YES,
US16816,0,0,YES,,0,0,0,0,NO,Starting balance is 0 or negative
US16817,17,0,YES,2026-01,0,17,17,17,YES,
US16818,102,0,YES,2026-01,0,102,102,102,YES,
US16819,8,31,YES,2026-01,8,0,0,31,NO,First ledger beginning is not 0
US1682,842,842,YES,2026-01,842,0,0,842,NO,First ledger beginning is not 0
US16820,10,0,YES,2026-01,0,10,10,10,YES,
US16821,21,21,NO,,0,21,21,42,YES,
US16822,0,0,YES,2026-01,0,0,0,0,NO,Starting balance is 0 or negative
US16823,10,0,YES,2026-01,0,10,10,10,YES,
US16824,10,0,YES,2026-01,0,10,10,10,YES,
US16825,68,0,YES,2026-01,0,68,68,68,YES,
US16826,0,0,YES,2026-01,0,0,0,0,NO,Starting balance is 0 or negative
US16827,12,0,YES,2026-01,0,12,12,12,YES,
US16828,0,0,YES,2026-01,0,0,0,0,NO,Starting balance is 0 or negative
US16829,0,0,YES,2026-01,0,0,0,0,NO,Starting balance is 0 or negative
US1683,2950,2976,YES,2026-01,2976,-26,0,2976,NO,First ledger beginning is not 0
US16830,51,51,NO,,0,51,51,102,YES,
US16831,0,34,YES,2026-01,0,0,0,34,NO,Starting balance is 0 or negative
US16832,0,0,YES,2026-01,0,0,0,0,NO,Starting balance is 0 or negative
US16833,33,24,YES,2026-01,0,33,33,57,YES,
US16834,0,0,YES,2026-01,0,0,0,0,NO,Starting balance is 0 or negative
US16835,15,0,YES,2026-01,0,15,15,15,YES,
US16836,0,0,YES,2026-01,0,0,0,0,NO,Starting balance is 0 or negative
US16837,16,0,YES,2026-01,0,16,16,16,YES,
US16838,0,0,YES,2026-01,0,0,0,0,NO,Starting balance is 0 or negative
US16839,20,0,YES,2026-01,0,20,20,20,YES,
US16840,0,25,YES,2026-01,0,0,0,25,NO,Starting balance is 0 or negative
US16841,66,0,YES,2026-01,0,66,66,66,YES,
US16842,0,0,YES,2026-01,0,0,0,0,NO,Starting balance is 0 or negative
US16843,80,0,YES,2026-01,0,80,80,80,YES,
US16844,0,19,YES,2026-01,0,0,0,19,NO,Starting balance is 0 or negative
US16845,0,0,YES,2026-01,0,0,0,0,NO,Starting balance is 0 or negative
US16846,82,0,YES,2026-01,0,82,82,82,YES,
US16847,132,37,YES,2026-01,0,132,132,169,YES,
US16848,191,0,YES,2026-01,0,191,191,191,YES,
US16849,0,16,YES,2026-01,0,0,0,16,NO,Starting balance is 0 or negative
US16850,0,0,YES,2026-01,0,0,0,0,NO,Starting balance is 0 or negative
US16851,0,0,YES,2026-01,0,0,0,0,NO,Starting balance is 0 or negative
US16852,487,0,YES,2026-01,0,487,487,487,YES,
US16853,460,0,YES,2026-02,0,460,460,460,YES,
US16854,126,0,YES,2026-01,0,126,126,126,YES,
US16855,93,0,YES,2026-01,0,93,93,93,YES,
US16856,120,0,YES,2026-01,0,120,120,120,YES,
US16857,10,0,YES,2026-01,0,10,10,10,YES,
US16858,0,0,YES,2026-01,0,0,0,0,NO,Starting balance is 0 or negative
US16859,0,0,YES,2026-01,0,0,0,0,NO,Starting balance is 0 or negative
US16860,0,30,YES,2026-01,0,0,0,30,NO,Starting balance is 0 or negative
US16861,0,0,YES,2026-01,0,0,0,0,NO,Starting balance is 0 or negative
US16862,13,0,YES,2026-01,0,13,13,13,YES,
US16863,0,0,YES,2026-01,0,0,0,0,NO,Starting balance is 0 or negative
US16864,15,0,YES,2026-01,0,15,15,15,YES,
US16865,0,0,YES,2026-01,0,0,0,0,NO,Starting balance is 0 or negative
US16866,0,0,YES,2026-01,0,0,0,0,NO,Starting balance is 0 or negative
US16867,273,22,YES,2026-01,0,273,273,295,YES,
US16868,80,0,YES,,0,80,80,80,YES,
US16869,146,144,YES,2026-02,0,146,146,290,YES,
US1687,6,40,YES,2026-01,20,-14,0,40,NO,First ledger beginning is not 0
US16870,2035,67,YES,2026-02,33,2002,0,67,NO,First ledger beginning is not 0
US16871,66,0,YES,2026-02,0,66,66,66,YES,
US16872,131,0,YES,2026-02,0,131,131,131,YES,
US16873,468,0,YES,2026-02,0,468,468,468,YES,
US16874,105,0,YES,2026-02,0,105,105,105,YES,
US16875,10,44,YES,2026-02,0,10,10,54,YES,
US16876,1244,822,YES,2026-02,0,1244,1244,2066,YES,
US16877,87,0,YES,2026-02,0,87,87,87,YES,
US16878,73,17,YES,2026-02,17,56,0,17,NO,First ledger beginning is not 0
US16879,1065,824,YES,2026-01,801,264,0,824,NO,First ledger beginning is not 0
US16880,470,461,YES,2026-01,0,470,470,931,YES,
US16906,364,0,YES,,0,364,364,364,YES,
US16907,0,0,YES,,0,0,0,0,NO,Starting balance is 0 or negative
US16908,446,4,YES,2026-02,4,442,0,4,NO,First ledger beginning is not 0
US16909,120,0,YES,2026-01,0,120,120,120,YES,
US1691,1571,1614,YES,2026-01,1571,0,0,1614,NO,First ledger beginning is not 0
US16910,480,0,YES,,0,480,480,480,YES,
US16911,360,0,YES,,0,360,360,360,YES,
US16912,71,0,YES,2026-01,0,71,71,71,YES,
US16913,199,38,YES,2026-01,38,161,0,38,NO,First ledger beginning is not 0
US16914,87,0,YES,2026-01,0,87,87,87,YES,
US16917,16,0,YES,,0,16,16,16,YES,
US16918,77,17,YES,2026-01,0,77,77,94,YES,
US16919,236,0,YES,2026-01,0,236,236,236,YES,
US1692,404,404,YES,2026-01,404,0,0,404,NO,First ledger beginning is not 0
US16920,146,17,YES,2026-01,0,146,146,163,YES,
US16921,146,0,YES,2026-01,0,146,146,146,YES,
US16922,136,0,YES,2026-01,0,136,136,136,YES,
US16923,149,0,YES,2026-01,0,149,149,149,YES,
US16924,134,0,YES,2026-01,0,134,134,134,YES,
US16925,32,0,YES,2026-01,0,32,32,32,YES,
US16926,45,0,YES,2026-01,0,45,45,45,YES,
US16927,23,0,YES,2026-01,0,23,23,23,YES,
US16928,1555,336,YES,2026-01,0,1555,1555,1891,YES,
US1693,35,35,YES,2026-01,35,0,0,35,NO,First ledger beginning is not 0
US16930,2,0,YES,,0,2,2,2,YES,
US16931,43,0,YES,,0,43,43,43,YES,
US16932,505,523,YES,2026-01,505,0,0,523,NO,First ledger beginning is not 0
US16933,152,0,YES,,0,152,152,152,YES,
US16934,2232,1900,YES,2026-01,1900,332,0,1900,NO,First ledger beginning is not 0
US16935,661,129,YES,2026-01,0,661,661,790,YES,
US16936,21,0,YES,2026-01,0,21,21,21,YES,
US16937,45,0,YES,2026-01,0,45,45,45,YES,
US16938,2,0,YES,2026-01,0,2,2,2,YES,
US16939,287,21,YES,2026-01,21,266,0,21,NO,First ledger beginning is not 0
US16940,622,0,YES,,0,622,622,622,YES,
US16943,173,0,YES,2026-01,0,173,173,173,YES,
US16946,659,0,YES,,0,659,659,659,YES,
US16947,12,0,YES,,0,12,12,12,YES,
US16948,0,0,YES,,0,0,0,0,NO,Starting balance is 0 or negative
US16949,0,0,YES,,0,0,0,0,NO,Starting balance is 0 or negative
US16950,32,0,YES,,0,32,32,32,YES,
US16952,87,0,YES,,0,87,87,87,YES,
US16953,0,0,YES,,0,0,0,0,NO,Starting balance is 0 or negative
US16954,170,0,YES,,0,170,170,170,YES,
US16956,0,0,YES,,0,0,0,0,NO,Starting balance is 0 or negative
US16958,0,0,YES,,0,0,0,0,NO,Starting balance is 0 or negative
US16960,0,0,YES,,0,0,0,0,NO,Starting balance is 0 or negative
US16961,53,0,YES,,0,53,53,53,YES,
US16962,0,0,YES,,0,0,0,0,NO,Starting balance is 0 or negative
US16963,0,0,YES,,0,0,0,0,NO,Starting balance is 0 or negative
US16964,39,0,YES,,0,39,39,39,YES,
US16965,10,0,YES,,0,10,10,10,YES,
US16966,0,0,YES,,0,0,0,0,NO,Starting balance is 0 or negative
US16967,0,0,YES,,0,0,0,0,NO,Starting balance is 0 or negative
US16968,173,0,YES,,0,173,173,173,YES,
US16969,0,0,YES,,0,0,0,0,NO,Starting balance is 0 or negative
US1697,274,274,YES,2026-01,274,0,0,274,NO,First ledger beginning is not 0
US16970,10,0,YES,,0,10,10,10,YES,
US16971,14,0,YES,,0,14,14,14,YES,
US16972,0,0,YES,,0,0,0,0,NO,Starting balance is 0 or negative
US16974,16,0,YES,,0,16,16,16,YES,
US16975,0,0,YES,,0,0,0,0,NO,Starting balance is 0 or negative
US16976,13,0,YES,,0,13,13,13,YES,
US16977,148,0,YES,,0,148,148,148,YES,
US16978,29,0,YES,,0,29,29,29,YES,
US16979,73,0,YES,,0,73,73,73,YES,
US1698,293,293,YES,2026-01,293,0,0,293,NO,First ledger beginning is not 0
US16980,0,0,YES,,0,0,0,0,NO,Starting balance is 0 or negative
US16982,41,0,YES,,0,41,41,41,YES,
US16983,22,0,YES,,0,22,22,22,YES,
US16984,0,0,YES,,0,0,0,0,NO,Starting balance is 0 or negative
US16985,10,0,YES,,0,10,10,10,YES,
US16986,0,,NO,,,,0,,NO,Missing SR customer record
US16987,10,28,YES,2026-01,0,10,10,38,YES,
US16988,7,993,YES,2026-01,266,-259,0,993,NO,First ledger beginning is not 0
US16989,0,0,YES,,0,0,0,0,NO,Starting balance is 0 or negative
US16990,524,70,YES,2026-01,39,485,0,70,NO,First ledger beginning is not 0
US16991,1,98,YES,2026-01,0,1,1,99,YES,
US16992,60,0,YES,2026-01,0,60,60,60,YES,
US16993,0,0,YES,2026-01,0,0,0,0,NO,Starting balance is 0 or negative
US16994,0,0,YES,2026-01,0,0,0,0,NO,Starting balance is 0 or negative
US16995,10,0,YES,2026-01,0,10,10,10,YES,
US16996,10,0,YES,2026-01,0,10,10,10,YES,
US16997,10,0,YES,2026-01,0,10,10,10,YES,
US16998,0,0,YES,2026-01,0,0,0,0,NO,Starting balance is 0 or negative
US16999,0,0,YES,2026-01,0,0,0,0,NO,Starting balance is 0 or negative
US17000,0,0,YES,2026-01,0,0,0,0,NO,Starting balance is 0 or negative
US17001,12,0,YES,2026-01,0,12,12,12,YES,
US17002,0,0,YES,2026-01,0,0,0,0,NO,Starting balance is 0 or negative
US17003,0,0,YES,2026-01,0,0,0,0,NO,Starting balance is 0 or negative
US17004,0,0,YES,2026-01,0,0,0,0,NO,Starting balance is 0 or negative
US17005,26,26,NO,,0,26,26,52,YES,
US17006,0,0,YES,2026-01,0,0,0,0,NO,Starting balance is 0 or negative
US17007,12,0,YES,2026-01,0,12,12,12,YES,
US17008,0,0,YES,2026-01,0,0,0,0,NO,Starting balance is 0 or negative
US17009,25,0,YES,2026-01,0,25,25,25,YES,
US1701,458,458,YES,2026-01,458,0,0,458,NO,First ledger beginning is not 0
US17010,0,0,YES,2026-01,0,0,0,0,NO,Starting balance is 0 or negative
US17011,13,0,YES,2026-01,0,13,13,13,YES,
US17012,23,38,YES,2026-01,0,23,23,61,YES,
US17013,40,0,YES,2026-01,0,40,40,40,YES,
US17014,13,0,YES,2026-01,0,13,13,13,YES,
US17015,13,0,YES,2026-01,0,13,13,13,YES,
US17016,0,0,YES,2026-01,0,0,0,0,NO,Starting balance is 0 or negative
US17017,14,0,YES,2026-01,0,14,14,14,YES,
US17018,0,0,YES,2026-01,0,0,0,0,NO,Starting balance is 0 or negative
US17019,56,56,NO,,0,56,56,112,YES,
US1702,379,476,YES,2026-01,379,0,0,476,NO,First ledger beginning is not 0
US17020,0,0,YES,2026-01,0,0,0,0,NO,Starting balance is 0 or negative
US17021,37,0,YES,2026-01,0,37,37,37,YES,
US17026,16,0,YES,2026-01,0,16,16,16,YES,
US17027,17,17,YES,2026-01,17,0,0,17,NO,First ledger beginning is not 0
US17028,18,18,YES,2026-01,18,0,0,18,NO,First ledger beginning is not 0
US17029,46,0,YES,2026-01,0,46,46,46,YES,
US17030,19,0,YES,2026-01,0,19,19,19,YES,
US17031,37,0,YES,2026-01,0,37,37,37,YES,
US17032,0,0,YES,2026-01,0,0,0,0,NO,Starting balance is 0 or negative
US17033,0,34,YES,2026-01,0,0,0,34,NO,Starting balance is 0 or negative
US17034,0,0,YES,2026-01,0,0,0,0,NO,Starting balance is 0 or negative
US17035,0,0,YES,2026-01,0,0,0,0,NO,Starting balance is 0 or negative
US17036,0,22,YES,2026-01,0,0,0,22,NO,Starting balance is 0 or negative
US17037,61,0,YES,2026-01,0,61,61,61,YES,
US17038,0,16,YES,2026-01,0,0,0,16,NO,Starting balance is 0 or negative
US17039,0,0,YES,2026-01,0,0,0,0,NO,Starting balance is 0 or negative
US1704,0,0,YES,2026-01,0,0,0,0,NO,Starting balance is 0 or negative
US17040,62,0,YES,2026-01,0,62,62,62,YES,
US17041,0,0,YES,2026-01,0,0,0,0,NO,Starting balance is 0 or negative
US17042,0,0,YES,2026-01,0,0,0,0,NO,Starting balance is 0 or negative
US17043,0,126,YES,2026-01,0,0,0,126,NO,Starting balance is 0 or negative
US17044,381,38,YES,2026-01,0,381,381,419,YES,
US17045,0,243,YES,2026-01,39,-39,0,243,NO,Starting balance is 0 or negative
US17046,0,23,YES,2026-01,0,0,0,23,NO,Starting balance is 0 or negative
US17047,0,0,YES,,0,0,0,0,NO,Starting balance is 0 or negative
US17048,48,0,YES,2026-01,0,48,48,48,YES,
US17049,311,204,YES,2026-01,51,260,0,204,NO,First ledger beginning is not 0
US17070,134,4,YES,2026-02,134,0,0,4,NO,First ledger beginning is not 0
US17071,81,0,YES,,0,81,81,81,YES,
US17072,91,91,NO,,0,91,91,182,YES,
US17073,112,0,YES,2026-02,0,112,112,112,YES,
US17074,1134,112,YES,2026-02,0,1134,1134,1246,YES,
US17075,0,0,YES,2026-01,0,0,0,0,NO,Starting balance is 0 or negative
US17076,10,0,YES,2026-01,0,10,10,10,YES,
US17077,0,0,YES,2026-01,0,0,0,0,NO,Starting balance is 0 or negative
US17078,0,0,YES,2026-01,0,0,0,0,NO,Starting balance is 0 or negative
US17079,0,0,YES,2026-01,0,0,0,0,NO,Starting balance is 0 or negative
US1708,185,185,YES,2026-01,185,0,0,185,NO,First ledger beginning is not 0
US17080,0,0,YES,2026-01,0,0,0,0,NO,Starting balance is 0 or negative
US17081,11,21,YES,2026-01,0,11,11,32,YES,
US17082,0,0,YES,2026-01,0,0,0,0,NO,Starting balance is 0 or negative
US17083,11,0,YES,2026-01,0,11,11,11,YES,
US17084,0,0,YES,2026-01,0,0,0,0,NO,Starting balance is 0 or negative
US17085,17,0,YES,2026-01,0,17,17,17,YES,
US17086,0,0,YES,2026-01,0,0,0,0,NO,Starting balance is 0 or negative
US17087,72,0,YES,2026-01,0,72,72,72,YES,
US17088,0,0,YES,2026-01,0,0,0,0,NO,Starting balance is 0 or negative
US17089,70,0,YES,2026-01,0,70,70,70,YES,
US17090,0,0,YES,2026-01,0,0,0,0,NO,Starting balance is 0 or negative
US17091,0,28,YES,2026-01,0,0,0,28,NO,Starting balance is 0 or negative
US17092,1138,0,YES,2026-01,0,1138,1138,1138,YES,
US17093,557,70,YES,2026-01,0,557,557,627,YES,
US17094,163,0,YES,2026-01,0,163,163,163,YES,
US17095,463,17,YES,2026-01,0,463,463,480,YES,
US17096,127,0,YES,2026-01,0,127,127,127,YES,
US17097,102,0,YES,2026-01,0,102,102,102,YES,
US17098,126,15,YES,2026-01,0,126,126,141,YES,
US17099,108,16,YES,2026-01,0,108,108,124,YES,
US17100,10,0,YES,,0,10,10,10,YES,
US17102,22,0,YES,2026-02,0,22,22,22,YES,
US17106,726,35,YES,2026-02,35,691,0,35,NO,First ledger beginning is not 0
US17108,0,0,YES,,0,0,0,0,NO,Starting balance is 0 or negative
US17109,53,0,YES,,0,53,53,53,YES,
US17110,253,30,YES,2026-01,0,253,253,283,YES,
US17111,229,16,YES,2026-01,0,229,229,245,YES,
US17112,54,0,YES,2026-02,0,54,54,54,YES,
US17113,124,0,YES,,0,124,124,124,YES,
US17114,72,0,YES,2026-02,0,72,72,72,YES,
US17115,80,0,YES,,0,80,80,80,YES,
US17116,386,386,YES,2026-03,386,0,0,386,NO,First ledger beginning is not 0
US17117,7,0,YES,,0,7,7,7,YES,
US17119,155,0,YES,,0,155,155,155,YES,
US1712,672,27,YES,2026-01,265,407,0,27,NO,First ledger beginning is not 0
US17120,27,0,YES,2026-01,0,27,27,27,YES,
US17121,93,0,YES,2026-01,0,93,93,93,YES,
US17122,417,0,YES,2026-01,0,417,417,417,YES,
US17124,273,0,YES,,0,273,273,273,YES,
US17125,33,0,YES,2026-01,0,33,33,33,YES,
US17126,676,60,YES,2026-01,25,651,0,60,NO,First ledger beginning is not 0
US17127,411,75,YES,2026-01,0,411,411,486,YES,
US17128,442,30,YES,2026-01,0,442,442,472,YES,
US17129,112,0,YES,,0,112,112,112,YES,
US1713,65,65,YES,2026-01,65,0,0,65,NO,First ledger beginning is not 0
US17130,29,46,YES,2026-01,30,-1,0,46,NO,First ledger beginning is not 0
US17131,91,0,YES,,0,91,91,91,YES,
US17132,20,0,YES,,0,20,20,20,YES,
US17133,480,0,YES,,0,480,480,480,YES,
US17134,74,0,YES,,0,74,74,74,YES,
US17135,533,0,YES,,0,533,533,533,YES,
US17136,73,0,YES,2026-01,0,73,73,73,YES,
US17137,175,39,YES,2026-01,39,136,0,39,NO,First ledger beginning is not 0
US17138,564,33,YES,2026-01,17,547,0,33,NO,First ledger beginning is not 0
US17139,22,22,YES,2026-01,22,0,0,22,NO,First ledger beginning is not 0
US17140,62,0,YES,2026-01,0,62,62,62,YES,
US17141,120,26,YES,2026-01,26,94,0,26,NO,First ledger beginning is not 0
US17142,103,0,YES,2026-01,0,103,103,103,YES,
US17143,115,0,YES,,0,115,115,115,YES,
US17144,47,0,YES,,0,47,47,47,YES,
US17158,10,0,YES,2026-01,0,10,10,10,YES,
US17159,0,0,YES,2026-01,0,0,0,0,NO,Starting balance is 0 or negative
US17160,0,0,YES,2026-01,0,0,0,0,NO,Starting balance is 0 or negative
US17161,10,0,YES,2026-01,0,10,10,10,YES,
US17162,0,0,YES,2026-01,0,0,0,0,NO,Starting balance is 0 or negative
US17163,10,0,YES,2026-01,0,10,10,10,YES,
US17164,0,0,YES,2026-01,0,0,0,0,NO,Starting balance is 0 or negative
US17165,10,0,YES,2026-01,0,10,10,10,YES,
US17166,0,0,YES,2026-01,0,0,0,0,NO,Starting balance is 0 or negative
US17167,0,0,YES,2026-01,0,0,0,0,NO,Starting balance is 0 or negative
US17168,0,0,YES,2026-01,0,0,0,0,NO,Starting balance is 0 or negative
US17169,10,0,YES,2026-01,0,10,10,10,YES,
US1717,1357,1421,YES,2026-01,1386,-29,0,1421,NO,First ledger beginning is not 0
US17170,10,0,YES,2026-01,0,10,10,10,YES,
US17171,11,0,YES,2026-01,0,11,11,11,YES,
US17172,0,0,YES,2026-01,0,0,0,0,NO,Starting balance is 0 or negative
US17173,0,0,YES,2026-01,0,0,0,0,NO,Starting balance is 0 or negative
US17174,11,0,YES,2026-01,0,11,11,11,YES,
US17175,0,0,YES,2026-01,0,0,0,0,NO,Starting balance is 0 or negative
US17176,12,0,YES,2026-01,0,12,12,12,YES,
US17177,0,0,YES,2026-01,0,0,0,0,NO,Starting balance is 0 or negative
US17178,0,0,YES,2026-01,0,0,0,0,NO,Starting balance is 0 or negative
US17179,12,0,YES,2026-01,0,12,12,12,YES,
US1718,399,399,YES,2026-01,399,0,0,399,NO,First ledger beginning is not 0
US17180,13,0,YES,2026-01,0,13,13,13,YES,
US17181,0,0,YES,2026-01,0,0,0,0,NO,Starting balance is 0 or negative
US17182,0,0,YES,2026-01,0,0,0,0,NO,Starting balance is 0 or negative
US17183,0,0,YES,2026-01,0,0,0,0,NO,Starting balance is 0 or negative
US17184,13,0,YES,2026-01,0,13,13,13,YES,
US17185,0,0,YES,2026-01,0,0,0,0,NO,Starting balance is 0 or negative
US17187,14,0,YES,2026-01,0,14,14,14,YES,
US17189,0,0,YES,2026-01,0,0,0,0,NO,Starting balance is 0 or negative
US1719,490,2158,YES,2026-01,1759,-1269,0,2158,NO,First ledger beginning is not 0
US17190,0,20,YES,2026-01,0,0,0,20,NO,Starting balance is 0 or negative
US17191,0,0,YES,2026-01,0,0,0,0,NO,Starting balance is 0 or negative
US17192,0,0,YES,2026-01,0,0,0,0,NO,Starting balance is 0 or negative
US17193,16,0,YES,2026-01,0,16,16,16,YES,
US17194,26,0,YES,2026-01,0,26,26,26,YES,
US17195,41,0,YES,2026-01,0,41,41,41,YES,
US17196,17,16,YES,2026-01,0,17,17,33,YES,
US17197,0,28,YES,2026-01,0,0,0,28,NO,Starting balance is 0 or negative
US17198,0,18,YES,2026-01,0,0,0,18,NO,Starting balance is 0 or negative
US17199,20,0,YES,2026-01,0,20,20,20,YES,
US1720,85,34,YES,2026-01,34,51,0,34,NO,First ledger beginning is not 0
US17200,0,0,YES,2026-01,0,0,0,0,NO,Starting balance is 0 or negative
US17201,23,22,YES,2026-01,0,23,23,45,YES,
US17202,0,0,YES,2026-01,0,0,0,0,NO,Starting balance is 0 or negative
US17203,0,0,YES,2026-01,0,0,0,0,NO,Starting balance is 0 or negative
US17204,44,0,YES,2026-01,0,44,44,44,YES,
US17205,0,0,YES,2026-01,0,0,0,0,NO,Starting balance is 0 or negative
US17206,0,20,YES,2026-01,0,0,0,20,NO,Starting balance is 0 or negative
US17207,0,0,YES,2026-01,0,0,0,0,NO,Starting balance is 0 or negative
US17208,0,0,YES,2026-01,0,0,0,0,NO,Starting balance is 0 or negative
US17209,0,0,YES,2026-01,0,0,0,0,NO,Starting balance is 0 or negative
US1721,1366,48,YES,2026-01,15,1351,0,48,NO,First ledger beginning is not 0
US17210,117,0,YES,2026-01,0,117,117,117,YES,
US17211,0,0,YES,2026-01,0,0,0,0,NO,Starting balance is 0 or negative
US17212,42,0,YES,2026-01,0,42,42,42,YES,
US17213,0,271,YES,2026-01,0,0,0,271,NO,Starting balance is 0 or negative
US17214,0,0,YES,2026-01,0,0,0,0,NO,Starting balance is 0 or negative
US17215,320,0,YES,2026-01,0,320,320,320,YES,
US17216,12,0,YES,,0,12,12,12,YES,
US17217,41,0,YES,,0,41,41,41,YES,
US17218,301,32,YES,2026-01,0,301,301,333,YES,
US17220,336,44,YES,2026-01,0,336,336,380,YES,
US17221,59,0,YES,2026-01,0,59,59,59,YES,
US17222,15,0,YES,2026-01,0,15,15,15,YES,
US17225,51,60,YES,2026-01,20,31,0,60,NO,First ledger beginning is not 0
US17226,236,0,YES,2026-01,0,236,236,236,YES,
US17227,84,0,YES,2026-01,0,84,84,84,YES,
US17228,157,0,YES,2026-01,0,157,157,157,YES,
US1723,389,389,YES,2026-01,389,0,0,389,NO,First ledger beginning is not 0
US17230,34,0,YES,2026-01,0,34,34,34,YES,
US17231,123,0,YES,2026-02,0,123,123,123,YES,
US17232,77,0,YES,,0,77,77,77,YES,
US17233,1913,534,YES,2026-01,0,1913,1913,2447,YES,
US17234,12,0,YES,,0,12,12,12,YES,
US17235,12,0,YES,,0,12,12,12,YES,
US17236,98,0,YES,2026-01,0,98,98,98,YES,
US17237,20,0,YES,2026-01,0,20,20,20,YES,
US1724,51,51,YES,2026-01,51,0,0,51,NO,First ledger beginning is not 0
US17240,204,22,YES,2026-01,0,204,204,226,YES,
US17241,724,45,YES,2026-01,0,724,724,769,YES,
US17242,39,32,YES,2026-01,0,39,39,71,YES,
US17243,26,26,NO,,0,26,26,52,YES,
US17244,0,0,YES,2026-01,0,0,0,0,NO,Starting balance is 0 or negative
US17245,0,0,YES,2026-01,0,0,0,0,NO,Starting balance is 0 or negative
US17246,0,0,YES,2026-01,0,0,0,0,NO,Starting balance is 0 or negative
US17247,0,0,YES,2026-01,0,0,0,0,NO,Starting balance is 0 or negative
US17248,11,0,YES,2026-01,0,11,11,11,YES,
US17249,0,0,YES,2026-01,0,0,0,0,NO,Starting balance is 0 or negative
US1725,2114,2114,YES,2026-01,2114,0,0,2114,NO,First ledger beginning is not 0
US17250,11,11,YES,2026-01,11,0,0,11,NO,First ledger beginning is not 0
US17251,12,0,YES,2026-01,0,12,12,12,YES,
US17252,20,0,YES,2026-01,0,20,20,20,YES,
US17253,0,0,YES,2026-01,0,0,0,0,NO,Starting balance is 0 or negative
US17254,0,0,YES,2026-01,0,0,0,0,NO,Starting balance is 0 or negative
US17255,0,0,YES,2026-01,0,0,0,0,NO,Starting balance is 0 or negative
US17256,0,13,NO,,0,0,0,13,NO,Starting balance is 0 or negative
US17257,13,19,YES,2026-01,0,13,13,32,YES,
US17258,13,0,YES,2026-01,0,13,13,13,YES,
US17259,14,0,YES,2026-01,0,14,14,14,YES,
US1726,346,346,YES,2026-01,346,0,0,346,NO,First ledger beginning is not 0
US17260,0,0,YES,2026-01,0,0,0,0,NO,Starting balance is 0 or negative
US17261,0,0,YES,2026-01,0,0,0,0,NO,Starting balance is 0 or negative
US17262,0,17,NO,,0,0,0,17,NO,Starting balance is 0 or negative
US17263,366,0,YES,2026-01,0,366,366,366,YES,
US17264,17,0,YES,2026-01,0,17,17,17,YES,
US17266,0,0,YES,2026-01,0,0,0,0,NO,Starting balance is 0 or negative
US17267,0,0,YES,2026-01,0,0,0,0,NO,Starting balance is 0 or negative
US17268,0,0,YES,2026-01,0,0,0,0,NO,Starting balance is 0 or negative
US17269,0,0,YES,2026-01,0,0,0,0,NO,Starting balance is 0 or negative
US1727,68,68,YES,2026-01,68,0,0,68,NO,First ledger beginning is not 0
US17270,0,87,NO,,0,0,0,87,NO,Starting balance is 0 or negative
US17271,0,0,YES,2026-01,0,0,0,0,NO,Starting balance is 0 or negative
US17272,115,0,YES,2026-01,0,115,115,115,YES,
US17273,0,68,YES,2026-01,180,-180,0,68,NO,Starting balance is 0 or negative
US17274,0,0,YES,2026-01,0,0,0,0,NO,Starting balance is 0 or negative
US17275,10,0,YES,2026-01,0,10,10,10,YES,
US17277,10,0,YES,,0,10,10,10,YES,
US17278,34,0,YES,2026-01,0,34,34,34,YES,
US17279,299,0,YES,2026-01,0,299,299,299,YES,
US1728,146,146,YES,2026-01,146,0,0,146,NO,First ledger beginning is not 0
US17280,39,0,YES,,0,39,39,39,YES,
US17281,14,0,YES,2026-01,0,14,14,14,YES,
US17283,132,0,YES,2026-01,0,132,132,132,YES,
US17284,57,57,YES,2026-03,57,0,0,57,NO,First ledger beginning is not 0
US17285,84,0,YES,,0,84,84,84,YES,
US17287,112,0,YES,,0,112,112,112,YES,
US1729,3572,18,YES,2026-01,0,3572,3572,3590,YES,
US1730,370,370,YES,2026-01,370,0,0,370,NO,First ledger beginning is not 0
US17304,10,0,YES,2026-01,0,10,10,10,YES,
US17305,164,0,YES,2026-01,0,164,164,164,YES,
US17306,36,0,YES,2026-01,0,36,36,36,YES,
US17307,0,0,YES,2026-02,0,0,0,0,NO,Starting balance is 0 or negative
US17308,374,58,YES,2026-01,0,374,374,432,YES,
US17309,26,26,NO,,0,26,26,52,YES,
US1731,120,120,YES,2026-01,120,0,0,120,NO,First ledger beginning is not 0
US17310,126,0,YES,,0,126,126,126,YES,
US17311,177,0,YES,,0,177,177,177,YES,
US17312,49,0,YES,,0,49,49,49,YES,
US17313,0,0,YES,2026-01,0,0,0,0,NO,Starting balance is 0 or negative
US17314,10,0,YES,2026-01,0,10,10,10,YES,
US17315,0,0,YES,2026-01,0,0,0,0,NO,Starting balance is 0 or negative
US17316,3,311,YES,2026-02,0,3,3,314,YES,
US17317,10,0,YES,2026-01,0,10,10,10,YES,
US17318,0,0,YES,2026-01,0,0,0,0,NO,Starting balance is 0 or negative
US17319,11,0,YES,2026-01,0,11,11,11,YES,
US17320,11,0,YES,2026-01,0,11,11,11,YES,
US17321,0,19,YES,2026-01,0,0,0,19,NO,Starting balance is 0 or negative
US17322,11,0,YES,2026-01,0,11,11,11,YES,
US17323,0,35,YES,2026-01,0,0,0,35,NO,Starting balance is 0 or negative
US17324,11,0,YES,2026-01,0,11,11,11,YES,
US17325,0,0,YES,2026-01,0,0,0,0,NO,Starting balance is 0 or negative
US17326,0,18,YES,2026-01,0,0,0,18,NO,Starting balance is 0 or negative
US17327,13,0,YES,2026-01,0,13,13,13,YES,
US17328,0,0,YES,2026-01,0,0,0,0,NO,Starting balance is 0 or negative
US17329,13,0,YES,2026-01,0,13,13,13,YES,
US17330,0,16,YES,2026-01,0,0,0,16,NO,Starting balance is 0 or negative
US17331,68,0,YES,2026-01,0,68,68,68,YES,
US17332,52,0,YES,2026-01,0,52,52,52,YES,
US17333,0,0,YES,2026-01,0,0,0,0,NO,Starting balance is 0 or negative
US17334,49,0,YES,2026-01,0,49,49,49,YES,
US17335,0,0,YES,2026-01,0,0,0,0,NO,Starting balance is 0 or negative
US17336,0,0,YES,2026-01,0,0,0,0,NO,Starting balance is 0 or negative
US17337,344,40,YES,2026-01,0,344,344,384,YES,
US17338,275,275,YES,2026-03,275,0,0,275,NO,First ledger beginning is not 0
US17339,91,0,YES,2026-01,0,91,91,91,YES,
US17340,200,120,YES,2026-01,0,200,200,320,YES,
US17341,615,615,YES,2026-01,0,615,615,1230,YES,
US17342,144,0,YES,2026-01,0,144,144,144,YES,
US17343,35,18,YES,2026-01,0,35,35,53,YES,
US17344,19,0,YES,2026-01,0,19,19,19,YES,
US17345,227,19,YES,2026-01,19,208,0,19,NO,First ledger beginning is not 0
US17346,116,0,YES,2026-01,0,116,116,116,YES,
US17347,850,41,YES,2026-01,0,850,850,891,YES,
US17348,69,0,YES,2026-01,0,69,69,69,YES,
US17349,114,0,YES,2026-01,0,114,114,114,YES,
US17350,654,517,YES,2026-01,0,654,654,1171,YES,
US17351,181,0,YES,2026-01,0,181,181,181,YES,
US17352,91,0,YES,2026-01,0,91,91,91,YES,
US17353,97,0,YES,2026-01,0,97,97,97,YES,
US17354,237,0,YES,2026-01,0,237,237,237,YES,
US17355,36,0,YES,2026-01,0,36,36,36,YES,
US17357,423,6,YES,2026-02,423,0,0,6,NO,First ledger beginning is not 0
US17358,13,0,YES,2026-01,0,13,13,13,YES,
US17359,122,19,YES,2026-01,0,122,122,141,YES,
US1736,818,818,YES,2026-01,818,0,0,818,NO,First ledger beginning is not 0
US17360,37,0,YES,,0,37,37,37,YES,
US17361,175,0,YES,,0,175,175,175,YES,
US17362,11,0,YES,2026-01,0,11,11,11,YES,
US17363,10,0,YES,2026-01,0,10,10,10,YES,
US17364,150,0,YES,,0,150,150,150,YES,
US17365,0,0,YES,,0,0,0,0,NO,Starting balance is 0 or negative
US1737,25,0,YES,2026-01,0,25,25,25,YES,
US17370,0,0,YES,,0,0,0,0,NO,Starting balance is 0 or negative
US17377,0,0,YES,,0,0,0,0,NO,Starting balance is 0 or negative
US17382,0,0,YES,,0,0,0,0,NO,Starting balance is 0 or negative
US17384,47,0,YES,,0,47,47,47,YES,
US17385,0,0,YES,,0,0,0,0,NO,Starting balance is 0 or negative
US17386,661,18,YES,2026-01,0,661,661,679,YES,
US17388,12,0,YES,,0,12,12,12,YES,
US1739,22,22,YES,2026-01,22,0,0,22,NO,First ledger beginning is not 0
US17394,35,0,YES,,0,35,35,35,YES,
US1740,137,137,YES,2026-01,137,0,0,137,NO,First ledger beginning is not 0
US17401,168,168,NO,,0,168,168,336,YES,
US17402,23,4,YES,2026-01,0,23,23,27,YES,
US17403,0,0,YES,,0,0,0,0,NO,Starting balance is 0 or negative
US17404,111,0,YES,,0,111,111,111,YES,
US17405,95,0,YES,,0,95,95,95,YES,
US17406,75,0,YES,,0,75,75,75,YES,
US17407,12,0,YES,,0,12,12,12,YES,
US17409,0,0,YES,,0,0,0,0,NO,Starting balance is 0 or negative
US1741,231,231,YES,2026-01,231,0,0,231,NO,First ledger beginning is not 0
US17411,0,0,YES,,0,0,0,0,NO,Starting balance is 0 or negative
US17413,0,0,YES,2026-01,0,0,0,0,NO,Starting balance is 0 or negative
US17414,10,0,YES,2026-01,0,10,10,10,YES,
US17415,24,0,YES,2026-01,0,24,24,24,YES,
US17416,0,0,YES,2026-01,0,0,0,0,NO,Starting balance is 0 or negative
US17417,0,0,YES,2026-01,0,0,0,0,NO,Starting balance is 0 or negative
US17418,10,0,YES,2026-01,0,10,10,10,YES,
US17419,0,0,YES,2026-01,0,0,0,0,NO,Starting balance is 0 or negative
US17420,0,0,YES,2026-01,0,0,0,0,NO,Starting balance is 0 or negative
US17421,10,0,YES,2026-01,0,10,10,10,YES,
US17422,0,0,YES,2026-01,0,0,0,0,NO,Starting balance is 0 or negative
US17423,11,0,YES,2026-01,0,11,11,11,YES,
US17424,39,0,YES,2026-01,0,39,39,39,YES,
US17425,0,0,YES,2026-01,0,0,0,0,NO,Starting balance is 0 or negative
US17426,0,0,YES,2026-01,0,0,0,0,NO,Starting balance is 0 or negative
US17427,11,0,YES,2026-01,0,11,11,11,YES,
US17428,22,0,YES,2026-01,0,22,22,22,YES,
US17429,0,29,YES,2026-01,0,0,0,29,NO,Starting balance is 0 or negative
US17430,0,0,YES,2026-01,0,0,0,0,NO,Starting balance is 0 or negative
US17431,0,0,YES,2026-01,0,0,0,0,NO,Starting balance is 0 or negative
US17432,0,0,YES,2026-01,0,0,0,0,NO,Starting balance is 0 or negative
US17433,0,0,YES,2026-01,0,0,0,0,NO,Starting balance is 0 or negative
US17434,25,0,YES,2026-01,0,25,25,25,YES,
US17435,0,0,YES,2026-01,0,0,0,0,NO,Starting balance is 0 or negative
US17436,0,0,YES,2026-01,0,0,0,0,NO,Starting balance is 0 or negative
US17437,0,0,YES,2026-01,0,0,0,0,NO,Starting balance is 0 or negative
US17438,0,0,YES,2026-01,0,0,0,0,NO,Starting balance is 0 or negative
US17439,12,0,YES,2026-01,0,12,12,12,YES,
US17440,12,0,YES,2026-01,0,12,12,12,YES,
US17441,13,0,YES,2026-01,0,13,13,13,YES,
US17442,13,0,YES,2026-01,0,13,13,13,YES,
US17443,0,0,YES,2026-01,0,0,0,0,NO,Starting balance is 0 or negative
US17444,13,0,YES,2026-01,0,13,13,13,YES,
US17445,13,0,YES,2026-01,0,13,13,13,YES,
US17446,0,0,YES,2026-01,0,0,0,0,NO,Starting balance is 0 or negative
US17447,0,0,YES,2026-01,0,0,0,0,NO,Starting balance is 0 or negative
US17448,14,0,YES,2026-01,0,14,14,14,YES,
US1745,285,285,YES,2026-01,285,0,0,285,NO,First ledger beginning is not 0
US17450,14,107,YES,2026-01,0,14,14,121,YES,
US17451,0,0,YES,2026-01,0,0,0,0,NO,Starting balance is 0 or negative
US17452,0,0,YES,2026-01,0,0,0,0,NO,Starting balance is 0 or negative
US17453,18,0,YES,2026-01,0,18,18,18,YES,
US17454,19,0,YES,2026-01,0,19,19,19,YES,
US17455,0,0,YES,2026-01,0,0,0,0,NO,Starting balance is 0 or negative
US17456,0,0,YES,2026-01,0,0,0,0,NO,Starting balance is 0 or negative
US17457,0,0,YES,2026-01,0,0,0,0,NO,Starting balance is 0 or negative
US17458,22,28,YES,2026-01,0,22,22,50,YES,
US17459,0,0,YES,2026-01,0,0,0,0,NO,Starting balance is 0 or negative
US1746,1416,1416,YES,2026-01,1416,0,0,1416,NO,First ledger beginning is not 0
US17460,0,0,YES,2026-01,0,0,0,0,NO,Starting balance is 0 or negative
US17461,109,0,YES,2026-01,0,109,109,109,YES,
US17462,82,0,YES,2026-01,0,82,82,82,YES,
US17463,0,0,YES,2026-01,0,0,0,0,NO,Starting balance is 0 or negative
US17464,148,0,YES,2026-01,0,148,148,148,YES,
US17465,237,237,NO,,0,237,237,474,YES,
US17466,181,0,YES,,0,181,181,181,YES,
US17467,68,68,YES,,0,68,68,136,YES,
US17468,158,0,YES,,0,158,158,158,YES,
US1747,131,146,YES,2026-01,146,-15,0,146,NO,First ledger beginning is not 0
US17470,108,0,YES,,0,108,108,108,YES,
US17474,11,0,YES,2026-01,0,11,11,11,YES,
US17475,165,0,YES,2026-01,0,165,165,165,YES,
US17476,190,26,YES,2026-01,26,164,0,26,NO,First ledger beginning is not 0
US17480,126,0,YES,,0,126,126,126,YES,
US17482,10,0,YES,2026-01,0,10,10,10,YES,
US17483,15,0,YES,2026-01,0,15,15,15,YES,
US17486,291,58,YES,2026-01,26,265,0,58,NO,First ledger beginning is not 0
US17487,141,0,YES,2026-01,0,141,141,141,YES,
US17488,124,0,YES,2026-01,0,124,124,124,YES,
US17489,106,0,YES,2026-01,0,106,106,106,YES,
US1749,474,474,YES,2026-01,474,0,0,474,NO,First ledger beginning is not 0
US17492,119,0,YES,2026-01,0,119,119,119,YES,
US17493,18,0,YES,2026-02,0,18,18,18,YES,
US17494,154,0,YES,2026-02,0,154,154,154,YES,
US17495,33,0,YES,,0,33,33,33,YES,
US17496,0,0,YES,2026-01,0,0,0,0,NO,Starting balance is 0 or negative
US17497,0,0,YES,2026-01,0,0,0,0,NO,Starting balance is 0 or negative
US17498,0,0,YES,2026-01,0,0,0,0,NO,Starting balance is 0 or negative
US17499,10,0,YES,2026-01,0,10,10,10,YES,
US1750,189,189,YES,2026-01,189,0,0,189,NO,First ledger beginning is not 0
US17500,0,0,YES,2026-01,0,0,0,0,NO,Starting balance is 0 or negative
US17501,10,36,YES,2026-01,0,10,10,46,YES,
US17502,0,0,YES,2026-01,0,0,0,0,NO,Starting balance is 0 or negative
US17503,0,0,YES,2026-01,0,0,0,0,NO,Starting balance is 0 or negative
US17504,0,0,YES,2026-01,0,0,0,0,NO,Starting balance is 0 or negative
US17505,12,0,YES,2026-01,0,12,12,12,YES,
US17506,0,0,YES,2026-01,0,0,0,0,NO,Starting balance is 0 or negative
US17507,32,0,YES,2026-01,0,32,32,32,YES,
US17508,12,12,NO,,0,12,12,24,YES,
US17509,13,0,YES,2026-01,0,13,13,13,YES,
US1751,4,4,YES,2026-01,4,0,0,4,NO,First ledger beginning is not 0
US17510,0,0,YES,2026-01,0,0,0,0,NO,Starting balance is 0 or negative
US17511,0,0,YES,2026-01,0,0,0,0,NO,Starting balance is 0 or negative
US17512,0,0,YES,2026-01,0,0,0,0,NO,Starting balance is 0 or negative
US17513,0,0,YES,2026-01,0,0,0,0,NO,Starting balance is 0 or negative
US17514,0,28,YES,2026-01,0,0,0,28,NO,Starting balance is 0 or negative
US17515,0,0,YES,2026-01,0,0,0,0,NO,Starting balance is 0 or negative
US17516,18,0,YES,2026-01,0,18,18,18,YES,
US17517,0,82,NO,,0,0,0,82,NO,Starting balance is 0 or negative
US17518,0,15,YES,2026-01,0,0,0,15,NO,Starting balance is 0 or negative
US17520,0,0,YES,2026-01,0,0,0,0,NO,Starting balance is 0 or negative
US1753,385,385,YES,2026-01,385,0,0,385,NO,First ledger beginning is not 0
US17531,21,0,YES,2026-02,0,21,21,21,YES,
US17532,163,0,YES,2026-02,0,163,163,163,YES,
US17533,267,267,YES,2026-03,267,0,0,267,NO,First ledger beginning is not 0
US17534,79,0,YES,,0,79,79,79,YES,
US17535,80,0,YES,,0,80,80,80,YES,
US17539,21,0,YES,2026-01,0,21,21,21,YES,
US1754,1159,116,YES,2026-01,0,1159,1159,1275,YES,
US17540,17,0,YES,2026-01,0,17,17,17,YES,
US17541,98,51,YES,2026-01,24,74,0,51,NO,First ledger beginning is not 0
US17542,2057,0,YES,2026-01,0,2057,2057,2057,YES,
US17543,68,15,YES,2026-01,0,68,68,83,YES,
US17545,107,0,YES,2026-01,0,107,107,107,YES,
US17546,1,0,YES,,0,1,1,1,YES,
US17547,37,0,YES,,0,37,37,37,YES,
US1755,2084,123,YES,2026-01,0,2084,2084,2207,YES,
US17551,167,167,NO,,0,167,167,334,YES,
US17552,80,0,YES,2026-01,0,80,80,80,YES,
US17553,82,0,YES,2026-01,0,82,82,82,YES,
US17554,107,0,YES,2026-01,0,107,107,107,YES,
US17555,80,0,YES,,0,80,80,80,YES,
US17556,13,0,YES,2026-01,0,13,13,13,YES,
US17557,67,0,YES,,0,67,67,67,YES,
US17559,434,0,YES,2026-02,0,434,434,434,YES,
US17561,11,0,YES,2026-01,0,11,11,11,YES,
US17562,194,16,YES,2026-01,16,178,0,16,NO,First ledger beginning is not 0
US17563,140,0,YES,2026-02,0,140,140,140,YES,
US17567,38,0,YES,,0,38,38,38,YES,
US17568,187,19,YES,2026-01,19,168,0,19,NO,First ledger beginning is not 0
US17569,111,37,YES,2026-01,0,111,111,148,YES,
US1757,2857,2890,YES,2026-01,2874,-17,0,2890,NO,First ledger beginning is not 0
US1758,182,223,YES,2026-01,203,-21,0,223,NO,First ledger beginning is not 0
US17581,188,0,YES,2026-04,0,188,188,188,YES,
US17582,33,0,YES,2026-02,0,33,33,33,YES,
US17583,23,0,YES,2026-02,0,23,23,23,YES,
US17584,163,65,YES,2026-01,0,163,163,228,YES,
US17585,88,110,YES,2026-01,0,88,88,198,YES,
US17586,76,0,YES,2026-01,0,76,76,76,YES,
US17587,1,1,YES,2026-01,1,0,0,1,NO,First ledger beginning is not 0
US17588,17,0,YES,2026-01,0,17,17,17,YES,
US17589,17,36,YES,2026-01,17,0,0,36,NO,First ledger beginning is not 0
US17590,19,0,YES,2026-01,0,19,19,19,YES,
US17591,30,0,YES,2026-01,0,30,30,30,YES,
US17592,0,0,YES,2026-01,0,0,0,0,NO,Starting balance is 0 or negative
US17593,10,0,YES,2026-01,0,10,10,10,YES,
US17594,27,0,YES,2026-01,0,27,27,27,YES,
US17595,0,0,YES,2026-01,0,0,0,0,NO,Starting balance is 0 or negative
US17596,24,0,YES,2026-01,0,24,24,24,YES,
US17597,0,0,YES,2026-01,0,0,0,0,NO,Starting balance is 0 or negative
US17598,10,359,YES,2026-01,0,10,10,369,YES,
US17599,10,0,YES,2026-01,0,10,10,10,YES,
US17600,22,0,YES,2026-01,0,22,22,22,YES,
US17601,0,0,YES,2026-01,0,0,0,0,NO,Starting balance is 0 or negative
US17602,28,43,YES,2026-01,25,3,0,43,NO,First ledger beginning is not 0
US17603,0,0,YES,2026-01,0,0,0,0,NO,Starting balance is 0 or negative
US17604,0,0,YES,2026-01,0,0,0,0,NO,Starting balance is 0 or negative
US17605,0,0,YES,2026-01,0,0,0,0,NO,Starting balance is 0 or negative
US17606,0,208,YES,2026-01,0,0,0,208,NO,Starting balance is 0 or negative
US17607,0,0,YES,2026-01,0,0,0,0,NO,Starting balance is 0 or negative
US17608,11,0,YES,2026-01,0,11,11,11,YES,
US17609,26,0,YES,2026-01,0,26,26,26,YES,
US1761,8,3044,YES,2026-01,2094,-2086,0,3044,NO,First ledger beginning is not 0
US17610,0,0,YES,2026-01,0,0,0,0,NO,Starting balance is 0 or negative
US17611,12,0,YES,2026-01,0,12,12,12,YES,
US17612,0,0,YES,2026-01,0,0,0,0,NO,Starting balance is 0 or negative
US17613,14,0,YES,2026-01,0,14,14,14,YES,
US17614,14,0,YES,2026-01,0,14,14,14,YES,
US17615,14,0,YES,2026-01,0,14,14,14,YES,
US17616,14,0,YES,2026-01,0,14,14,14,YES,
US17617,0,21,YES,2026-01,0,0,0,21,NO,Starting balance is 0 or negative
US17618,0,0,YES,2026-01,0,0,0,0,NO,Starting balance is 0 or negative
US17619,15,0,YES,2026-01,0,15,15,15,YES,
US17621,0,0,YES,2026-01,0,0,0,0,NO,Starting balance is 0 or negative
US17622,15,0,YES,2026-01,0,15,15,15,YES,
US17623,29,0,YES,2026-01,0,29,29,29,YES,
US17624,16,0,YES,2026-01,0,16,16,16,YES,
US17625,0,0,YES,2026-01,0,0,0,0,NO,Starting balance is 0 or negative
US17626,0,0,YES,2026-01,0,0,0,0,NO,Starting balance is 0 or negative
US17627,18,0,YES,2026-01,0,18,18,18,YES,
US17628,0,0,YES,2026-01,0,0,0,0,NO,Starting balance is 0 or negative
US17629,0,20,YES,2026-01,0,0,0,20,NO,Starting balance is 0 or negative
US1763,663,663,YES,2026-01,663,0,0,663,NO,First ledger beginning is not 0
US17630,35,19,YES,2026-01,0,35,35,54,YES,
US17631,110,0,YES,2026-01,0,110,110,110,YES,
US17632,0,0,YES,2026-01,0,0,0,0,NO,Starting balance is 0 or negative
US17634,0,188,NO,,0,0,0,188,NO,Starting balance is 0 or negative
US17635,0,24,YES,2026-01,0,0,0,24,NO,Starting balance is 0 or negative
US17636,352,33,YES,2026-01,0,352,352,385,YES,
US17637,1448,20,YES,2026-01,20,1428,0,20,NO,First ledger beginning is not 0
US1764,568,568,YES,2026-01,568,0,0,568,NO,First ledger beginning is not 0
US17640,260,0,YES,,0,260,260,260,YES,
US17641,318,0,YES,,0,318,318,318,YES,
US17642,140,0,YES,,0,140,140,140,YES,
US17643,137,0,YES,,0,137,137,137,YES,
US17644,112,0,YES,,0,112,112,112,YES,
US17645,44,0,YES,2026-02,0,44,44,44,YES,
US17646,80,0,YES,,0,80,80,80,YES,
US17647,82,0,YES,,0,82,82,82,YES,
US17648,22,0,YES,2026-01,0,22,22,22,YES,
US17649,21,0,YES,2026-01,0,21,21,21,YES,
US1765,506,506,YES,2026-01,506,0,0,506,NO,First ledger beginning is not 0
US17650,10,0,YES,2026-01,0,10,10,10,YES,
US17651,45,0,YES,2026-02,0,45,45,45,YES,
US17652,101,0,YES,,0,101,101,101,YES,
US17654,1355,1534,YES,2026-01,1500,-145,0,1534,NO,First ledger beginning is not 0
US17655,78,0,YES,,0,78,78,78,YES,
US17656,332,0,YES,,0,332,332,332,YES,
US17657,22,0,YES,,0,22,22,22,YES,
US17658,13,0,YES,2026-01,0,13,13,13,YES,
US17666,10,0,YES,2026-01,0,10,10,10,YES,
US17667,0,0,YES,2026-01,0,0,0,0,NO,Starting balance is 0 or negative
US17668,10,0,YES,2026-01,0,10,10,10,YES,
US17669,0,0,YES,2026-01,0,0,0,0,NO,Starting balance is 0 or negative
US1767,443,62,YES,2026-01,28,415,0,62,NO,First ledger beginning is not 0
US17670,0,0,YES,2026-01,0,0,0,0,NO,Starting balance is 0 or negative
US17671,10,0,YES,2026-01,0,10,10,10,YES,
US17672,10,0,YES,2026-01,0,10,10,10,YES,
US17673,0,0,YES,2026-01,0,0,0,0,NO,Starting balance is 0 or negative
US17674,0,0,YES,2026-01,0,0,0,0,NO,Starting balance is 0 or negative
US17675,10,0,YES,2026-01,0,10,10,10,YES,
US17676,0,0,YES,2026-01,0,0,0,0,NO,Starting balance is 0 or negative
US17677,0,0,YES,2026-01,0,0,0,0,NO,Starting balance is 0 or negative
US17678,0,0,YES,2026-01,0,0,0,0,NO,Starting balance is 0 or negative
US17679,11,0,YES,2026-01,0,11,11,11,YES,
US17680,0,0,YES,2026-01,0,0,0,0,NO,Starting balance is 0 or negative
US17681,0,0,YES,2026-01,0,0,0,0,NO,Starting balance is 0 or negative
US17682,11,0,YES,2026-01,0,11,11,11,YES,
US17683,11,0,YES,2026-01,0,11,11,11,YES,
US17684,11,0,YES,2026-01,0,11,11,11,YES,
US17685,0,34,YES,2026-01,0,0,0,34,NO,Starting balance is 0 or negative
US17686,0,0,YES,2026-01,0,0,0,0,NO,Starting balance is 0 or negative
US17687,0,11,YES,2026-01,11,-11,0,11,NO,Starting balance is 0 or negative
US17688,0,0,YES,2026-01,0,0,0,0,NO,Starting balance is 0 or negative
US17689,12,0,YES,2026-01,0,12,12,12,YES,
US17690,12,0,YES,2026-01,0,12,12,12,YES,
US17691,12,0,YES,2026-01,0,12,12,12,YES,
US17692,0,0,YES,2026-01,0,0,0,0,NO,Starting balance is 0 or negative
US17693,0,0,YES,2026-01,0,0,0,0,NO,Starting balance is 0 or negative
US17694,0,0,YES,2026-01,0,0,0,0,NO,Starting balance is 0 or negative
US17695,0,0,YES,2026-01,0,0,0,0,NO,Starting balance is 0 or negative
US17696,0,0,YES,2026-01,0,0,0,0,NO,Starting balance is 0 or negative
US17697,0,0,YES,2026-01,0,0,0,0,NO,Starting balance is 0 or negative
US17698,0,0,YES,2026-01,0,0,0,0,NO,Starting balance is 0 or negative
US17699,14,0,YES,2026-01,0,14,14,14,YES,
US1770,282,282,YES,2026-01,282,0,0,282,NO,First ledger beginning is not 0
US17700,0,0,YES,2026-01,0,0,0,0,NO,Starting balance is 0 or negative
US17701,0,0,YES,2026-01,0,0,0,0,NO,Starting balance is 0 or negative
US17702,15,0,YES,2026-01,0,15,15,15,YES,
US17703,0,20,YES,2026-01,0,0,0,20,NO,Starting balance is 0 or negative
US17704,0,0,YES,2026-01,0,0,0,0,NO,Starting balance is 0 or negative
US17705,0,0,YES,2026-01,0,0,0,0,NO,Starting balance is 0 or negative
US17706,0,16,YES,2026-01,0,0,0,16,NO,Starting balance is 0 or negative
US17707,0,32,YES,2026-01,0,0,0,32,NO,Starting balance is 0 or negative
US17708,17,0,YES,2026-01,0,17,17,17,YES,
US17709,0,0,YES,2026-01,0,0,0,0,NO,Starting balance is 0 or negative
US1771,249,274,YES,2026-01,249,0,0,274,NO,First ledger beginning is not 0
US17710,0,17,NO,,0,0,0,17,NO,Starting balance is 0 or negative
US17711,17,0,YES,2026-01,0,17,17,17,YES,
US17712,0,0,YES,2026-01,0,0,0,0,NO,Starting balance is 0 or negative
US17713,325,346,YES,2026-02,0,325,325,671,YES,
US17714,19,0,YES,2026-01,0,19,19,19,YES,
US17715,145,17,YES,2026-02,0,145,145,162,YES,
US17716,247,0,YES,2026-02,0,247,247,247,YES,
US17717,81,72,YES,2026-02,0,81,81,153,YES,
US17718,20,0,YES,2026-01,0,20,20,20,YES,
US17719,0,21,NO,,0,0,0,21,NO,Starting balance is 0 or negative
US1772,428,428,YES,2026-01,428,0,0,428,NO,First ledger beginning is not 0
US17720,22,0,YES,2026-01,0,22,22,22,YES,
US17721,26,0,YES,2026-01,0,26,26,26,YES,
US17722,28,111,YES,2026-01,0,28,28,139,YES,
US17723,0,0,YES,2026-01,0,0,0,0,NO,Starting balance is 0 or negative
US17724,0,0,YES,2026-01,0,0,0,0,NO,Starting balance is 0 or negative
US17725,79,16,YES,2026-01,0,79,79,95,YES,
US17726,0,0,YES,2026-01,0,0,0,0,NO,Starting balance is 0 or negative
US17727,0,25,YES,2026-01,0,0,0,25,NO,Starting balance is 0 or negative
US17728,0,0,YES,2026-01,0,0,0,0,NO,Starting balance is 0 or negative
US17729,114,0,YES,2026-01,0,114,114,114,YES,
US1773,4227,44,YES,2026-01,15,4212,0,44,NO,First ledger beginning is not 0
US17730,20,16,YES,2026-01,0,20,20,36,YES,
US17731,20,0,YES,2026-01,0,20,20,20,YES,
US17732,103,41,YES,2026-01,0,103,103,144,YES,
US17733,81,33,YES,2026-01,0,81,81,114,YES,
US17735,287,105,YES,2026-01,0,287,287,392,YES,
US17736,77,62,YES,2026-01,20,57,0,62,NO,First ledger beginning is not 0
US17737,95,33,YES,2026-02,33,62,0,33,NO,First ledger beginning is not 0
US1774,7,0,YES,2026-01,0,7,7,7,YES,
US17740,270,0,YES,,0,270,270,270,YES,
US17741,82,0,YES,,0,82,82,82,YES,
US17742,36,0,YES,2026-01,0,36,36,36,YES,
US1776,242,242,YES,2026-01,242,0,0,242,NO,First ledger beginning is not 0
US1781,982,632,YES,2026-01,0,982,982,1614,YES,
US1782,256,256,YES,2026-01,256,0,0,256,NO,First ledger beginning is not 0
US1783,985,985,YES,2026-01,985,0,0,985,NO,First ledger beginning is not 0
US1784,146,146,YES,2026-01,146,0,0,146,NO,First ledger beginning is not 0
US17847,0,0,YES,2026-01,0,0,0,0,NO,Starting balance is 0 or negative
US1785,378,378,YES,2026-01,378,0,0,378,NO,First ledger beginning is not 0
US1786,6,73,YES,2026-01,33,-27,0,73,NO,First ledger beginning is not 0
US1789,714,732,YES,2026-01,714,0,0,732,NO,First ledger beginning is not 0
US1790,71,71,YES,2026-01,71,0,0,71,NO,First ledger beginning is not 0
US1792,765,765,YES,2026-01,765,0,0,765,NO,First ledger beginning is not 0
US1793,316,316,YES,2026-01,316,0,0,316,NO,First ledger beginning is not 0
US1794,1,666,YES,2026-01,283,-282,0,666,NO,First ledger beginning is not 0
US1795,7,157,YES,2026-01,44,-37,0,157,NO,First ledger beginning is not 0
US1798,482,500,YES,2026-01,482,0,0,500,NO,First ledger beginning is not 0
US1799,121,121,YES,2026-01,121,0,0,121,NO,First ledger beginning is not 0
US1800,109,20,YES,2026-01,0,109,109,129,YES,
US18000,0,0,YES,2026-01,0,0,0,0,NO,Starting balance is 0 or negative
US18001,0,0,YES,2026-01,0,0,0,0,NO,Starting balance is 0 or negative
US18002,480,535.1095,YES,2026-01,480.1095,-0.1095,0,535.1095,NO,First ledger beginning is not 0
US18003,2705,2924.3505,YES,2026-01,2705.3505,-0.3505,0,2924.3505,NO,First ledger beginning is not 0
US18004,0,0,YES,2026-01,0,0,0,0,NO,Starting balance is 0 or negative
US18005,1499,1711,YES,2026-01,1499.0016,-0.0016,0,1711,NO,First ledger beginning is not 0
US18006,0,0,YES,2026-01,0,0,0,0,NO,Starting balance is 0 or negative
US18007,186,186,YES,2026-01,186,0,0,186,NO,First ledger beginning is not 0
US18008,513,645.9538,YES,2026-01,512.9538,0.0462,0,645.9538,NO,First ledger beginning is not 0
US18009,321,350.28,YES,2026-01,321.276,-0.276,0,350.28,NO,First ledger beginning is not 0
US18010,0,15,YES,2026-01,0,0,0,15,NO,Starting balance is 0 or negative
US18011,0,0,YES,2026-01,0,0,0,0,NO,Starting balance is 0 or negative
US18012,380,417.4663,YES,2026-01,380.4663,-0.4663,0,417.4663,NO,First ledger beginning is not 0
US18013,82,0,YES,2026-01,0,82,82,82,YES,
US18014,276,303.483,YES,2026-01,276.483,-0.483,0,303.483,NO,First ledger beginning is not 0
US18015,0,0,YES,2026-01,0,0,0,0,NO,Starting balance is 0 or negative
US18016,1167,1116,YES,2026-01,1166.595,0.405,0,1116,NO,First ledger beginning is not 0
US18017,0,0,YES,2026-01,0,0,0,0,NO,Starting balance is 0 or negative
US18018,286,286.3398,YES,2026-01,286.3398,-0.3398,0,286.3398,NO,First ledger beginning is not 0
US18019,76,0,YES,2026-01,0,76,76,76,YES,
US18020,280,335.2576,YES,2026-01,280.2576,-0.2576,0,335.2576,NO,First ledger beginning is not 0
US18021,191,190.7751,YES,2026-01,190.7751,0.2249,0,190.7751,NO,First ledger beginning is not 0
US18022,0,0,YES,2026-01,0,0,0,0,NO,Starting balance is 0 or negative
US18023,0,0,YES,2026-01,0,0,0,0,NO,Starting balance is 0 or negative
US18024,0,0,YES,2026-01,0,0,0,0,NO,Starting balance is 0 or negative
US18025,0,0,YES,2026-01,0,0,0,0,NO,Starting balance is 0 or negative
US18026,0,0,YES,2026-01,0,0,0,0,NO,Starting balance is 0 or negative
US18027,196,237,YES,2026-01,195.5598,0.4402,0,237,NO,First ledger beginning is not 0
US18028,219,341,YES,2026-01,218.5698,0.4302,0,341,NO,First ledger beginning is not 0
US18029,0,0,YES,2026-01,0,0,0,0,NO,Starting balance is 0 or negative
US18030,0,31,YES,2026-01,0,0,0,31,NO,Starting balance is 0 or negative
US18031,0,0,YES,2026-01,0,0,0,0,NO,Starting balance is 0 or negative
US18032,0,0,YES,2026-01,0,0,0,0,NO,Starting balance is 0 or negative
US18033,0,0,YES,2026-01,0,0,0,0,NO,Starting balance is 0 or negative
US18034,398,275.3732,YES,2026-01,237.3732,160.6268,0,275.3732,NO,First ledger beginning is not 0
US18035,0,0,YES,2026-01,0,0,0,0,NO,Starting balance is 0 or negative
US18036,0,0,YES,2026-01,0,0,0,0,NO,Starting balance is 0 or negative
US18037,0,50,YES,2026-01,0,0,0,50,NO,Starting balance is 0 or negative
US18038,0,0,YES,2026-01,0,0,0,0,NO,Starting balance is 0 or negative
US18039,0,27,YES,2026-01,0,0,0,27,NO,Starting balance is 0 or negative
US1804,1201,1236,YES,2026-01,1201,0,0,1236,NO,First ledger beginning is not 0
US18040,0,0,YES,2026-01,0,0,0,0,NO,Starting balance is 0 or negative
US18041,383,431.9215,YES,2026-01,382.9215,0.0785,0,431.9215,NO,First ledger beginning is not 0
US18042,0,0,YES,2026-01,0,0,0,0,NO,Starting balance is 0 or negative
US18043,239,0,YES,2026-01,0,239,239,239,YES,
US18044,185,185.4804,YES,2026-01,185.4804,-0.4804,0,185.4804,NO,First ledger beginning is not 0
US18045,84,17,YES,2026-01,17,67,0,17,NO,First ledger beginning is not 0
US18046,239,302.0745,YES,2026-01,239.0745,-0.0745,0,302.0745,NO,First ledger beginning is not 0
US18047,2,0,YES,2026-01,0,2,2,2,YES,
US18048,247,233.3993,YES,2026-01,213.3993,33.6007,0,233.3993,NO,First ledger beginning is not 0
US18049,0,0,YES,2026-01,0,0,0,0,NO,Starting balance is 0 or negative
US18050,2,0,YES,2026-01,0,2,2,2,YES,
US18051,365,365.274,YES,2026-01,365.274,-0.274,0,365.274,NO,First ledger beginning is not 0
US18052,1560,1370.6088,YES,2026-01,1370.6088,189.3912,0,1370.6088,NO,First ledger beginning is not 0
US18053,0,0,YES,2026-01,0,0,0,0,NO,Starting balance is 0 or negative
US18054,0,0,YES,2026-01,0,0,0,0,NO,Starting balance is 0 or negative
US18055,1409,0,YES,2026-01,0,1409,1409,1409,YES,
US18056,0,0,YES,2026-01,0,0,0,0,NO,Starting balance is 0 or negative
US18057,0,0,YES,2026-01,0,0,0,0,NO,Starting balance is 0 or negative
US18058,0,0,YES,2026-01,0,0,0,0,NO,Starting balance is 0 or negative
US18059,241,181.4703,YES,2026-01,181.4703,59.5297,0,181.4703,NO,First ledger beginning is not 0
US1806,106,106,YES,2026-01,106,0,0,106,NO,First ledger beginning is not 0
US18060,96,0,YES,2026-01,0,96,96,96,YES,
US18061,2687,3203,YES,2026-01,2686.7025,0.2975,0,3203,NO,First ledger beginning is not 0
US18062,2649,2962,YES,2026-01,2649.1518,-0.1518,0,2962,NO,First ledger beginning is not 0
US18063,318,374.46,YES,2026-01,318.4617,-0.4617,0,374.46,NO,First ledger beginning is not 0
US18064,505,59.700000000000045,YES,2026-01,504.6972,0.3028,0,59.700000000000045,NO,First ledger beginning is not 0
US18065,0,0,YES,2026-01,0,0,0,0,NO,Starting balance is 0 or negative
US18066,0,0,YES,2026-01,0,0,0,0,NO,Starting balance is 0 or negative
US18067,0,0,YES,2026-01,0,0,0,0,NO,Starting balance is 0 or negative
US18068,4084,3700.01,YES,2026-01,4084.0074,-0.0074,0,3700.01,NO,First ledger beginning is not 0
US18069,371,330.1,YES,2026-01,280.1025,90.8975,0,330.1,NO,First ledger beginning is not 0
US1807,288,288,YES,2026-01,288,0,0,288,NO,First ledger beginning is not 0
US18070,2878,3176.2445,YES,2026-01,2640.2445,237.7555,0,3176.2445,NO,First ledger beginning is not 0
US18071,0,0,YES,2026-01,0,0,0,0,NO,Starting balance is 0 or negative
US18072,0,0,YES,2026-01,0,0,0,0,NO,Starting balance is 0 or negative
US18073,0,0,YES,2026-01,0,0,0,0,NO,Starting balance is 0 or negative
US18074,0,0,YES,2026-01,0,0,0,0,NO,Starting balance is 0 or negative
US18075,0,0,YES,2026-01,0,0,0,0,NO,Starting balance is 0 or negative
US18076,0,0,YES,2026-01,0,0,0,0,NO,Starting balance is 0 or negative
US18077,106,0,YES,2026-01,0,106,106,106,YES,
US18078,0,0,YES,2026-01,0,0,0,0,NO,Starting balance is 0 or negative
US18079,604,225.8832,YES,2026-01,225.8832,378.1168,0,225.8832,NO,First ledger beginning is not 0
US18080,277,277.0131,YES,2026-02,277.0131,-0.0131,0,277.0131,NO,First ledger beginning is not 0
US18081,516,559.5227,YES,2026-01,515.5227,0.4773,0,559.5227,NO,First ledger beginning is not 0
US18082,2996,2358.4,YES,2026-01,2996.4015,-0.4015,0,2358.4,NO,First ledger beginning is not 0
US18083,514,627.2579,YES,2026-01,514.2579,-0.2579,0,627.2579,NO,First ledger beginning is not 0
US18084,3890,3889.6461,YES,2026-01,3889.6461,0.3539,0,3889.6461,NO,First ledger beginning is not 0
US18085,0,0,YES,2026-01,0,0,0,0,NO,Starting balance is 0 or negative
US18086,30,0,YES,2026-01,0,30,30,30,YES,
US18087,281,319.3982,YES,2026-01,281.3982,-0.3982,0,319.3982,NO,First ledger beginning is not 0
US18088,20,0,YES,2026-01,0,20,20,20,YES,
US18089,0,0,YES,2026-01,0,0,0,0,NO,Starting balance is 0 or negative
US18090,1404,1659.2088,YES,2026-01,1404.2088,-0.2088,0,1659.2088,NO,First ledger beginning is not 0
US18091,147,0,YES,2026-01,0,147,147,147,YES,
US18092,7,0,YES,2026-01,0,7,7,7,YES,
US18093,32,0,YES,2026-01,0,32,32,32,YES,
US18094,367,396,YES,2026-01,366.5385,0.4615,0,396,NO,First ledger beginning is not 0
US18095,182,327.81,YES,2026-01,205.8087,-23.8087,0,327.81,NO,First ledger beginning is not 0
US18096,4,0,YES,2026-01,0,4,4,4,YES,
US18097,0,0,YES,2026-01,0,0,0,0,NO,Starting balance is 0 or negative
US18098,0,0,YES,2026-01,0,0,0,0,NO,Starting balance is 0 or negative
US18099,0,0,YES,2026-01,0,0,0,0,NO,Starting balance is 0 or negative
US18100,0,0,YES,2026-01,0,0,0,0,NO,Starting balance is 0 or negative
US18101,0,0,YES,2026-01,0,0,0,0,NO,Starting balance is 0 or negative
US18102,0,0,YES,2026-01,0,0,0,0,NO,Starting balance is 0 or negative
US18103,0,0,YES,2026-01,0,0,0,0,NO,Starting balance is 0 or negative
US18104,1535,406.8606,YES,2026-01,1534.8606,0.1394,0,406.8606,NO,First ledger beginning is not 0
US18105,221,236.2137,YES,2026-01,221.2137,-0.2137,0,236.2137,NO,First ledger beginning is not 0
US18106,670,246.4114,YES,2026-01,194.4114,475.5886,0,246.4114,NO,First ledger beginning is not 0
US18107,0,0,YES,2026-01,0,0,0,0,NO,Starting balance is 0 or negative
US18108,633,0,YES,2026-01,0,633,633,633,YES,
US18109,0,0,YES,2026-01,0,0,0,0,NO,Starting balance is 0 or negative
US1811,192,192,YES,2026-01,192,0,0,192,NO,First ledger beginning is not 0
US18110,0,0,YES,2026-01,0,0,0,0,NO,Starting balance is 0 or negative
US18111,0,0,YES,2026-01,0,0,0,0,NO,Starting balance is 0 or negative
US18112,170,0,YES,2026-01,0,170,170,170,YES,
US18113,610,444.0768,YES,2026-01,399.0768,210.9232,0,444.0768,NO,First ledger beginning is not 0
US18114,0,0,YES,2026-01,0,0,0,0,NO,Starting balance is 0 or negative
US18115,300,328,YES,2026-01,328,-28,0,328,NO,First ledger beginning is not 0
US18116,0,0,YES,2026-01,0,0,0,0,NO,Starting balance is 0 or negative
US18117,122,0,YES,2026-01,0,122,122,122,YES,
US18118,1094,1147.44,YES,2026-01,1094.4426,-0.4426,0,1147.44,NO,First ledger beginning is not 0
US18119,292,324.3149,YES,2026-01,324.3149,-32.3149,0,324.3149,NO,First ledger beginning is not 0
US1812,63,63,YES,2026-01,63,0,0,63,NO,First ledger beginning is not 0
US18120,0,0,YES,2026-01,0,0,0,0,NO,Starting balance is 0 or negative
US18121,99,0,YES,2026-01,0,99,99,99,YES,
US18122,3412,2681.8274,YES,2026-01,2715.8274,696.1726,0,2681.8274,NO,First ledger beginning is not 0
US18123,435,457.718,YES,2026-01,434.718,0.282,0,457.718,NO,First ledger beginning is not 0
US18124,219,210.7342,YES,2026-01,185.7342,33.2658,0,210.7342,NO,First ledger beginning is not 0
US18125,832,0,YES,2026-01,0,832,832,832,YES,
US18126,82,21,YES,2026-01,0,82,82,103,YES,
US18127,0,20,YES,2026-01,0,0,0,20,NO,Starting balance is 0 or negative
US18128,101,0,YES,2026-01,0,101,101,101,YES,
US18129,260,299.2275,YES,2026-01,260.2275,-0.2275,0,299.2275,NO,First ledger beginning is not 0
US1813,356,372,YES,2026-01,356,0,0,372,NO,First ledger beginning is not 0
US18130,1743,1126,YES,2026-01,1052.0358,690.9642,0,1126,NO,First ledger beginning is not 0
US18131,72,0,YES,2026-01,0,72,72,72,YES,
US18132,1084,0,YES,2026-01,0,1084,1084,1084,YES,
US18133,165,0,YES,2026-01,0,165,165,165,YES,
US18134,1929,1790.04,YES,2026-01,1401.0444,527.9556,0,1790.04,NO,First ledger beginning is not 0
US18135,0,0,YES,2026-01,0,0,0,0,NO,Starting balance is 0 or negative
US18136,0,0,YES,2026-01,0,0,0,0,NO,Starting balance is 0 or negative
US18137,195,195.3162,YES,2026-01,195.3162,-0.3162,0,195.3162,NO,First ledger beginning is not 0
US18138,0,0,YES,2026-01,0,0,0,0,NO,Starting balance is 0 or negative
US18139,0,0,YES,2026-01,0,0,0,0,NO,Starting balance is 0 or negative
US18140,194,0,YES,2026-01,0,194,194,194,YES,
US18141,220,220.4205,YES,2026-01,220.4205,-0.4205,0,220.4205,NO,First ledger beginning is not 0
US18142,400,0,YES,2026-01,0,400,400,400,YES,
US18143,0,0,YES,2026-01,0,0,0,0,NO,Starting balance is 0 or negative
US18144,457,456.5454,YES,2026-01,456.5454,0.4546,0,456.5454,NO,First ledger beginning is not 0
US18145,490,286.8431,YES,2026-01,254.8431,235.1569,0,286.8431,NO,First ledger beginning is not 0
US18146,0,0,YES,2026-01,0,0,0,0,NO,Starting balance is 0 or negative
US18147,232,0,YES,2026-01,0,232,232,232,YES,
US18148,0,0,YES,2026-02,0,0,0,0,NO,Starting balance is 0 or negative
US18149,1067,1139.0118,YES,2026-01,1067.0118,-0.0118,0,1139.0118,NO,First ledger beginning is not 0
US1815,493,493,YES,2026-01,493,0,0,493,NO,First ledger beginning is not 0
US18150,1385,289.1946,YES,2026-01,289.1946,1095.8054,0,289.1946,NO,First ledger beginning is not 0
US18151,1111,229.7433,YES,2026-01,214.7433,896.2567,0,229.7433,NO,First ledger beginning is not 0
US18152,254,0,YES,2026-01,0,254,254,254,YES,
US18153,0,0,YES,2026-01,0,0,0,0,NO,Starting balance is 0 or negative
US18154,2848,644,YES,2026-01,2847.6837,0.3163,0,644,NO,First ledger beginning is not 0
US18155,0,0,YES,2026-01,0,0,0,0,NO,Starting balance is 0 or negative
US18156,429,273.4166,YES,2026-01,256.4166,172.5834,0,273.4166,NO,First ledger beginning is not 0
US18157,220,436.42,YES,2026-01,220.4154,-0.4154,0,436.42,NO,First ledger beginning is not 0
US18158,250,240,YES,2026-01,250,0,0,240,NO,First ledger beginning is not 0
US18159,2643,2371.26,YES,2026-01,2643.2568,-0.2568,0,2371.26,NO,First ledger beginning is not 0
US18160,252,252.1554,YES,2026-01,252.1554,-0.1554,0,252.1554,NO,First ledger beginning is not 0
US18161,481,619.5151000000001,YES,2026-01,480.5151,0.4849,0,619.5151000000001,NO,First ledger beginning is not 0
US18162,0,31,YES,2026-01,31,-31,0,31,NO,Starting balance is 0 or negative
US18163,12964,13637.518,YES,2026-01,12963.518,0.482,0,13637.518,NO,First ledger beginning is not 0
US18164,431,479.0742,YES,2026-01,431.0742,-0.0742,0,479.0742,NO,First ledger beginning is not 0
US18165,0,0,YES,2026-01,0,0,0,0,NO,Starting balance is 0 or negative
US18166,0,16,YES,2026-01,16,-16,0,16,NO,Starting balance is 0 or negative
US18167,0,0,YES,2026-01,0,0,0,0,NO,Starting balance is 0 or negative
US18168,4633,2626.95,YES,2026-01,4632.9507,0.0493,0,2626.95,NO,First ledger beginning is not 0
US18169,169,0,YES,2026-01,0,169,169,169,YES,
US18170,255,366.52570000000003,YES,2026-01,366.52570000000003,-111.52570000000003,0,366.52570000000003,NO,First ledger beginning is not 0
US18171,0,0,YES,2026-01,0,0,0,0,NO,Starting balance is 0 or negative
US18172,2729,2946.4435,YES,2026-01,2729.4435,-0.4435,0,2946.4435,NO,First ledger beginning is not 0
US18173,0,0,YES,2026-01,0,0,0,0,NO,Starting balance is 0 or negative
US18174,44,0,YES,2026-01,0,44,44,44,YES,
US18175,1953,2416.98,YES,2026-01,406.9836,1546.0164,0,2416.98,NO,First ledger beginning is not 0
US18176,0,0,YES,2026-01,0,0,0,0,NO,Starting balance is 0 or negative
US18177,18860,17845.66,YES,2026-01,18309.658,550.342,0,17845.66,NO,First ledger beginning is not 0
US18178,395,7.689999999999998,YES,2026-01,394.6905,0.3095,0,7.689999999999998,NO,First ledger beginning is not 0
US18179,1182,1225.5356,YES,2026-01,1225.5356,-43.5356,0,1225.5356,NO,First ledger beginning is not 0
US18180,12,0,YES,2026-02,0,12,12,12,YES,
US18181,280,0,YES,2026-01,0,280,280,280,YES,
US18182,4148,2304.67,YES,2026-01,4147.6671,0.3329,0,2304.67,NO,First ledger beginning is not 0
US18183,0,0,YES,2026-01,0,0,0,0,NO,Starting balance is 0 or negative
US18184,0,0,YES,2026-01,0,0,0,0,NO,Starting balance is 0 or negative
US18185,151,0,YES,2026-01,0,151,151,151,YES,
US18186,0,0,YES,2026-01,0,0,0,0,NO,Starting balance is 0 or negative
US18187,60,0,YES,2026-01,0,60,60,60,YES,
US18188,0,0,YES,2026-01,0,0,0,0,NO,Starting balance is 0 or negative
US18189,321,0,YES,2026-01,0,321,321,321,YES,
US18190,0,0,YES,2026-01,0,0,0,0,NO,Starting balance is 0 or negative
US18191,0,0,YES,2026-01,0,0,0,0,NO,Starting balance is 0 or negative
US18192,676,2.0851000000000113,YES,2026-01,2.0851000000000113,673.9148999999999887,0,2.0851000000000113,NO,First ledger beginning is not 0
US18193,185,224.5327,YES,2026-01,184.5327,0.4673,0,224.5327,NO,First ledger beginning is not 0
US18194,0,0,YES,2026-01,0,0,0,0,NO,Starting balance is 0 or negative
US18195,3861,4438.629199999999,YES,2026-01,3860.6292,0.3708,0,4438.629199999999,NO,First ledger beginning is not 0
US18196,0,0,YES,2026-01,0,0,0,0,NO,Starting balance is 0 or negative
US18197,26,0,YES,2026-01,0,26,26,26,YES,
US18198,253,280.0818,YES,2026-01,253.0818,-0.0818,0,280.0818,NO,First ledger beginning is not 0
US18199,422,16,YES,2026-01,16,406,0,16,NO,First ledger beginning is not 0
US1820,36,36,YES,2026-01,36,0,0,36,NO,First ledger beginning is not 0
US18200,0,0,YES,2026-01,0,0,0,0,NO,Starting balance is 0 or negative
US18201,0,0,YES,2026-01,0,0,0,0,NO,Starting balance is 0 or negative
US18202,135,0,YES,2026-01,0,135,135,135,YES,
US18203,568,462.9706,YES,2026-01,425.9706,142.0294,0,462.9706,NO,First ledger beginning is not 0
US18204,201,201.3576,YES,2026-01,201.3576,-0.3576,0,201.3576,NO,First ledger beginning is not 0
US18205,319,336.6882,YES,2026-01,318.6882,0.3118,0,336.6882,NO,First ledger beginning is not 0
US18206,0,0,YES,2026-01,0,0,0,0,NO,Starting balance is 0 or negative
US18207,43,0,YES,2026-01,0,43,43,43,YES,
US18208,0,0,YES,2026-01,0,0,0,0,NO,Starting balance is 0 or negative
US18209,68,87,YES,2026-01,87,-19,0,87,NO,First ledger beginning is not 0
US18210,0,0,YES,2026-01,0,0,0,0,NO,Starting balance is 0 or negative
US18211,4662,4415.33,YES,2026-01,4662.3312,-0.3312,0,4415.33,NO,First ledger beginning is not 0
US18212,10928,11557.57,YES,2026-01,10927.57,0.43,0,11557.57,NO,First ledger beginning is not 0
US18213,1060,1153.8904,YES,2026-01,1153.8904,-93.8904,0,1153.8904,NO,First ledger beginning is not 0
US18214,0,16,YES,2026-01,0,0,0,16,NO,Starting balance is 0 or negative
US18215,0,0,YES,2026-01,0,0,0,0,NO,Starting balance is 0 or negative
US18216,14320,7809,YES,2026-01,14319.932,0.068,0,7809,NO,First ledger beginning is not 0
US18217,0,0,YES,2026-01,0,0,0,0,NO,Starting balance is 0 or negative
US18218,3596,3749.3793,YES,2026-01,3596.3793,-0.3793,0,3749.3793,NO,First ledger beginning is not 0
US18219,4281,4833.0732,YES,2026-01,4281.0732,-0.0732,0,4833.0732,NO,First ledger beginning is not 0
US18220,363,415.8785,YES,2026-01,362.8785,0.1215,0,415.8785,NO,First ledger beginning is not 0
US18221,0,0,YES,2026-01,0,0,0,0,NO,Starting balance is 0 or negative
US18222,1564,0,YES,2026-01,0,1564,1564,1564,YES,
US18223,1363,745.54,YES,2026-01,1362.5442,0.4558,0,745.54,NO,First ledger beginning is not 0
US18224,0,0,YES,2026-01,0,0,0,0,NO,Starting balance is 0 or negative
US18225,0,0,YES,2026-01,0,0,0,0,NO,Starting balance is 0 or negative
US18226,30,0,YES,2026-01,0,30,30,30,YES,
US18227,2800,1039,YES,2026-01,2800.251,-0.251,0,1039,NO,First ledger beginning is not 0
US18228,1193,1259.1396,YES,2026-01,1193.1396,-0.1396,0,1259.1396,NO,First ledger beginning is not 0
US18229,0,0,YES,2026-01,0,0,0,0,NO,Starting balance is 0 or negative
US18230,1065,61.40740000000005,YES,2026-01,1065.4074,-0.4074,0,61.40740000000005,NO,First ledger beginning is not 0
US18231,0,0,YES,2026-01,0,0,0,0,NO,Starting balance is 0 or negative
US18232,0,0,YES,2026-01,0,0,0,0,NO,Starting balance is 0 or negative
US18233,311,0,YES,2026-01,0,311,311,311,YES,
US18234,1011,0,YES,2026-01,0,1011,1011,1011,YES,
US18235,217,216.6666,YES,2026-01,216.6666,0.3334,0,216.6666,NO,First ledger beginning is not 0
US18236,2968,3541,YES,2026-01,505.1259,2462.8741,0,3541,NO,First ledger beginning is not 0
US18237,282,17,YES,2026-01,0,282,282,299,YES,
US18238,410,194.58,YES,2026-01,194.58,215.42,0,194.58,NO,First ledger beginning is not 0
US18239,0,0,YES,2026-01,0,0,0,0,NO,Starting balance is 0 or negative
US1824,2499,2499,YES,2026-01,2499,0,0,2499,NO,First ledger beginning is not 0
US18240,353,0,YES,2026-01,0,353,353,353,YES,
US18241,0,0,YES,2026-01,0,0,0,0,NO,Starting balance is 0 or negative
US18242,298,15,YES,2026-01,0,298,298,313,YES,
US18243,0,0,YES,2026-01,0,0,0,0,NO,Starting balance is 0 or negative
US18244,462,249.4473,YES,2026-01,249.4473,212.5527,0,249.4473,NO,First ledger beginning is not 0
US18245,1162,1226,YES,2026-01,1161.8724,0.1276,0,1226,NO,First ledger beginning is not 0
US18246,4634,6302.4978,YES,2026-01,4634.4978,-0.4978,0,6302.4978,NO,First ledger beginning is not 0
US18247,0,0,YES,2026-01,0,0,0,0,NO,Starting balance is 0 or negative
US18248,0,0,YES,2026-01,0,0,0,0,NO,Starting balance is 0 or negative
US18249,0,0,YES,2026-01,0,0,0,0,NO,Starting balance is 0 or negative
US1825,264,264,YES,2026-01,264,0,0,264,NO,First ledger beginning is not 0
US18250,546,926.86,YES,2026-01,336.8622,209.1378,0,926.86,NO,First ledger beginning is not 0
US18251,0,0,YES,2026-02,0,0,0,0,NO,Starting balance is 0 or negative
US18252,506,25,YES,2026-01,0,506,506,531,YES,
US18253,0,0,YES,2026-01,0,0,0,0,NO,Starting balance is 0 or negative
US18254,187,187.2345,YES,2026-01,187.2345,-0.2345,0,187.2345,NO,First ledger beginning is not 0
US18255,61,0,YES,2026-01,0,61,61,61,YES,
US18256,0,0,YES,2026-01,0,0,0,0,NO,Starting balance is 0 or negative
US18257,224,224.2995,YES,2026-01,224.2995,-0.2995,0,224.2995,NO,First ledger beginning is not 0
US18258,876,0,YES,2026-01,0,876,876,876,YES,
US18259,207,206.5944,YES,2026-01,206.5944,0.4056,0,206.5944,NO,First ledger beginning is not 0
US18260,0,0,YES,2026-01,0,0,0,0,NO,Starting balance is 0 or negative
US18261,150,0,YES,2026-01,0,150,150,150,YES,
US18262,4,0,YES,2026-01,0,4,4,4,YES,
US18263,4042,1535.7379999999998,YES,2026-01,3617.738,424.262,0,1535.7379999999998,NO,First ledger beginning is not 0
US18264,0,0,YES,2026-01,0,0,0,0,NO,Starting balance is 0 or negative
US18265,0,0,YES,2026-01,0,0,0,0,NO,Starting balance is 0 or negative
US18266,239,239.2455,YES,2026-01,239.2455,-0.2455,0,239.2455,NO,First ledger beginning is not 0
US18267,14287,13767,YES,2026-01,14287.47,-0.47,0,13767,NO,First ledger beginning is not 0
US18268,509,0,YES,2026-01,0,509,509,509,YES,
US18269,0,0,YES,2026-01,0,0,0,0,NO,Starting balance is 0 or negative
US18270,224,25,YES,2026-01,25,199,0,25,NO,First ledger beginning is not 0
US18271,0,0,YES,2026-01,0,0,0,0,NO,Starting balance is 0 or negative
US18272,219,233.9805,YES,2026-01,218.9805,0.0195,0,233.9805,NO,First ledger beginning is not 0
US18273,58,0,YES,2026-01,0,58,58,58,YES,
US18274,3346,2.413300000000163,YES,2026-01,3346.4133,-0.4133,0,2.413300000000163,NO,First ledger beginning is not 0
US18275,0,0,YES,2026-01,0,0,0,0,NO,Starting balance is 0 or negative
US18276,0,0,YES,2026-01,0,0,0,0,NO,Starting balance is 0 or negative
US18277,4500,4973.3042,YES,2026-01,4500.3042,-0.3042,0,4973.3042,NO,First ledger beginning is not 0
US18278,0,0,YES,2026-01,0,0,0,0,NO,Starting balance is 0 or negative
US18279,0,0,YES,2026-01,0,0,0,0,NO,Starting balance is 0 or negative
US1828,3466,3466,YES,2026-01,3466,0,0,3466,NO,First ledger beginning is not 0
US18280,199,0,YES,2026-01,0,199,199,199,YES,
US18281,0,0,YES,2026-01,0,0,0,0,NO,Starting balance is 0 or negative
US18282,0,0,YES,2026-01,0,0,0,0,NO,Starting balance is 0 or negative
US18283,370,0,YES,2026-01,0,370,370,370,YES,
US18284,0,0,YES,2026-01,0,0,0,0,NO,Starting balance is 0 or negative
US18285,330,22,YES,2026-01,0,330,330,352,YES,
US18286,0,0,YES,2026-01,0,0,0,0,NO,Starting balance is 0 or negative
US18287,0,0,YES,2026-01,0,0,0,0,NO,Starting balance is 0 or negative
US18288,450,0,YES,2026-01,0,450,450,450,YES,
US18289,124,0,YES,2026-01,0,124,124,124,YES,
US1829,0,50,YES,2026-01,2,-2,0,50,NO,Starting balance is 0 or negative
US18290,0,0,YES,2026-01,0,0,0,0,NO,Starting balance is 0 or negative
US18291,661,389.4265,YES,2026-01,361.4265,299.5735,0,389.4265,NO,First ledger beginning is not 0
US18292,100,27,YES,2026-01,0,100,100,127,YES,
US18293,0,0,YES,2026-01,0,0,0,0,NO,Starting balance is 0 or negative
US18294,0,0,YES,2026-01,0,0,0,0,NO,Starting balance is 0 or negative
US18295,0,0,YES,2026-01,0,0,0,0,NO,Starting balance is 0 or negative
US18296,2554,2553.7473,YES,2026-01,2553.7473,0.2527,0,2553.7473,NO,First ledger beginning is not 0
US18297,200,199.8534,YES,2026-01,199.8534,0.1466,0,199.8534,NO,First ledger beginning is not 0
US18298,212,211.7199,YES,2026-01,211.7199,0.2801,0,211.7199,NO,First ledger beginning is not 0
US18299,249,285.8539,YES,2026-01,248.8539,0.1461,0,285.8539,NO,First ledger beginning is not 0
US18300,0,0,YES,2026-01,0,0,0,0,NO,Starting balance is 0 or negative
US18301,251,251.2242,YES,2026-02,251.2242,-0.2242,0,251.2242,NO,First ledger beginning is not 0
US18302,0,0,YES,2026-01,0,0,0,0,NO,Starting balance is 0 or negative
US18303,0,0,YES,2026-01,0,0,0,0,NO,Starting balance is 0 or negative
US18304,0,0,YES,2026-01,0,0,0,0,NO,Starting balance is 0 or negative
US18305,6,0,YES,2026-01,0,6,6,6,YES,
US18306,0,0,YES,2026-01,0,0,0,0,NO,Starting balance is 0 or negative
US18307,0,0,YES,2026-01,0,0,0,0,NO,Starting balance is 0 or negative
US18308,0,0,YES,2026-01,0,0,0,0,NO,Starting balance is 0 or negative
US18309,1271,1311.1018,YES,2026-01,1271.1018,-0.1018,0,1311.1018,NO,First ledger beginning is not 0
US1831,722,722,YES,2026-01,722,0,0,722,NO,First ledger beginning is not 0
US18310,718,400.6544,YES,2026-01,374.6544,343.3456,0,400.6544,NO,First ledger beginning is not 0
US18311,0,0,YES,2026-01,0,0,0,0,NO,Starting balance is 0 or negative
US18312,22286,23443,YES,2026-01,22286.1056,-0.1056,0,23443,NO,First ledger beginning is not 0
US18313,0,0,YES,2026-01,0,0,0,0,NO,Starting balance is 0 or negative
US18314,0,0,YES,2026-01,0,0,0,0,NO,Starting balance is 0 or negative
US18315,0,0,YES,2026-01,0,0,0,0,NO,Starting balance is 0 or negative
US18316,0,0,YES,2026-01,0,0,0,0,NO,Starting balance is 0 or negative
US18317,310,357.3266,YES,2026-01,310.3266,-0.3266,0,357.3266,NO,First ledger beginning is not 0
US18318,1,0,YES,2026-01,0,1,1,1,YES,
US18319,1650,412.414,YES,2026-01,363.414,1286.586,0,412.414,NO,First ledger beginning is not 0
US1832,1202,1202,YES,2026-01,1202,0,0,1202,NO,First ledger beginning is not 0
US18320,306,0,YES,2026-01,0,306,306,306,YES,
US18321,119,0,YES,2026-01,0,119,119,119,YES,
US18322,351,351.3042,YES,2026-01,351.3042,-0.3042,0,351.3042,NO,First ledger beginning is not 0
US18323,336,266.7999,YES,2026-01,266.7999,69.2001,0,266.7999,NO,First ledger beginning is not 0
US18324,354,353.6055,YES,2026-01,353.6055,0.3945,0,353.6055,NO,First ledger beginning is not 0
US18325,1409,1539,YES,2026-01,1408.6548,0.3452,0,1539,NO,First ledger beginning is not 0
US18326,3606,3996.6691,YES,2026-01,3605.6691,0.3309,0,3996.6691,NO,First ledger beginning is not 0
US18327,696,574,YES,2026-01,520.4109,175.5891,0,574,NO,First ledger beginning is not 0
US18328,410,438.8501,YES,2026-01,409.8501,0.1499,0,438.8501,NO,First ledger beginning is not 0
US18329,0,0,YES,2026-01,0,0,0,0,NO,Starting balance is 0 or negative
US18330,0,0,YES,2026-01,0,0,0,0,NO,Starting balance is 0 or negative
US18331,0,0,YES,2026-01,0,0,0,0,NO,Starting balance is 0 or negative
US18332,282,335.95,YES,2026-01,281.9541,0.0459,0,335.95,NO,First ledger beginning is not 0
US18333,0,0,YES,2026-01,0,0,0,0,NO,Starting balance is 0 or negative
US18334,0,0,YES,2026-01,0,0,0,0,NO,Starting balance is 0 or negative
US18335,0,0,YES,2026-01,0,0,0,0,NO,Starting balance is 0 or negative
US18336,0,0,YES,2026-01,0,0,0,0,NO,Starting balance is 0 or negative
US18337,0,0,YES,2026-01,0,0,0,0,NO,Starting balance is 0 or negative
US18338,0,0,YES,2026-01,0,0,0,0,NO,Starting balance is 0 or negative
US18339,0,0,YES,2026-01,0,0,0,0,NO,Starting balance is 0 or negative
US1834,1154,1154,YES,2026-01,1154,0,0,1154,NO,First ledger beginning is not 0
US18340,1119,1137.8146,YES,2026-01,1118.8146,0.1854,0,1137.8146,NO,First ledger beginning is not 0
US18341,1151,1226.1816,YES,2026-01,1151.1816,-0.1816,0,1226.1816,NO,First ledger beginning is not 0
US18342,0,0,YES,2026-01,0,0,0,0,NO,Starting balance is 0 or negative
US18343,214,328.9153,YES,2026-01,328.9153,-114.9153,0,328.9153,NO,First ledger beginning is not 0
US18344,0,0,YES,2026-01,0,0,0,0,NO,Starting balance is 0 or negative
US18345,0,0,YES,2026-01,0,0,0,0,NO,Starting balance is 0 or negative
US18346,0,0,YES,2026-01,0,0,0,0,NO,Starting balance is 0 or negative
US18347,0,0,YES,2026-01,0,0,0,0,NO,Starting balance is 0 or negative
US18348,0,0,YES,2026-01,0,0,0,0,NO,Starting balance is 0 or negative
US18349,328,544,YES,2026-01,327.9459,0.0541,0,544,NO,First ledger beginning is not 0
US18350,298,0,YES,2026-01,0,298,298,298,YES,
US18351,0,0,YES,2026-01,0,0,0,0,NO,Starting balance is 0 or negative
US18352,0,0,YES,2026-01,0,0,0,0,NO,Starting balance is 0 or negative
US18353,0,0,YES,2026-01,0,0,0,0,NO,Starting balance is 0 or negative
US18354,605,0,YES,2026-01,0,605,605,605,YES,
US18355,356,453.6929,YES,2026-01,453.6929,-97.6929,0,453.6929,NO,First ledger beginning is not 0
US18356,0,0,YES,2026-01,0,0,0,0,NO,Starting balance is 0 or negative
US18357,216,232.0684,YES,2026-01,232.0684,-16.0684,0,232.0684,NO,First ledger beginning is not 0
US18358,0,0,YES,2026-01,0,0,0,0,NO,Starting balance is 0 or negative
US18359,489,609.6427,YES,2026-01,488.6427,0.3573,0,609.6427,NO,First ledger beginning is not 0
US18360,0,0,YES,2026-01,0,0,0,0,NO,Starting balance is 0 or negative
US18361,2943,2972.4338,YES,2026-01,2853.4338,89.5662,0,2972.4338,NO,First ledger beginning is not 0
US18362,0,0,YES,2026-01,0,0,0,0,NO,Starting balance is 0 or negative
US18363,1296,1463.5716,YES,2026-01,1295.5716,0.4284,0,1463.5716,NO,First ledger beginning is not 0
US18364,188,123,YES,2026-01,123,65,0,123,NO,First ledger beginning is not 0
US18365,0,0,YES,2026-01,0,0,0,0,NO,Starting balance is 0 or negative
US18366,0,0,YES,2026-01,0,0,0,0,NO,Starting balance is 0 or negative
US18367,0,0,YES,2026-01,0,0,0,0,NO,Starting balance is 0 or negative
US18368,289,0,YES,2026-01,0,289,289,289,YES,
US18369,0,0,YES,2026-01,0,0,0,0,NO,Starting balance is 0 or negative
US18370,230,252.9749,YES,2026-01,252.9749,-22.9749,0,252.9749,NO,First ledger beginning is not 0
US18371,4212,4562,YES,2026-01,4212.0207,-0.0207,0,4562,NO,First ledger beginning is not 0
US18372,227,227.1939,YES,2026-01,227.1939,-0.1939,0,227.1939,NO,First ledger beginning is not 0
US18373,0,0,YES,2026-01,0,0,0,0,NO,Starting balance is 0 or negative
US18374,349,348.6981,YES,2026-01,348.6981,0.3019,0,348.6981,NO,First ledger beginning is not 0
US18375,4743,3145,YES,2026-01,4743.3186,-0.3186,0,3145,NO,First ledger beginning is not 0
US18376,296,330.9818,YES,2026-01,295.9818,0.0182,0,330.9818,NO,First ledger beginning is not 0
US18377,4651,5216,YES,2026-01,4650.5205,0.4795,0,5216,NO,First ledger beginning is not 0
US18378,3007,3336.7488,YES,2026-01,3006.7488,0.2512,0,3336.7488,NO,First ledger beginning is not 0
US18379,0,0,YES,2026-01,0,0,0,0,NO,Starting balance is 0 or negative
US1838,619,619,NO,,0,619,619,1238,YES,
US18380,271,91.13,YES,2026-01,271.1256,-0.1256,0,91.13,NO,First ledger beginning is not 0
US18381,573,296.1028,YES,2026-01,277.1028,295.8972,0,296.1028,NO,First ledger beginning is not 0
US18382,371,389.6617,YES,2026-01,389.6617,-18.6617,0,389.6617,NO,First ledger beginning is not 0
US18383,407,449.7709,YES,2026-01,406.7709,0.2291,0,449.7709,NO,First ledger beginning is not 0
US18384,278,277.8795,YES,2026-01,277.8795,0.1205,0,277.8795,NO,First ledger beginning is not 0
US18385,4350,4631.1635,YES,2026-01,4350.1635,-0.1635,0,4631.1635,NO,First ledger beginning is not 0
US18386,270,269.7129,YES,2026-01,269.7129,0.2871,0,269.7129,NO,First ledger beginning is not 0
US18387,324,0,YES,2026-01,0,324,324,324,YES,
US18388,1249,1382.33,YES,2026-01,1249.3272,-0.3272,0,1382.33,NO,First ledger beginning is not 0
US18389,331,331.2987,YES,2026-01,331.2987,-0.2987,0,331.2987,NO,First ledger beginning is not 0
US1839,70,70,YES,2026-01,70,0,0,70,NO,First ledger beginning is not 0
US18390,27,0,YES,2026-01,0,27,27,27,YES,
US18391,293,345.5537,YES,2026-01,292.5537,0.4463,0,345.5537,NO,First ledger beginning is not 0
US18392,0,0,YES,2026-01,0,0,0,0,NO,Starting balance is 0 or negative
US18393,0,0,YES,2026-01,0,0,0,0,NO,Starting balance is 0 or negative
US1841,152,152,YES,2026-01,152,0,0,152,NO,First ledger beginning is not 0
US1843,1387,1410,YES,2026-01,1410,-23,0,1410,NO,First ledger beginning is not 0
US1844,25,41,YES,2026-01,25,0,0,41,NO,First ledger beginning is not 0
US1845,320,320,YES,2026-01,320,0,0,320,NO,First ledger beginning is not 0
US1848,4697,4697,YES,2026-01,4697,0,0,4697,NO,First ledger beginning is not 0
US1849,207,207,YES,2026-01,207,0,0,207,NO,First ledger beginning is not 0
US1851,107,107,YES,2026-01,107,0,0,107,NO,First ledger beginning is not 0
US1853,3642,3642,YES,2026-01,3642,0,0,3642,NO,First ledger beginning is not 0
US1854,156,156,YES,2026-01,156,0,0,156,NO,First ledger beginning is not 0
US1855,113,113,YES,2026-01,113,0,0,113,NO,First ledger beginning is not 0
US1857,494,494,YES,2026-01,494,0,0,494,NO,First ledger beginning is not 0
US1858,31,31,YES,2026-01,31,0,0,31,NO,First ledger beginning is not 0
US1860,38,0,YES,2026-01,0,38,38,38,YES,
US1861,657,657,YES,2026-01,657,0,0,657,NO,First ledger beginning is not 0
US1862,1,1,YES,2026-01,1,0,0,1,NO,First ledger beginning is not 0
US1864,2,40,YES,2026-01,2,0,0,40,NO,First ledger beginning is not 0
US1865,251,251,YES,2026-01,251,0,0,251,NO,First ledger beginning is not 0
US1866,109,0,YES,2026-01,0,109,109,109,YES,
US1867,399,399,YES,2026-01,399,0,0,399,NO,First ledger beginning is not 0
US1872,193,193,YES,2026-01,193,0,0,193,NO,First ledger beginning is not 0
US1873,332,332,YES,2026-01,332,0,0,332,NO,First ledger beginning is not 0
US1875,1283,1283,YES,2026-01,1283,0,0,1283,NO,First ledger beginning is not 0
US1877,278,278,YES,2026-01,278,0,0,278,NO,First ledger beginning is not 0
US1878,249,249,YES,2026-01,249,0,0,249,NO,First ledger beginning is not 0
US1879,71,71,YES,2026-01,71,0,0,71,NO,First ledger beginning is not 0
US1881,875,900,YES,2026-01,875,0,0,900,NO,First ledger beginning is not 0
US1882,1,1,YES,2026-01,1,0,0,1,NO,First ledger beginning is not 0
US1883,234,234,YES,2026-01,234,0,0,234,NO,First ledger beginning is not 0
US1884,192,208,YES,2026-01,192,0,0,208,NO,First ledger beginning is not 0
US1885,1225,1253,YES,2026-01,1253,-28,0,1253,NO,First ledger beginning is not 0
US1887,124,124,YES,2026-01,124,0,0,124,NO,First ledger beginning is not 0
US1889,260,260,YES,2026-01,260,0,0,260,NO,First ledger beginning is not 0
US1890,1182,1217,YES,2026-01,1182,0,0,1217,NO,First ledger beginning is not 0
US1893,382,382,YES,2026-01,382,0,0,382,NO,First ledger beginning is not 0
US1894,57,57,YES,2026-01,57,0,0,57,NO,First ledger beginning is not 0
US1895,31,62,YES,2026-01,31,0,0,62,NO,First ledger beginning is not 0
US1896,292,292,YES,2026-01,292,0,0,292,NO,First ledger beginning is not 0
US1897,250,250,YES,2026-01,250,0,0,250,NO,First ledger beginning is not 0
US1898,266,266,YES,2026-01,266,0,0,266,NO,First ledger beginning is not 0
US1900,55,43,YES,2026-01,320,-265,0,43,NO,First ledger beginning is not 0
US1901,111,111,YES,2026-01,111,0,0,111,NO,First ledger beginning is not 0
US1903,663,663,YES,2026-01,663,0,0,663,NO,First ledger beginning is not 0
US1909,380,380,YES,2026-01,380,0,0,380,NO,First ledger beginning is not 0
US191084,0,241,YES,2026-03,0,0,0,241,NO,Starting balance is 0 or negative
US1911,117,117,YES,2026-01,117,0,0,117,NO,First ledger beginning is not 0
US1915,431,431,YES,2026-01,431,0,0,431,NO,First ledger beginning is not 0
US1916,1865,1865,YES,2026-01,1865,0,0,1865,NO,First ledger beginning is not 0
US1919,183,183,YES,2026-01,183,0,0,183,NO,First ledger beginning is not 0
US1921,212,230,YES,2026-01,212,0,0,230,NO,First ledger beginning is not 0
US1923,525,525,YES,2026-01,525,0,0,525,NO,First ledger beginning is not 0
US192322,0,0,NO,,0,0,0,0,NO,Starting balance is 0 or negative
US1924,769,796,YES,2026-01,769,0,0,796,NO,First ledger beginning is not 0
US1925,1467,1467,YES,2026-01,1467,0,0,1467,NO,First ledger beginning is not 0
US1931,1,31,YES,2026-01,0,1,1,32,YES,
US1933,33,33,YES,2026-01,33,0,0,33,NO,First ledger beginning is not 0
US1935,222,222,YES,2026-01,222,0,0,222,NO,First ledger beginning is not 0
US1936,2642,20,YES,2026-01,20,2622,0,20,NO,First ledger beginning is not 0
US1937,1398,1398,YES,2026-01,1398,0,0,1398,NO,First ledger beginning is not 0
US1938,1765,0,YES,2026-01,0,1765,1765,1765,YES,
US1939,498,498,YES,2026-01,498,0,0,498,NO,First ledger beginning is not 0
US1940,47,47,YES,2026-01,47,0,0,47,NO,First ledger beginning is not 0
US1941,177,177,YES,2026-01,177,0,0,177,NO,First ledger beginning is not 0
US1942,935,960,YES,2026-01,935,0,0,960,NO,First ledger beginning is not 0
US1943,228,228,YES,2026-01,228,0,0,228,NO,First ledger beginning is not 0
US1944,8,8,YES,2026-01,8,0,0,8,NO,First ledger beginning is not 0
US1945,1144,1164,YES,2026-01,1144,0,0,1164,NO,First ledger beginning is not 0
US1948,124,124,YES,2026-01,124,0,0,124,NO,First ledger beginning is not 0
US1949,934,934,YES,2026-01,934,0,0,934,NO,First ledger beginning is not 0
US1952,764,764,YES,2026-01,764,0,0,764,NO,First ledger beginning is not 0
US1953,11,59,YES,2026-01,39,-28,0,59,NO,First ledger beginning is not 0
US1954,174,174,YES,2026-01,174,0,0,174,NO,First ledger beginning is not 0
US1958,1993,2223,YES,2026-01,2223,-230,0,2223,NO,First ledger beginning is not 0
US1959,228,228,YES,2026-01,228,0,0,228,NO,First ledger beginning is not 0
US1960,2,2,YES,2026-01,2,0,0,2,NO,First ledger beginning is not 0
US1961,215,215,YES,2026-01,215,0,0,215,NO,First ledger beginning is not 0
US1963,231,231,YES,2026-01,231,0,0,231,NO,First ledger beginning is not 0
US1964,225,241,YES,2026-01,225,0,0,241,NO,First ledger beginning is not 0
US1965,95,95,YES,2026-01,95,0,0,95,NO,First ledger beginning is not 0
US1968,168,168,YES,2026-01,168,0,0,168,NO,First ledger beginning is not 0
US1971,259,259,YES,2026-01,259,0,0,259,NO,First ledger beginning is not 0
US1972,1312,1312,YES,2026-01,1312,0,0,1312,NO,First ledger beginning is not 0
US1975,45,0,YES,2026-01,0,45,45,45,YES,
US1977,300,300,YES,2026-01,300,0,0,300,NO,First ledger beginning is not 0
US1978,2,29,YES,2026-01,37,-35,0,29,NO,First ledger beginning is not 0
US1980,283,128,YES,2026-01,0,283,283,411,YES,
US1982,104,104,YES,2026-01,104,0,0,104,NO,First ledger beginning is not 0
US1987,1574,34,YES,2026-01,19,1555,0,34,NO,First ledger beginning is not 0
US1988,938,955,YES,2026-01,938,0,0,955,NO,First ledger beginning is not 0
US1989,277,103,YES,2026-01,103,174,0,103,NO,First ledger beginning is not 0
US1990,745,0,YES,2026-01,0,745,745,745,YES,
US1994,362,362,YES,2026-01,362,0,0,362,NO,First ledger beginning is not 0
US1997,633,633,YES,2026-01,633,0,0,633,NO,First ledger beginning is not 0
US1998,216,216,YES,2026-01,216,0,0,216,NO,First ledger beginning is not 0
US2000,168,168,YES,2026-01,168,0,0,168,NO,First ledger beginning is not 0
US2001,33,33,YES,2026-01,33,0,0,33,NO,First ledger beginning is not 0
US2002,0,0,YES,2026-01,0,0,0,0,NO,Starting balance is 0 or negative
US2003,589,589,YES,2026-01,589,0,0,589,NO,First ledger beginning is not 0
US2005,254,254,YES,2026-01,254,0,0,254,NO,First ledger beginning is not 0
US2006,25,25,YES,2026-01,25,0,0,25,NO,First ledger beginning is not 0
US2007,2108,2108,YES,2026-01,2108,0,0,2108,NO,First ledger beginning is not 0
US2008,1249,274,YES,2026-01,19,1230,0,274,NO,First ledger beginning is not 0
US2009,1537,1570,YES,2026-01,1554,-17,0,1570,NO,First ledger beginning is not 0
US2011,233,233,YES,2026-01,233,0,0,233,NO,First ledger beginning is not 0
US2013,206,206,YES,2026-01,206,0,0,206,NO,First ledger beginning is not 0
US2014,252,252,YES,2026-01,252,0,0,252,NO,First ledger beginning is not 0
US2015,97,97,YES,2026-01,97,0,0,97,NO,First ledger beginning is not 0
US2016,159,159,YES,2026-01,159,0,0,159,NO,First ledger beginning is not 0
US2018,540,559,YES,2026-01,540,0,0,559,NO,First ledger beginning is not 0
US2021,244,244,YES,2026-01,244,0,0,244,NO,First ledger beginning is not 0
US2026,54,54,YES,2026-01,54,0,0,54,NO,First ledger beginning is not 0
US209981,0,0,NO,,0,0,0,0,NO,Starting balance is 0 or negative
US21275,0,,NO,,,,0,,NO,Missing SR customer record
US215950,0,0,NO,,0,0,0,0,NO,Starting balance is 0 or negative
US227704,0,0,NO,,0,0,0,0,NO,Starting balance is 0 or negative
US229,2172,0,YES,2026-02,0,2172,2172,2172,YES,
US230,121,121,YES,2026-02,121,0,0,121,NO,First ledger beginning is not 0
US231,7900,8165,YES,2026-02,0,7900,7900,16065,YES,
US233,1224,154,YES,2026-02,0,1224,1224,1378,YES,
US234,889,904,YES,2026-02,904,-15,0,904,NO,First ledger beginning is not 0
US235,551,0,YES,2026-02,0,551,551,551,YES,
US23574,0,,NO,,,,0,,NO,Missing SR customer record
US236,7,303,YES,2026-02,236,-229,0,303,NO,First ledger beginning is not 0
US237,1078,1395,YES,2026-02,1184,-106,0,1395,NO,First ledger beginning is not 0
US238,1171,17,YES,2026-02,0,1171,1171,1188,YES,
US239,37,37,YES,2026-02,37,0,0,37,NO,First ledger beginning is not 0
US240,21,36,YES,2026-02,36,-15,0,36,NO,First ledger beginning is not 0
US240624,0,0,NO,,0,0,0,0,NO,Starting balance is 0 or negative
US241,240,240,YES,2026-02,240,0,0,240,NO,First ledger beginning is not 0
US241366,0,33,NO,,0,0,0,33,NO,Starting balance is 0 or negative
US2418,1276,1276,YES,,0,1276,1276,2552,YES,
US2419,600,600,YES,,0,600,600,1200,YES,
US242,552,581,YES,2026-02,552,0,0,581,NO,First ledger beginning is not 0
US2420,800,800,YES,,0,800,800,1600,YES,
US242319,0,0,NO,,0,0,0,0,NO,Starting balance is 0 or negative
US2429,1730,118,YES,2026-01,0,1730,1730,1848,YES,
US243,19,40,YES,2026-02,0,19,19,59,YES,
US2430,14,16,YES,2026-01,0,14,14,30,YES,
US2431,83,83,YES,2026-01,83,0,0,83,NO,First ledger beginning is not 0
US2433,14,63,YES,2026-01,46,-32,0,63,NO,First ledger beginning is not 0
US2434,21,8,YES,2026-01,0,21,21,29,YES,
US2435,7,50,YES,2026-01,7,0,0,50,NO,First ledger beginning is not 0
US2436,4010,50,YES,2026-01,22,3988,0,50,NO,First ledger beginning is not 0
US2437,336,336,YES,2026-01,336,0,0,336,NO,First ledger beginning is not 0
US2438,43,43,YES,2026-01,43,0,0,43,NO,First ledger beginning is not 0
US2439,370,370,YES,2026-01,370,0,0,370,NO,First ledger beginning is not 0
US244,1712,27,YES,2026-02,27,1685,0,27,NO,First ledger beginning is not 0
US2440,48,48,YES,2026-01,48,0,0,48,NO,First ledger beginning is not 0
US2441,46,43,YES,2026-01,0,46,46,89,YES,
US2442,692,692,YES,2026-01,692,0,0,692,NO,First ledger beginning is not 0
US2443,154,154,YES,2026-01,154,0,0,154,NO,First ledger beginning is not 0
US2444,425,425,YES,2026-01,425,0,0,425,NO,First ledger beginning is not 0
US2445,98,80,YES,2026-01,0,98,98,178,YES,
US2446,19,51,YES,2026-01,0,19,19,70,YES,
US244659,0,1280,YES,2026-03,0,0,0,1280,NO,Starting balance is 0 or negative
US2447,3,3,YES,2026-01,3,0,0,3,NO,First ledger beginning is not 0
US2448,2360,2849,YES,2026-01,0,2360,2360,5209,YES,
US2449,770,770,YES,2026-01,770,0,0,770,NO,First ledger beginning is not 0
US245,326,86,YES,2026-02,0,326,326,412,YES,
US245110,0,,NO,,,,0,,NO,Missing SR customer record
US2452,1,0,YES,2026-01,0,1,1,1,YES,
US2454,1682,154,YES,2026-01,0,1682,1682,1836,YES,
US2455,1594,1695,YES,2026-01,1695,-101,0,1695,NO,First ledger beginning is not 0
US245515,0,27,YES,2026-03,0,0,0,27,NO,Starting balance is 0 or negative
US2456,818,30,YES,2026-01,0,818,818,848,YES,
US2457,1309,960,YES,2026-01,0,1309,1309,2269,YES,
US2458,279,279,YES,2026-01,279,0,0,279,NO,First ledger beginning is not 0
US2459,21683,2766,YES,2026-01,0,21683,21683,24449,YES,
US2460,767,374,YES,2026-01,374,393,0,374,NO,First ledger beginning is not 0
US2461,340,340,YES,2026-01,340,0,0,340,NO,First ledger beginning is not 0
US2463,101,101,YES,2026-01,101,0,0,101,NO,First ledger beginning is not 0
US2465,207,207,YES,2026-01,207,0,0,207,NO,First ledger beginning is not 0
US2466,186,186,YES,2026-01,186,0,0,186,NO,First ledger beginning is not 0
US2467,76,76,YES,2026-01,76,0,0,76,NO,First ledger beginning is not 0
US2469,1723,1787,YES,2026-01,1749,-26,0,1787,NO,First ledger beginning is not 0
US247,676,676,YES,2026-02,676,0,0,676,NO,First ledger beginning is not 0
US2470,39,39,YES,2026-01,39,0,0,39,NO,First ledger beginning is not 0
US2471,516,531,YES,2026-01,516,0,0,531,NO,First ledger beginning is not 0
US2474,337,337,YES,2026-01,337,0,0,337,NO,First ledger beginning is not 0
US2476,287,287,YES,2026-01,287,0,0,287,NO,First ledger beginning is not 0
US2477,1872,122,YES,2026-01,16,1856,0,122,NO,First ledger beginning is not 0
US2478,24,41,YES,2026-01,24,0,0,41,NO,First ledger beginning is not 0
US248,73,32,YES,2026-02,32,41,0,32,NO,First ledger beginning is not 0
US2481,319,319,YES,2026-01,319,0,0,319,NO,First ledger beginning is not 0
US2482,296,176,YES,2026-01,0,296,296,472,YES,
US2483,476,528,YES,2026-01,476,0,0,528,NO,First ledger beginning is not 0
US2484,179,19,YES,2026-01,19,160,0,19,NO,First ledger beginning is not 0
US2487,884,884,YES,2026-01,884,0,0,884,NO,First ledger beginning is not 0
US2488,1279,63,YES,2026-01,0,1279,1279,1342,YES,
US249,4149,127,YES,2026-02,0,4149,4149,4276,YES,
US2490,139,139,YES,2026-01,139,0,0,139,NO,First ledger beginning is not 0
US2491,97,128,YES,2026-01,97,0,0,128,NO,First ledger beginning is not 0
US2492,15,29,YES,2026-01,0,15,15,44,YES,
US2494,253,253,YES,2026-01,253,0,0,253,NO,First ledger beginning is not 0
US2495,2000,1005,YES,2026-01,0,2000,2000,3005,YES,
US2496,142,164,YES,2026-01,142,0,0,164,NO,First ledger beginning is not 0
US2498,186,186,YES,2026-01,186,0,0,186,NO,First ledger beginning is not 0
US2499,460,460,YES,2026-01,460,0,0,460,NO,First ledger beginning is not 0
US250,716,716,YES,2026-02,716,0,0,716,NO,First ledger beginning is not 0
US2500,529,529,YES,2026-01,529,0,0,529,NO,First ledger beginning is not 0
US2502,206,206,YES,2026-01,206,0,0,206,NO,First ledger beginning is not 0
US2504,339,339,YES,2026-01,339,0,0,339,NO,First ledger beginning is not 0
US2505,151,32,YES,2026-01,0,151,151,183,YES,
US2508,41,41,YES,2026-01,41,0,0,41,NO,First ledger beginning is not 0
US2509,171,171,YES,2026-01,171,0,0,171,NO,First ledger beginning is not 0
US251,1158,987,YES,2026-02,1520,-362,0,987,NO,First ledger beginning is not 0
US2511,1808,82,YES,2026-01,0,1808,1808,1890,YES,
US2512,650,668,YES,2026-01,668,-18,0,668,NO,First ledger beginning is not 0
US2513,149,149,YES,2026-01,149,0,0,149,NO,First ledger beginning is not 0
US251334,0,0,NO,,0,0,0,0,NO,Starting balance is 0 or negative
US2514,44,44,YES,2026-01,44,0,0,44,NO,First ledger beginning is not 0
US2515,310,310,YES,2026-01,310,0,0,310,NO,First ledger beginning is not 0
US2517,915,939,YES,2026-01,915,0,0,939,NO,First ledger beginning is not 0
US2518,11,11,YES,2026-01,11,0,0,11,NO,First ledger beginning is not 0
US252,2244,2309,YES,2026-02,2309,-65,0,2309,NO,First ledger beginning is not 0
US2521,7,1326,YES,2026-01,0,7,7,1333,YES,
US2522,756,787,YES,2026-01,787,-31,0,787,NO,First ledger beginning is not 0
US2524,105,0,YES,2026-01,0,105,105,105,YES,
US2525,2893,156,YES,2026-01,0,2893,2893,3049,YES,
US2526,1,156,YES,2026-01,0,1,1,157,YES,
US2527,46,46,YES,2026-01,46,0,0,46,NO,First ledger beginning is not 0
US2528,1023,1023,YES,2026-01,1023,0,0,1023,NO,First ledger beginning is not 0
US2529,56,76,YES,2026-01,76,-20,0,76,NO,First ledger beginning is not 0
US253,53,320,YES,2026-02,320,-267,0,320,NO,First ledger beginning is not 0
US2531,287,287,YES,2026-01,287,0,0,287,NO,First ledger beginning is not 0
US2533,223,223,YES,2026-01,223,0,0,223,NO,First ledger beginning is not 0
US2535,65,90,YES,2026-01,90,-25,0,90,NO,First ledger beginning is not 0
US2537,283,283,YES,2026-01,283,0,0,283,NO,First ledger beginning is not 0
US2538,132,132,YES,2026-01,132,0,0,132,NO,First ledger beginning is not 0
US2539,28,28,YES,2026-01,28,0,0,28,NO,First ledger beginning is not 0
US254,498,539,YES,2026-02,521,-23,0,539,NO,First ledger beginning is not 0
US2540,1172,61,YES,2026-01,0,1172,1172,1233,YES,
US2541,427,427,YES,2026-01,427,0,0,427,NO,First ledger beginning is not 0
US2542,246,246,YES,2026-01,246,0,0,246,NO,First ledger beginning is not 0
US2544,663,19,YES,2026-01,19,644,0,19,NO,First ledger beginning is not 0
US2545,1220,1263,YES,2026-01,1220,0,0,1263,NO,First ledger beginning is not 0
US2546,550,582,YES,2026-01,550,0,0,582,NO,First ledger beginning is not 0
US2547,217,217,YES,2026-01,217,0,0,217,NO,First ledger beginning is not 0
US255,474,474,YES,2026-02,474,0,0,474,NO,First ledger beginning is not 0
US2550,32,32,YES,2026-01,32,0,0,32,NO,First ledger beginning is not 0
US2551,330,330,YES,2026-01,330,0,0,330,NO,First ledger beginning is not 0
US2552,161,161,YES,2026-01,161,0,0,161,NO,First ledger beginning is not 0
US2553,2,27,YES,2026-01,27,-25,0,27,NO,First ledger beginning is not 0
US2554,11764,366,YES,2026-01,0,11764,11764,12130,YES,
US2555,295,310,YES,2026-01,310,-15,0,310,NO,First ledger beginning is not 0
US2556,1788,1820,YES,2026-01,1788,0,0,1820,NO,First ledger beginning is not 0
US2558,90,90,YES,2026-01,90,0,0,90,NO,First ledger beginning is not 0
US2559,637,217,YES,2026-01,0,637,637,854,YES,
US256,233,233,YES,2026-02,233,0,0,233,NO,First ledger beginning is not 0
US2560,2237,2258,YES,2026-01,0,2237,2237,4495,YES,
US2561,132,165,YES,2026-01,149,-17,0,165,NO,First ledger beginning is not 0
US2562,10,10,YES,2026-01,10,0,0,10,NO,First ledger beginning is not 0
US2563,1722,0,YES,2026-01,0,1722,1722,1722,YES,
US2564,3924,0,YES,2026-01,0,3924,3924,3924,YES,
US2565,184,184,YES,2026-01,184,0,0,184,NO,First ledger beginning is not 0
US2566,942,942,YES,2026-01,942,0,0,942,NO,First ledger beginning is not 0
US2567,70,41,YES,2026-01,26,44,0,41,NO,First ledger beginning is not 0
US2568,1035,1367,YES,2026-01,1145,-110,0,1367,NO,First ledger beginning is not 0
US257,616,109,YES,2026-02,0,616,616,725,YES,
US2570,562,562,YES,2026-01,562,0,0,562,NO,First ledger beginning is not 0
US2571,32,32,YES,2026-01,32,0,0,32,NO,First ledger beginning is not 0
US2572,22,22,YES,2026-01,22,0,0,22,NO,First ledger beginning is not 0
US2573,964,0,YES,2026-01,0,964,964,964,YES,
US2575,33,33,YES,2026-01,33,0,0,33,NO,First ledger beginning is not 0
US2578,663,723,YES,2026-01,0,663,663,1386,YES,
US2579,73,119,YES,2026-01,73,0,0,119,NO,First ledger beginning is not 0
US258,111,33,YES,2026-02,0,111,111,144,YES,
US2580,302,302,YES,2026-01,302,0,0,302,NO,First ledger beginning is not 0
US2582,311,311,YES,2026-01,311,0,0,311,NO,First ledger beginning is not 0
US2583,1849,1731,YES,2026-01,0,1849,1849,3580,YES,
US2584,774,774,YES,2026-01,774,0,0,774,NO,First ledger beginning is not 0
US2585,259,259,YES,2026-01,259,0,0,259,NO,First ledger beginning is not 0
US2586,113,63,YES,2026-01,0,113,113,176,YES,
US2587,13,13,YES,2026-01,13,0,0,13,NO,First ledger beginning is not 0
US259,1743,1743,YES,2026-02,1743,0,0,1743,NO,First ledger beginning is not 0
US2591,210,210,YES,2026-01,210,0,0,210,NO,First ledger beginning is not 0
US2592,464,508,YES,2026-01,464,0,0,508,NO,First ledger beginning is not 0
US2593,167,184,YES,2026-01,167,0,0,184,NO,First ledger beginning is not 0
US259451,0,0,NO,,0,0,0,0,NO,Starting balance is 0 or negative
US2596,34,34,YES,2026-01,34,0,0,34,NO,First ledger beginning is not 0
US2597,162,162,YES,2026-01,162,0,0,162,NO,First ledger beginning is not 0
US2599,382,382,YES,2026-01,382,0,0,382,NO,First ledger beginning is not 0
US260,168,168,YES,2026-02,168,0,0,168,NO,First ledger beginning is not 0
US2600,123,123,YES,2026-01,123,0,0,123,NO,First ledger beginning is not 0
US2601,0,0,YES,2026-01,0,0,0,0,NO,Starting balance is 0 or negative
US2602,119,119,YES,2026-01,119,0,0,119,NO,First ledger beginning is not 0
US2603,428,611,YES,2026-01,0,428,428,1039,YES,
US2604,90,107,YES,2026-01,90,0,0,107,NO,First ledger beginning is not 0
US2605,161,161,YES,2026-01,161,0,0,161,NO,First ledger beginning is not 0
US2606,359,38,YES,2026-01,0,359,359,397,YES,
US2607,129,129,YES,2026-01,129,0,0,129,NO,First ledger beginning is not 0
US2608,1099,1099,YES,2026-01,1099,0,0,1099,NO,First ledger beginning is not 0
US261,15,764,YES,2026-02,0,15,15,779,YES,
US2610,1133,0,YES,2026-01,0,1133,1133,1133,YES,
US2611,2207,105,YES,2026-01,0,2207,2207,2312,YES,
US2614,77,77,YES,2026-01,77,0,0,77,NO,First ledger beginning is not 0
US2615,79,96,YES,2026-01,96,-17,0,96,NO,First ledger beginning is not 0
US2616,29,20,YES,2026-01,0,29,29,49,YES,
US2617,487,505,YES,2026-01,487,0,0,505,NO,First ledger beginning is not 0
US2618,170,170,YES,2026-01,170,0,0,170,NO,First ledger beginning is not 0
US2619,41,41,YES,2026-01,41,0,0,41,NO,First ledger beginning is not 0
US262,142,142,YES,2026-02,142,0,0,142,NO,First ledger beginning is not 0
US2620,10,10,YES,2026-01,10,0,0,10,NO,First ledger beginning is not 0
US262118,0,,NO,,,,0,,NO,Missing SR customer record
US2622,165,165,YES,2026-01,165,0,0,165,NO,First ledger beginning is not 0
US2623,853,871,YES,2026-01,871,-18,0,871,NO,First ledger beginning is not 0
US2624,159,159,YES,2026-01,159,0,0,159,NO,First ledger beginning is not 0
US2625,252,268,YES,2026-01,252,0,0,268,NO,First ledger beginning is not 0
US2626,19,19,YES,2026-01,19,0,0,19,NO,First ledger beginning is not 0
US2627,129,190,YES,2026-01,0,129,129,319,YES,
US2628,31,31,YES,2026-01,31,0,0,31,NO,First ledger beginning is not 0
US2629,543,543,YES,2026-01,543,0,0,543,NO,First ledger beginning is not 0
US262961,0,,NO,,,,0,,NO,Missing SR customer record
US263,462,462,YES,2026-02,462,0,0,462,NO,First ledger beginning is not 0
US2630,34,118,YES,2026-01,97,-63,0,118,NO,First ledger beginning is not 0
US2632,186,186,YES,2026-01,186,0,0,186,NO,First ledger beginning is not 0
US2633,2144,2144,YES,2026-01,2144,0,0,2144,NO,First ledger beginning is not 0
US2634,2023,2023,YES,2026-01,2023,0,0,2023,NO,First ledger beginning is not 0
US2635,42,42,YES,2026-01,42,0,0,42,NO,First ledger beginning is not 0
US2636,180,180,YES,2026-01,180,0,0,180,NO,First ledger beginning is not 0
US2639,23,23,YES,2026-01,23,0,0,23,NO,First ledger beginning is not 0
US264,2,74,YES,2026-02,0,2,2,76,YES,
US2640,33,33,YES,2026-01,33,0,0,33,NO,First ledger beginning is not 0
US2641,830,830,YES,2026-01,830,0,0,830,NO,First ledger beginning is not 0
US2642,79,79,YES,2026-01,79,0,0,79,NO,First ledger beginning is not 0
US2644,30,75,YES,2026-01,0,30,30,105,YES,
US2645,155,155,YES,2026-01,155,0,0,155,NO,First ledger beginning is not 0
US2646,153,153,YES,2026-01,153,0,0,153,NO,First ledger beginning is not 0
US2649,28,28,YES,2026-01,28,0,0,28,NO,First ledger beginning is not 0
US265,449,449,YES,2026-02,449,0,0,449,NO,First ledger beginning is not 0
US2650,158,158,YES,2026-01,158,0,0,158,NO,First ledger beginning is not 0
US2652,94,94,YES,2026-01,94,0,0,94,NO,First ledger beginning is not 0
US2653,219,219,YES,2026-01,219,0,0,219,NO,First ledger beginning is not 0
US2654,633,633,YES,2026-01,633,0,0,633,NO,First ledger beginning is not 0
US2656,122,26,YES,2026-01,0,122,122,148,YES,
US2658,50,50,YES,2026-01,50,0,0,50,NO,First ledger beginning is not 0
US2659,156,156,YES,2026-01,156,0,0,156,NO,First ledger beginning is not 0
US266,0,354,YES,2026-02,0,0,0,354,NO,Starting balance is 0 or negative
US2660,27,27,YES,2026-01,27,0,0,27,NO,First ledger beginning is not 0
US2661,399,399,YES,2026-01,399,0,0,399,NO,First ledger beginning is not 0
US266245,0,20,NO,,0,0,0,20,NO,Starting balance is 0 or negative
US2663,448,465,YES,2026-01,448,0,0,465,NO,First ledger beginning is not 0
US2664,144,144,YES,2026-01,144,0,0,144,NO,First ledger beginning is not 0
US2665,928,1126,YES,2026-01,0,928,928,2054,YES,
US2667,46,46,YES,2026-01,46,0,0,46,NO,First ledger beginning is not 0
US2668,379,379,YES,2026-01,379,0,0,379,NO,First ledger beginning is not 0
US267,11,11,YES,2026-02,11,0,0,11,NO,First ledger beginning is not 0
US2672,115,115,YES,2026-01,115,0,0,115,NO,First ledger beginning is not 0
US2673,15,15,YES,2026-01,15,0,0,15,NO,First ledger beginning is not 0
US2674,5257,6803,YES,2026-01,5257,0,0,6803,NO,First ledger beginning is not 0
US2675,548,548,YES,2026-01,548,0,0,548,NO,First ledger beginning is not 0
US2676,1186,69,YES,2026-01,0,1186,1186,1255,YES,
US2677,1341,1603,YES,2026-01,1341,0,0,1603,NO,First ledger beginning is not 0
US2678,6,42,YES,2026-01,24,-18,0,42,NO,First ledger beginning is not 0
US267875,0,0,YES,2026-03,0,0,0,0,NO,Starting balance is 0 or negative
US268,4,87,YES,2026-02,40,-36,0,87,NO,First ledger beginning is not 0
US2682,535,535,YES,2026-01,535,0,0,535,NO,First ledger beginning is not 0
US2683,308,308,YES,2026-01,308,0,0,308,NO,First ledger beginning is not 0
US2684,183,183,YES,2026-01,183,0,0,183,NO,First ledger beginning is not 0
US2687,655,689,YES,2026-01,671,-16,0,689,NO,First ledger beginning is not 0
US2688,77,77,YES,2026-01,77,0,0,77,NO,First ledger beginning is not 0
US269,579,658,YES,2026-02,658,-79,0,658,NO,First ledger beginning is not 0
US2690,299,299,YES,2026-01,299,0,0,299,NO,First ledger beginning is not 0
US2691,144,144,YES,2026-01,144,0,0,144,NO,First ledger beginning is not 0
US2692,13,113,YES,2026-01,0,13,13,126,YES,
US2693,26,195,YES,2026-01,0,26,26,221,YES,
US2695,3832,36,YES,2026-01,36,3796,0,36,NO,First ledger beginning is not 0
US2696,60,60,YES,2026-01,60,0,0,60,NO,First ledger beginning is not 0
US2698,42,63,YES,2026-01,42,0,0,63,NO,First ledger beginning is not 0
US2699,433,433,YES,2026-01,433,0,0,433,NO,First ledger beginning is not 0
US270,1,46,YES,2026-02,26,-25,0,46,NO,First ledger beginning is not 0
US2700,353,353,YES,2026-01,353,0,0,353,NO,First ledger beginning is not 0
US2701,23,23,YES,2026-01,23,0,0,23,NO,First ledger beginning is not 0
US2703,139,139,YES,2026-01,139,0,0,139,NO,First ledger beginning is not 0
US2704,12902,12603,YES,2026-01,12902,0,0,12603,NO,First ledger beginning is not 0
US2705,603,603,YES,2026-01,603,0,0,603,NO,First ledger beginning is not 0
US2706,2667,2667,YES,2026-01,2667,0,0,2667,NO,First ledger beginning is not 0
US2707,311,311,YES,2026-01,311,0,0,311,NO,First ledger beginning is not 0
US2708,202,202,YES,2026-01,202,0,0,202,NO,First ledger beginning is not 0
US2709,151,168,YES,2026-01,151,0,0,168,NO,First ledger beginning is not 0
US2710,22,22,YES,2026-01,22,0,0,22,NO,First ledger beginning is not 0
US2711,591,1576,YES,2026-01,591,0,0,1576,NO,First ledger beginning is not 0
US2712,301,351,YES,2026-01,0,301,301,652,YES,
US2713,928,46,YES,2026-01,0,928,928,974,YES,
US2717,350,350,YES,2026-01,350,0,0,350,NO,First ledger beginning is not 0
US2718,941,965,YES,2026-01,965,-24,0,965,NO,First ledger beginning is not 0
US2721,3066,3066,YES,2026-01,3066,0,0,3066,NO,First ledger beginning is not 0
US2722,780,894,YES,2026-01,780,0,0,894,NO,First ledger beginning is not 0
US2723,12,12,YES,2026-01,12,0,0,12,NO,First ledger beginning is not 0
US2724,10,31,YES,2026-01,10,0,0,31,NO,First ledger beginning is not 0
US2727,677,692,YES,2026-01,677,0,0,692,NO,First ledger beginning is not 0
US2728,790,790,YES,2026-01,790,0,0,790,NO,First ledger beginning is not 0
US2729,787,787,YES,2026-01,787,0,0,787,NO,First ledger beginning is not 0
US273,781,890,YES,2026-02,800,-19,0,890,NO,First ledger beginning is not 0
US2730,1703,1563,YES,2026-01,1703,0,0,1563,NO,First ledger beginning is not 0
US2731,30,30,YES,2026-01,30,0,0,30,NO,First ledger beginning is not 0
US2732,0,0,YES,2026-01,0,0,0,0,NO,Starting balance is 0 or negative
US2733,310,570,YES,2026-01,0,310,310,880,YES,
US2734,441,441,YES,2026-01,441,0,0,441,NO,First ledger beginning is not 0
US2736,250,250,YES,2026-01,250,0,0,250,NO,First ledger beginning is not 0
US2737,470,492,YES,2026-02,470,0,0,492,NO,First ledger beginning is not 0
US2738,382,382,YES,2026-01,382,0,0,382,NO,First ledger beginning is not 0
US2739,213,213,YES,2026-01,213,0,0,213,NO,First ledger beginning is not 0
US274,135,135,YES,2026-02,135,0,0,135,NO,First ledger beginning is not 0
US2741,199,199,YES,2026-01,199,0,0,199,NO,First ledger beginning is not 0
US2742,414,414,YES,2026-01,414,0,0,414,NO,First ledger beginning is not 0
US2743,3816,4255,YES,2026-01,3816,0,0,4255,NO,First ledger beginning is not 0
US2745,217,42,YES,2026-01,42,175,0,42,NO,First ledger beginning is not 0
US274691,0,140,YES,2026-03,119,-119,0,140,NO,Starting balance is 0 or negative
US2747,108,108,YES,2026-01,108,0,0,108,NO,First ledger beginning is not 0
US2748,417,434,YES,2026-01,417,0,0,434,NO,First ledger beginning is not 0
US2749,1,1544,YES,2026-01,0,1,1,1545,YES,
US275,40,263,YES,2026-02,0,40,40,303,YES,
US2750,179,198,YES,2026-01,198,-19,0,198,NO,First ledger beginning is not 0
US2752,74,74,YES,2026-01,74,0,0,74,NO,First ledger beginning is not 0
US2753,12,12,YES,2026-01,12,0,0,12,NO,First ledger beginning is not 0
US2754,2137,0,YES,2026-01,0,2137,2137,2137,YES,
US2755,208,208,YES,2026-01,208,0,0,208,NO,First ledger beginning is not 0
US2756,1250,1250,YES,2026-01,1250,0,0,1250,NO,First ledger beginning is not 0
US2758,129,145,YES,2026-01,145,-16,0,145,NO,First ledger beginning is not 0
US2759,11,11,YES,2026-01,11,0,0,11,NO,First ledger beginning is not 0
US276,524,1286,YES,2026-02,790,-266,0,1286,NO,First ledger beginning is not 0
US2760,30,50,YES,2026-01,30,0,0,50,NO,First ledger beginning is not 0
US2762,27,27,YES,2026-01,27,0,0,27,NO,First ledger beginning is not 0
US2763,244,244,YES,2026-01,244,0,0,244,NO,First ledger beginning is not 0
US2764,506,541,YES,2026-01,506,0,0,541,NO,First ledger beginning is not 0
US2766,244,244,YES,2026-01,244,0,0,244,NO,First ledger beginning is not 0
US2769,349,998,YES,2026-01,0,349,349,1347,YES,
US277,278,278,YES,2026-02,278,0,0,278,NO,First ledger beginning is not 0
US2770,814,127,YES,2026-01,105,709,0,127,NO,First ledger beginning is not 0
US2771,75,75,YES,2026-01,75,0,0,75,NO,First ledger beginning is not 0
US2772,229,229,YES,2026-01,229,0,0,229,NO,First ledger beginning is not 0
US2773,4,4,YES,2026-01,4,0,0,4,NO,First ledger beginning is not 0
US2774,275,84,YES,2026-01,0,275,275,359,YES,
US2775,2612,49,YES,2026-01,0,2612,2612,2661,YES,
US2776,207,207,YES,2026-01,207,0,0,207,NO,First ledger beginning is not 0
US2777,3714,3714,YES,2026-01,3714,0,0,3714,NO,First ledger beginning is not 0
US2778,0,30,YES,2026-01,0,0,0,30,NO,Starting balance is 0 or negative
US2779,993,993,YES,2026-01,993,0,0,993,NO,First ledger beginning is not 0
US278,702,603,YES,2026-02,0,702,702,1305,YES,
US2783,480,480,YES,2026-01,480,0,0,480,NO,First ledger beginning is not 0
US2787,24,64,YES,2026-01,0,24,24,88,YES,
US279,404,30,YES,2026-02,30,374,0,30,NO,First ledger beginning is not 0
US2790,15,0,YES,2026-01,0,15,15,15,YES,
US2791,819,819,YES,2026-01,819,0,0,819,NO,First ledger beginning is not 0
US2792,1656,1689,YES,2026-01,1671,-15,0,1689,NO,First ledger beginning is not 0
US2795,254,178,YES,2026-01,0,254,254,432,YES,
US2796,858,738,YES,2026-01,0,858,858,1596,YES,
US2797,1340,1358,YES,2026-01,1340,0,0,1358,NO,First ledger beginning is not 0
US2798,789,789,YES,2026-01,789,0,0,789,NO,First ledger beginning is not 0
US280,716,716,YES,2026-02,716,0,0,716,NO,First ledger beginning is not 0
US2800,1421,0,YES,2026-01,0,1421,1421,1421,YES,
US2801,422,422,YES,2026-01,422,0,0,422,NO,First ledger beginning is not 0
US2802,645,645,YES,2026-01,645,0,0,645,NO,First ledger beginning is not 0
US2804,732,732,YES,2026-01,732,0,0,732,NO,First ledger beginning is not 0
US2806,150,150,YES,2026-01,150,0,0,150,NO,First ledger beginning is not 0
US2808,2668,42,YES,2026-01,22,2646,0,42,NO,First ledger beginning is not 0
US2809,171,171,YES,2026-01,171,0,0,171,NO,First ledger beginning is not 0
US281,9,19,YES,2026-02,0,9,9,28,YES,
US2810,728,1518,YES,2026-01,0,728,728,2246,YES,
US2811,2821,302,YES,2026-01,0,2821,2821,3123,YES,
US2812,632,632,YES,2026-01,632,0,0,632,NO,First ledger beginning is not 0
US2813,44,44,YES,2026-01,44,0,0,44,NO,First ledger beginning is not 0
US2815,56,56,YES,2026-01,56,0,0,56,NO,First ledger beginning is not 0
US2817,2506,168,YES,2026-01,0,2506,2506,2674,YES,
US2818,309,327,YES,2026-01,309,0,0,327,NO,First ledger beginning is not 0
US2819,400,400,YES,2026-01,400,0,0,400,NO,First ledger beginning is not 0
US282,1619,1668,YES,2026-02,0,1619,1619,3287,YES,
US2821,594,594,YES,2026-01,594,0,0,594,NO,First ledger beginning is not 0
US2822,10684,0,YES,2026-01,0,10684,10684,10684,YES,
US2824,131,61,YES,2026-01,0,131,131,192,YES,
US2826,651,668,YES,2026-01,651,0,0,668,NO,First ledger beginning is not 0
US2827,1217,1217,YES,2026-01,1217,0,0,1217,NO,First ledger beginning is not 0
US2828,1614,1633,YES,2026-01,1633,-19,0,1633,NO,First ledger beginning is not 0
US283,59,59,YES,2026-02,59,0,0,59,NO,First ledger beginning is not 0
US2830,5,123,YES,2026-01,0,5,5,128,YES,
US2831,1444,1444,YES,2026-01,1444,0,0,1444,NO,First ledger beginning is not 0
US2832,100,100,YES,2026-01,100,0,0,100,NO,First ledger beginning is not 0
US2833,482,482,YES,2026-01,482,0,0,482,NO,First ledger beginning is not 0
US2834,515,534,YES,2026-01,534,-19,0,534,NO,First ledger beginning is not 0
US2835,1145,1145,YES,2026-01,1145,0,0,1145,NO,First ledger beginning is not 0
US2838,1274,1274,YES,2026-01,1274,0,0,1274,NO,First ledger beginning is not 0
US2839,6,24,YES,2026-01,0,6,6,30,YES,
US284,500,7,YES,2026-02,490,10,0,7,NO,First ledger beginning is not 0
US2840,886,904,YES,2026-01,886,0,0,904,NO,First ledger beginning is not 0
US2841,802,36,YES,2026-01,0,802,802,838,YES,
US2842,258,0,YES,2026-01,0,258,258,258,YES,
US2843,566,566,YES,2026-01,566,0,0,566,NO,First ledger beginning is not 0
US2844,234,234,YES,2026-01,234,0,0,234,NO,First ledger beginning is not 0
US2846,1219,1219,YES,2026-01,1219,0,0,1219,NO,First ledger beginning is not 0
US2847,712,733,YES,2026-01,712,0,0,733,NO,First ledger beginning is not 0
US2849,273,307,YES,2026-01,307,-34,0,307,NO,First ledger beginning is not 0
US285,1507,0,YES,2026-02,0,1507,1507,1507,YES,
US2850,1472,1472,YES,2026-01,1472,0,0,1472,NO,First ledger beginning is not 0
US2851,114,114,YES,2026-01,114,0,0,114,NO,First ledger beginning is not 0
US2852,1584,3039,YES,2026-01,1584,0,0,3039,NO,First ledger beginning is not 0
US2853,1720,1662,YES,2026-01,0,1720,1720,3382,YES,
US2854,498,498,YES,2026-01,498,0,0,498,NO,First ledger beginning is not 0
US2855,143,143,YES,2026-01,143,0,0,143,NO,First ledger beginning is not 0
US2858,262,262,YES,2026-01,262,0,0,262,NO,First ledger beginning is not 0
US286,4,29,YES,2026-02,0,4,4,33,YES,
US2860,120,120,YES,2026-01,120,0,0,120,NO,First ledger beginning is not 0
US2861,243,243,YES,2026-01,243,0,0,243,NO,First ledger beginning is not 0
US2862,392,390,YES,2026-01,392,0,0,390,NO,First ledger beginning is not 0
US2863,82,82,YES,2026-01,82,0,0,82,NO,First ledger beginning is not 0
US2865,1106,1106,YES,2026-01,1106,0,0,1106,NO,First ledger beginning is not 0
US2866,5527,906,YES,2026-01,0,5527,5527,6433,YES,
US2867,1537,1537,YES,2026-01,1537,0,0,1537,NO,First ledger beginning is not 0
US287,10,10,YES,2026-02,10,0,0,10,NO,First ledger beginning is not 0
US2870,349,349,YES,2026-01,349,0,0,349,NO,First ledger beginning is not 0
US2872,1471,1471,YES,2026-01,1471,0,0,1471,NO,First ledger beginning is not 0
US2874,1113,1144,YES,2026-01,1144,-31,0,1144,NO,First ledger beginning is not 0
US2875,309,557,YES,2026-01,0,309,309,866,YES,
US2876,19,38,YES,2026-01,19,0,0,38,NO,First ledger beginning is not 0
US288,1,1,YES,2026-02,1,0,0,1,NO,First ledger beginning is not 0
US2881,454,454,YES,2026-01,454,0,0,454,NO,First ledger beginning is not 0
US2882,184,184,YES,2026-01,184,0,0,184,NO,First ledger beginning is not 0
US2883,692,692,YES,2026-01,692,0,0,692,NO,First ledger beginning is not 0
US2885,275,275,YES,2026-01,275,0,0,275,NO,First ledger beginning is not 0
US2886,99,99,YES,2026-01,99,0,0,99,NO,First ledger beginning is not 0
US2887,2247,98,YES,2026-01,98,2149,0,98,NO,First ledger beginning is not 0
US2889,1297,58,YES,2026-01,0,1297,1297,1355,YES,
US289,17,22,YES,2026-02,0,17,17,39,YES,
US2890,1619,1619,YES,2026-01,1619,0,0,1619,NO,First ledger beginning is not 0
US2895,823,823,YES,2026-01,823,0,0,823,NO,First ledger beginning is not 0
US289711,0,111,YES,2026-03,0,0,0,111,NO,Starting balance is 0 or negative
US2899,1368,57,YES,2026-01,0,1368,1368,1425,YES,
US290,4,448,YES,2026-02,0,4,4,452,YES,
US2900,1339,1339,YES,2026-01,1339,0,0,1339,NO,First ledger beginning is not 0
US2901,532,532,YES,2026-01,532,0,0,532,NO,First ledger beginning is not 0
US2903,717,717,YES,2026-01,717,0,0,717,NO,First ledger beginning is not 0
US2904,3,21,YES,2026-01,3,0,0,21,NO,First ledger beginning is not 0
US2906,2515,2538,YES,2026-01,2515,0,0,2538,NO,First ledger beginning is not 0
US2908,820,820,YES,2026-01,820,0,0,820,NO,First ledger beginning is not 0
US2909,27,27,YES,2026-01,27,0,0,27,NO,First ledger beginning is not 0
US291,164,27,YES,2026-02,27,137,0,27,NO,First ledger beginning is not 0
US2910,591,123,YES,2026-01,123,468,0,123,NO,First ledger beginning is not 0
US2911,165,165,YES,2026-01,165,0,0,165,NO,First ledger beginning is not 0
US2913,1642,1658,YES,2026-01,1658,-16,0,1658,NO,First ledger beginning is not 0
US2914,1087,1087,YES,2026-01,1087,0,0,1087,NO,First ledger beginning is not 0
US2918,385,385,YES,2026-01,385,0,0,385,NO,First ledger beginning is not 0
US2919,1424,1424,YES,2026-01,1424,0,0,1424,NO,First ledger beginning is not 0
US292,797,865,YES,2026-02,865,-68,0,865,NO,First ledger beginning is not 0
US2920,577,599,YES,2026-01,577,0,0,599,NO,First ledger beginning is not 0
US2922,710,710,YES,2026-01,710,0,0,710,NO,First ledger beginning is not 0
US2924,4661,4661,YES,2026-01,4661,0,0,4661,NO,First ledger beginning is not 0
US2926,12,12,YES,2026-01,12,0,0,12,NO,First ledger beginning is not 0
US2929,241,241,YES,2026-01,241,0,0,241,NO,First ledger beginning is not 0
US293,22158,22609,YES,2026-02,22501,-343,0,22609,NO,First ledger beginning is not 0
US2932,560,560,YES,2026-01,560,0,0,560,NO,First ledger beginning is not 0
US2933,257,257,YES,2026-01,257,0,0,257,NO,First ledger beginning is not 0
US2935,281,281,YES,2026-01,281,0,0,281,NO,First ledger beginning is not 0
US2936,140,268,YES,2026-01,140,0,0,268,NO,First ledger beginning is not 0
US2937,619,289,YES,2026-01,0,619,619,908,YES,
US294,775,775,YES,2026-02,775,0,0,775,NO,First ledger beginning is not 0
US2940,120,552,YES,2026-01,0,120,120,672,YES,
US2941,101,56,YES,2026-01,119,-18,0,56,NO,First ledger beginning is not 0
US2942,38,0,YES,2026-01,0,38,38,38,YES,
US2943,265,125,YES,2026-01,0,265,265,390,YES,
US294363,0,0,NO,,0,0,0,0,NO,Starting balance is 0 or negative
US2945,1481,1681,YES,2026-01,190,1291,0,1681,NO,First ledger beginning is not 0
US2946,210,210,YES,2026-01,210,0,0,210,NO,First ledger beginning is not 0
US2948,37,37,YES,2026-01,37,0,0,37,NO,First ledger beginning is not 0
US2949,182,182,YES,2026-01,182,0,0,182,NO,First ledger beginning is not 0
US295,11,11,YES,2026-02,11,0,0,11,NO,First ledger beginning is not 0
US2950,1502,0,YES,2026-01,0,1502,1502,1502,YES,
US2951,306,306,YES,2026-01,306,0,0,306,NO,First ledger beginning is not 0
US2952,3,3,YES,2026-01,3,0,0,3,NO,First ledger beginning is not 0
US2953,32,32,YES,2026-01,32,0,0,32,NO,First ledger beginning is not 0
US2954,1037,103,YES,2026-01,0,1037,1037,1140,YES,
US2955,154,38,YES,2026-01,38,116,0,38,NO,First ledger beginning is not 0
US2956,106,106,YES,2026-01,106,0,0,106,NO,First ledger beginning is not 0
US2958,222,222,YES,2026-01,222,0,0,222,NO,First ledger beginning is not 0
US2959,244,244,YES,2026-01,244,0,0,244,NO,First ledger beginning is not 0
US296,37,37,YES,2026-02,37,0,0,37,NO,First ledger beginning is not 0
US2960,86,0,YES,2026-01,0,86,86,86,YES,
US2961,8,8,YES,2026-01,8,0,0,8,NO,First ledger beginning is not 0
US2962,11166,720,YES,2026-01,0,11166,11166,11886,YES,
US2963,87,151,YES,2026-01,0,87,87,238,YES,
US2964,3963,0,YES,2026-01,0,3963,3963,3963,YES,
US2965,171,184,YES,2026-01,184,-13,0,184,NO,First ledger beginning is not 0
US2966,0,0,YES,2026-01,0,0,0,0,NO,Starting balance is 0 or negative
US2967,180,180,YES,2026-01,180,0,0,180,NO,First ledger beginning is not 0
US2969,4021,4021,YES,2026-01,4021,0,0,4021,NO,First ledger beginning is not 0
US297,167,167,YES,2026-02,167,0,0,167,NO,First ledger beginning is not 0
US2970,100,138,YES,2026-01,100,0,0,138,NO,First ledger beginning is not 0
US2971,717,258,YES,2026-01,38,679,0,258,NO,First ledger beginning is not 0
US2972,12,12,YES,2026-01,12,0,0,12,NO,First ledger beginning is not 0
US2973,186,186,YES,2026-01,186,0,0,186,NO,First ledger beginning is not 0
US2974,1658,41,YES,2026-01,41,1617,0,41,NO,First ledger beginning is not 0
US2975,404,404,YES,2026-01,404,0,0,404,NO,First ledger beginning is not 0
US2976,737,756,YES,2026-01,737,0,0,756,NO,First ledger beginning is not 0
US2977,52,52,YES,2026-01,52,0,0,52,NO,First ledger beginning is not 0
US2978,1,0,YES,2026-01,0,1,1,1,YES,
US2979,833,0,YES,2026-01,0,833,833,833,YES,
US298,15,15,YES,2026-02,15,0,0,15,NO,First ledger beginning is not 0
US2980,37,37,YES,2026-01,37,0,0,37,NO,First ledger beginning is not 0
US298048,0,0,NO,,0,0,0,0,NO,Starting balance is 0 or negative
US2981,322,322,YES,2026-01,322,0,0,322,NO,First ledger beginning is not 0
US2982,49,49,YES,2026-01,49,0,0,49,NO,First ledger beginning is not 0
US2983,10,3,YES,2026-01,25,-15,0,3,NO,First ledger beginning is not 0
US2986,19,67,YES,2026-01,19,0,0,67,NO,First ledger beginning is not 0
US2987,13,13,YES,2026-01,13,0,0,13,NO,First ledger beginning is not 0
US2988,1201,238,YES,2026-01,97,1104,0,238,NO,First ledger beginning is not 0
US299,1927,1927,YES,2026-02,1927,0,0,1927,NO,First ledger beginning is not 0
US2990,1814,1083,YES,2026-01,946,868,0,1083,NO,First ledger beginning is not 0
US2991,225,225,YES,2026-01,225,0,0,225,NO,First ledger beginning is not 0
US2993,317,24,YES,2026-01,252,65,0,24,NO,First ledger beginning is not 0
US2994,302,302,YES,2026-01,302,0,0,302,NO,First ledger beginning is not 0
US2997,161,53,YES,2026-01,0,161,161,214,YES,
US2998,109,109,YES,2026-01,109,0,0,109,NO,First ledger beginning is not 0
US2999,3,3,YES,2026-01,3,0,0,3,NO,First ledger beginning is not 0
US300,515,515,YES,2026-02,515,0,0,515,NO,First ledger beginning is not 0
US3000,177,177,YES,2026-01,177,0,0,177,NO,First ledger beginning is not 0
US3001,11,10,YES,2026-01,121,-110,0,10,NO,First ledger beginning is not 0
US3002,96,0,YES,2026-01,0,96,96,96,YES,
US3003,372,372,YES,2026-01,372,0,0,372,NO,First ledger beginning is not 0
US3004,266,266,YES,2026-01,266,0,0,266,NO,First ledger beginning is not 0
US3006,416,416,YES,2026-01,416,0,0,416,NO,First ledger beginning is not 0
US3007,211,211,YES,2026-01,211,0,0,211,NO,First ledger beginning is not 0
US3008,0,78,YES,2026-01,42,-42,0,78,NO,Starting balance is 0 or negative
US3009,326,326,YES,2026-01,326,0,0,326,NO,First ledger beginning is not 0
US301,334,0,YES,2026-02,0,334,334,334,YES,
US3010,315,315,YES,2026-01,315,0,0,315,NO,First ledger beginning is not 0
US3011,1326,1326,YES,2026-01,1326,0,0,1326,NO,First ledger beginning is not 0
US3012,113,35,YES,2026-01,241,-128,0,35,NO,First ledger beginning is not 0
US3015,170,170,YES,2026-01,170,0,0,170,NO,First ledger beginning is not 0
US3016,434,434,YES,2026-01,434,0,0,434,NO,First ledger beginning is not 0
US3017,262,932,YES,2026-01,326,-64,0,932,NO,First ledger beginning is not 0
US3018,72,72,YES,2026-01,72,0,0,72,NO,First ledger beginning is not 0
US3019,280,280,YES,2026-01,280,0,0,280,NO,First ledger beginning is not 0
US302,681,789,YES,2026-02,770,-89,0,789,NO,First ledger beginning is not 0
US3020,727,727,YES,2026-01,727,0,0,727,NO,First ledger beginning is not 0
US3021,260,260,YES,2026-01,260,0,0,260,NO,First ledger beginning is not 0
US3022,1511,1511,YES,2026-01,1511,0,0,1511,NO,First ledger beginning is not 0
US3023,1396,16,YES,2026-01,16,1380,0,16,NO,First ledger beginning is not 0
US3026,962,962,YES,2026-01,962,0,0,962,NO,First ledger beginning is not 0
US3027,355,355,YES,2026-01,355,0,0,355,NO,First ledger beginning is not 0
US3030,100,100,YES,2026-01,100,0,0,100,NO,First ledger beginning is not 0
US3031,2069,2069,YES,2026-01,2069,0,0,2069,NO,First ledger beginning is not 0
US3032,388,388,YES,2026-01,388,0,0,388,NO,First ledger beginning is not 0
US3033,0,228,YES,2026-01,228,-228,0,228,NO,Starting balance is 0 or negative
US3035,386,386,YES,2026-01,386,0,0,386,NO,First ledger beginning is not 0
US3036,374,374,YES,2026-01,374,0,0,374,NO,First ledger beginning is not 0
US3037,382,382,YES,2026-01,382,0,0,382,NO,First ledger beginning is not 0
US3038,3,19,YES,2026-01,32,-29,0,19,NO,First ledger beginning is not 0
US3039,402,402,YES,2026-01,402,0,0,402,NO,First ledger beginning is not 0
US304,2594,155,YES,2026-02,0,2594,2594,2749,YES,
US3040,95,152,YES,2026-01,100,-5,0,152,NO,First ledger beginning is not 0
US3041,1428,1007,YES,2026-01,969,459,0,1007,NO,First ledger beginning is not 0
US3042,332,332,YES,2026-01,332,0,0,332,NO,First ledger beginning is not 0
US3043,51,51,YES,2026-01,51,0,0,51,NO,First ledger beginning is not 0
US3044,72,94,YES,2026-01,72,0,0,94,NO,First ledger beginning is not 0
US3045,178,178,YES,2026-01,178,0,0,178,NO,First ledger beginning is not 0
US3048,225,225,YES,2026-01,225,0,0,225,NO,First ledger beginning is not 0
US3049,627,627,YES,2026-01,627,0,0,627,NO,First ledger beginning is not 0
US305,271,271,YES,2026-02,271,0,0,271,NO,First ledger beginning is not 0
US3050,7866,427,YES,2026-01,106,7760,0,427,NO,First ledger beginning is not 0
US3052,181,181,YES,2026-01,181,0,0,181,NO,First ledger beginning is not 0
US3053,1223,58,YES,2026-01,0,1223,1223,1281,YES,
US3054,549,549,YES,2026-01,549,0,0,549,NO,First ledger beginning is not 0
US3055,2211,2211,YES,2026-01,2211,0,0,2211,NO,First ledger beginning is not 0
US3056,14,14,YES,2026-01,14,0,0,14,NO,First ledger beginning is not 0
US3057,560,560,YES,2026-01,560,0,0,560,NO,First ledger beginning is not 0
US3058,879,913,YES,2026-01,879,0,0,913,NO,First ledger beginning is not 0
US3059,245,245,YES,2026-01,245,0,0,245,NO,First ledger beginning is not 0
US306,319,319,YES,2026-02,319,0,0,319,NO,First ledger beginning is not 0
US3060,723,740,YES,2026-01,740,-17,0,740,NO,First ledger beginning is not 0
US3061,152,152,YES,2026-01,152,0,0,152,NO,First ledger beginning is not 0
US3062,94,94,YES,2026-01,94,0,0,94,NO,First ledger beginning is not 0
US3063,430,430,YES,2026-01,430,0,0,430,NO,First ledger beginning is not 0
US3064,135,135,YES,2026-01,135,0,0,135,NO,First ledger beginning is not 0
US3065,1523,1523,YES,2026-01,1523,0,0,1523,NO,First ledger beginning is not 0
US3066,152,172,YES,2026-01,152,0,0,172,NO,First ledger beginning is not 0
US3067,2005,0,YES,2026-01,0,2005,2005,2005,YES,
US3068,0,0,YES,2026-01,0,0,0,0,NO,Starting balance is 0 or negative
US3069,50,50,YES,2026-01,50,0,0,50,NO,First ledger beginning is not 0
US3070,994,571,YES,2026-01,526,468,0,571,NO,First ledger beginning is not 0
US3072,198,113,YES,2026-01,223,-25,0,113,NO,First ledger beginning is not 0
US3073,445,53,YES,2026-01,25,420,0,53,NO,First ledger beginning is not 0
US3074,114,114,YES,2026-01,114,0,0,114,NO,First ledger beginning is not 0
US3075,3,25,YES,2026-01,0,3,3,28,YES,
US3078,108,108,YES,2026-01,108,0,0,108,NO,First ledger beginning is not 0
US308,4,4,YES,2026-02,4,0,0,4,NO,First ledger beginning is not 0
US3081,383,383,YES,2026-01,383,0,0,383,NO,First ledger beginning is not 0
US3083,2423,2423,YES,2026-01,2423,0,0,2423,NO,First ledger beginning is not 0
US3084,31,31,YES,2026-01,31,0,0,31,NO,First ledger beginning is not 0
US3085,116,137,YES,2026-01,137,-21,0,137,NO,First ledger beginning is not 0
US3088,680,796,YES,2026-01,796,-116,0,796,NO,First ledger beginning is not 0
US309,347,0,YES,2026-02,0,347,347,347,YES,
US3090,241,241,YES,2026-01,241,0,0,241,NO,First ledger beginning is not 0
US3091,281,281,YES,2026-01,281,0,0,281,NO,First ledger beginning is not 0
US3092,70,70,YES,2026-01,70,0,0,70,NO,First ledger beginning is not 0
US3093,402,402,YES,2026-01,402,0,0,402,NO,First ledger beginning is not 0
US3094,14,14,YES,2026-01,14,0,0,14,NO,First ledger beginning is not 0
US3096,613,613,YES,2026-01,613,0,0,613,NO,First ledger beginning is not 0
US3098,395,425,YES,2026-01,395,0,0,425,NO,First ledger beginning is not 0
US3102,115,284,YES,2026-01,41,74,0,284,NO,First ledger beginning is not 0
US3103,854,870,YES,2026-01,854,0,0,870,NO,First ledger beginning is not 0
US3105,699,718,YES,2026-01,699,0,0,718,NO,First ledger beginning is not 0
US3106,1511,65,YES,2026-01,15,1496,0,65,NO,First ledger beginning is not 0
US3107,775,0,YES,2026-01,0,775,775,775,YES,
US3108,365,365,YES,2026-01,365,0,0,365,NO,First ledger beginning is not 0
US3109,168,20,YES,2026-01,20,148,0,20,NO,First ledger beginning is not 0
US311,344,377,YES,2026-02,377,-33,0,377,NO,First ledger beginning is not 0
US3110,10,448,YES,2026-01,116,-106,0,448,NO,First ledger beginning is not 0
US3119,0,,NO,,,,0,,NO,Missing SR customer record
US312,102,102,YES,2026-02,102,0,0,102,NO,First ledger beginning is not 0
US313,1205,310,YES,2026-02,217,988,0,310,NO,First ledger beginning is not 0
US314,672,695,YES,2026-02,695,-23,0,695,NO,First ledger beginning is not 0
US315,1176,24,YES,2026-02,0,1176,1176,1200,YES,
US316,3158,18,YES,2026-02,18,3140,0,18,NO,First ledger beginning is not 0
US317,17,17,YES,2026-02,17,0,0,17,NO,First ledger beginning is not 0
US318,0,0,YES,2026-02,0,0,0,0,NO,Starting balance is 0 or negative
US3180,181,181,YES,,0,181,181,362,YES,
US3182,367,367,YES,,0,367,367,734,YES,
US3183,175,175,YES,2026-02,175,0,0,175,NO,First ledger beginning is not 0
US3184,292,456,YES,2026-01,292,0,0,456,NO,First ledger beginning is not 0
US3185,266,323,YES,2026-01,266,0,0,323,NO,First ledger beginning is not 0
US3186,71,71,YES,,0,71,71,142,YES,
US3187,938,16,YES,2026-02,0,938,938,954,YES,
US3188,1414,1414,YES,2026-01,1414,0,0,1414,NO,First ledger beginning is not 0
US3189,24,40,YES,2026-01,24,0,0,40,NO,First ledger beginning is not 0
US319,114,61,YES,2026-02,0,114,114,175,YES,
US3190,42,69,YES,2026-02,69,-27,0,69,NO,First ledger beginning is not 0
US3191,109,142,YES,2026-01,0,109,109,251,YES,
US3193,196,196,YES,2026-01,196,0,0,196,NO,First ledger beginning is not 0
US3194,230,230,YES,2026-02,230,0,0,230,NO,First ledger beginning is not 0
US3195,80,80,YES,,0,80,80,160,YES,
US3196,1913,0,YES,2026-02,0,1913,1913,1913,YES,
US3197,257,339,YES,2026-01,0,257,257,596,YES,
US3198,51,51,YES,,0,51,51,102,YES,
US320,8245,805,YES,2026-02,10065,-1820,0,805,NO,First ledger beginning is not 0
US3200,99,0,YES,,0,99,99,99,YES,
US3202,7,106,YES,2026-01,7,0,0,106,NO,First ledger beginning is not 0
US3203,16,16,YES,2026-01,16,0,0,16,NO,First ledger beginning is not 0
US3204,103,103,YES,2026-02,103,0,0,103,NO,First ledger beginning is not 0
US3205,149,149,YES,,0,149,149,298,YES,
US3206,502,0,YES,2026-02,0,502,502,502,YES,
US3207,199,199,YES,2026-03,199,0,0,199,NO,First ledger beginning is not 0
US3208,572,572,YES,2026-02,572,0,0,572,NO,First ledger beginning is not 0
US3209,49,96,YES,2026-02,49,0,0,96,NO,First ledger beginning is not 0
US321,1330,1330,YES,2026-02,1330,0,0,1330,NO,First ledger beginning is not 0
US3210,36,66,YES,2026-01,36,0,0,66,NO,First ledger beginning is not 0
US3211,291,291,YES,2026-02,291,0,0,291,NO,First ledger beginning is not 0
US3212,0,0,YES,,0,0,0,0,NO,Starting balance is 0 or negative
US3213,247,287,YES,2026-01,247,0,0,287,NO,First ledger beginning is not 0
US3214,0,18,YES,2026-04,0,0,0,18,NO,Starting balance is 0 or negative
US321462,0,0,NO,,0,0,0,0,NO,Starting balance is 0 or negative
US3215,266,282,YES,2026-01,266,0,0,282,NO,First ledger beginning is not 0
US3216,451,490,YES,2026-02,451,0,0,490,NO,First ledger beginning is not 0
US3217,557,557,YES,,0,557,557,1114,YES,
US3218,2,19,YES,2026-02,2,0,0,19,NO,First ledger beginning is not 0
US3219,143,143,YES,2026-02,143,0,0,143,NO,First ledger beginning is not 0
US322,920,920,YES,2026-02,920,0,0,920,NO,First ledger beginning is not 0
US3220,32,32,YES,,0,32,32,64,YES,
US3221,539,591,YES,2026-03,539,0,0,591,NO,First ledger beginning is not 0
US3222,528,528,YES,,0,528,528,1056,YES,
US3223,81,81,YES,,0,81,81,162,YES,
US3224,1,1,YES,2026-04,1,0,0,1,NO,First ledger beginning is not 0
US3226,188,17,YES,2026-01,0,188,188,205,YES,
US3227,0,0,YES,2026-02,0,0,0,0,NO,Starting balance is 0 or negative
US3228,492,516,YES,2026-01,492,0,0,516,NO,First ledger beginning is not 0
US3229,199,199,YES,2026-02,199,0,0,199,NO,First ledger beginning is not 0
US3230,459,459,YES,,0,459,459,918,YES,
US3231,1,37,YES,2026-01,0,1,1,38,YES,
US3232,760,760,YES,2026-02,760,0,0,760,NO,First ledger beginning is not 0
US3233,79,79,YES,,0,79,79,158,YES,
US3234,2575,2656,YES,2026-01,0,2575,2575,5231,YES,
US3236,121,121,YES,2026-02,121,0,0,121,NO,First ledger beginning is not 0
US3237,488,488,YES,,0,488,488,976,YES,
US3238,229,248,YES,2026-04,229,0,0,248,NO,First ledger beginning is not 0
US3239,84,84,YES,,0,84,84,168,YES,
US3240,600,600,YES,,0,600,600,1200,YES,
US3241,77,77,YES,,0,77,77,154,YES,
US3242,2,23,YES,2026-01,0,2,2,25,YES,
US3243,207,207,YES,2026-04,207,0,0,207,NO,First ledger beginning is not 0
US3244,200,200,YES,,0,200,200,400,YES,
US3245,73,73,YES,2026-02,73,0,0,73,NO,First ledger beginning is not 0
US3246,2429,67,YES,2026-02,0,2429,2429,2496,YES,
US3247,1032,1032,YES,,0,1032,1032,2064,YES,
US3248,1259,1476,YES,2026-01,0,1259,1259,2735,YES,
US3249,513,513,YES,,0,513,513,1026,YES,
US3251,18,18,YES,2026-02,18,0,0,18,NO,First ledger beginning is not 0
US3252,2023,48,YES,2026-01,0,2023,2023,2071,YES,
US3253,2985,3104,YES,2026-01,0,2985,2985,6089,YES,
US3254,473,473,YES,2026-03,473,0,0,473,NO,First ledger beginning is not 0
US3255,5488,5488,YES,,0,5488,5488,10976,YES,
US3257,658,751,YES,2026-01,0,658,658,1409,YES,
US3258,128,128,YES,,0,128,128,256,YES,
US3259,24,166,YES,2026-02,150,-126,0,166,NO,First ledger beginning is not 0
US325972,0,0,NO,,0,0,0,0,NO,Starting balance is 0 or negative
US326,572,0,YES,2026-02,0,572,572,572,YES,
US3260,112,112,YES,,0,112,112,224,YES,
US3262,178,178,YES,2026-02,178,0,0,178,NO,First ledger beginning is not 0
US3263,10,742,YES,2026-01,0,10,10,752,YES,
US3264,10,25,YES,2026-02,10,0,0,25,NO,First ledger beginning is not 0
US3265,19,280,YES,2026-01,0,19,19,299,YES,
US3266,4,4,YES,2026-02,4,0,0,4,NO,First ledger beginning is not 0
US3267,57,36,YES,2026-01,0,57,57,93,YES,
US3269,185,185,YES,2026-01,185,0,0,185,NO,First ledger beginning is not 0
US327,660,685,YES,2026-02,685,-25,0,685,NO,First ledger beginning is not 0
US3270,118,118,YES,,0,118,118,236,YES,
US3271,301,301,YES,,0,301,301,602,YES,
US3272,94,94,YES,,0,94,94,188,YES,
US3274,440,475,YES,2026-03,440,0,0,475,NO,First ledger beginning is not 0
US3275,112,0,YES,2026-03,0,112,112,112,YES,
US3276,148,148,YES,2026-02,148,0,0,148,NO,First ledger beginning is not 0
US3277,52,52,YES,2026-02,52,0,0,52,NO,First ledger beginning is not 0
US3278,716,736,YES,2026-03,716,0,0,736,NO,First ledger beginning is not 0
US3279,440,440,YES,2026-01,440,0,0,440,NO,First ledger beginning is not 0
US328,9,52,YES,2026-02,0,9,9,61,YES,
US3282,366,72,YES,2026-01,0,366,366,438,YES,
US3283,9,23,YES,2026-02,0,9,9,32,YES,
US3284,46,46,YES,,0,46,46,92,YES,
US3286,192,192,YES,,0,192,192,384,YES,
US3287,1372,0,YES,2026-03,0,1372,1372,1372,YES,
US3289,56,130,YES,2026-02,56,0,0,130,NO,First ledger beginning is not 0
US329,385,385,YES,2026-02,385,0,0,385,NO,First ledger beginning is not 0
US3290,214,214,YES,2026-02,214,0,0,214,NO,First ledger beginning is not 0
US3291,251,251,YES,,0,251,251,502,YES,
US3292,0,0,YES,,0,0,0,0,NO,Starting balance is 0 or negative
US3293,336,16,YES,2026-03,0,336,336,352,YES,
US3294,114,114,YES,,0,114,114,228,YES,
US3296,167,167,YES,2026-03,167,0,0,167,NO,First ledger beginning is not 0
US3297,600,600,YES,2026-04,600,0,0,600,NO,First ledger beginning is not 0
US3298,957,957,YES,2026-02,957,0,0,957,NO,First ledger beginning is not 0
US3299,54,54,YES,,0,54,54,108,YES,
US330,377,377,YES,2026-02,377,0,0,377,NO,First ledger beginning is not 0
US3300,181,181,YES,2026-02,181,0,0,181,NO,First ledger beginning is not 0
US3302,1214,760,YES,2026-01,0,1214,1214,1974,YES,
US3303,39,39,YES,,0,39,39,78,YES,
US3304,287,287,YES,,0,287,287,574,YES,
US3306,245,245,YES,,0,245,245,490,YES,
US3307,27,27,YES,,0,27,27,54,YES,
US3308,384,421,YES,2026-03,384,0,0,421,NO,First ledger beginning is not 0
US3309,124,124,YES,2026-02,124,0,0,124,NO,First ledger beginning is not 0
US331,490,0,YES,2026-02,0,490,490,490,YES,
US3310,11,1795,YES,2026-01,0,11,11,1806,YES,
US331026,0,17,YES,2026-04,17,-17,0,17,NO,Starting balance is 0 or negative
US3311,25,46,YES,2026-03,25,0,0,46,NO,First ledger beginning is not 0
US3312,36,55,YES,2026-03,36,0,0,55,NO,First ledger beginning is not 0
US3313,38,58,YES,2026-01,38,0,0,58,NO,First ledger beginning is not 0
US3314,62,62,YES,2026-03,62,0,0,62,NO,First ledger beginning is not 0
US3315,13,82,YES,2026-01,0,13,13,95,YES,
US3316,4,4,YES,2026-02,4,0,0,4,NO,First ledger beginning is not 0
US3317,6,19,YES,2026-02,0,6,6,25,YES,
US3318,104,104,YES,2026-01,104,0,0,104,NO,First ledger beginning is not 0
US3319,61,61,YES,2026-01,61,0,0,61,NO,First ledger beginning is not 0
US332,37,43,YES,2026-02,22,15,0,43,NO,First ledger beginning is not 0
US3320,327,327,YES,,0,327,327,654,YES,
US3321,19,105,YES,2026-01,0,19,19,124,YES,
US3323,9,9,YES,2026-02,9,0,0,9,NO,First ledger beginning is not 0
US3324,125,125,YES,,0,125,125,250,YES,
US3325,412,432,YES,2026-03,412,0,0,432,NO,First ledger beginning is not 0
US3326,340,340,YES,2026-02,340,0,0,340,NO,First ledger beginning is not 0
US3327,35,35,YES,2026-02,35,0,0,35,NO,First ledger beginning is not 0
US3329,498,515,YES,2026-03,498,0,0,515,NO,First ledger beginning is not 0
US333,39,39,YES,2026-02,39,0,0,39,NO,First ledger beginning is not 0
US3330,81,81,YES,,0,81,81,162,YES,
US3332,162,162,YES,,0,162,162,324,YES,
US3333,353,0,YES,,0,353,353,353,YES,
US3334,32,32,YES,2026-02,0,32,32,64,YES,
US3336,104,104,YES,2026-02,104,0,0,104,NO,First ledger beginning is not 0
US3338,1340,898,YES,2026-01,0,1340,1340,2238,YES,
US3339,385,385,YES,2026-02,385,0,0,385,NO,First ledger beginning is not 0
US334,229,229,YES,2026-02,229,0,0,229,NO,First ledger beginning is not 0
US3340,387,387,YES,,0,387,387,774,YES,
US3341,258,258,YES,,0,258,258,516,YES,
US3342,2261,2479,YES,2026-01,0,2261,2261,4740,YES,
US3343,609,0,YES,2026-04,0,609,609,609,YES,
US3344,216,216,YES,,0,216,216,432,YES,
US3345,608,624,YES,2026-01,608,0,0,624,NO,First ledger beginning is not 0
US3346,65,65,YES,2026-02,65,0,0,65,NO,First ledger beginning is not 0
US3347,115,65,YES,2026-02,0,115,115,180,YES,
US3348,169,169,YES,2026-04,169,0,0,169,NO,First ledger beginning is not 0
US3349,130,148,YES,2026-02,130,0,0,148,NO,First ledger beginning is not 0
US335,104,142,YES,2026-02,107,-3,0,142,NO,First ledger beginning is not 0
US3351,2,977,YES,2026-01,2,0,0,977,NO,First ledger beginning is not 0
US3352,4,4,YES,2026-01,0,4,4,8,YES,
US3353,226,226,YES,,0,226,226,452,YES,
US3355,1268,1268,YES,2026-02,1268,0,0,1268,NO,First ledger beginning is not 0
US3357,1549,1549,YES,2026-02,1549,0,0,1549,NO,First ledger beginning is not 0
US3358,1232,1232,YES,2026-02,1232,0,0,1232,NO,First ledger beginning is not 0
US3359,166,166,YES,,0,166,166,332,YES,
US336,67,92,YES,2026-03,67,0,0,92,NO,First ledger beginning is not 0
US3360,41,59,YES,2026-01,0,41,41,100,YES,
US3362,1843,1843,YES,2026-03,1843,0,0,1843,NO,First ledger beginning is not 0
US3364,286,377,YES,2026-01,0,286,286,663,YES,
US3365,480,518,YES,2026-01,0,480,480,998,YES,
US3368,515,0,YES,2026-02,0,515,515,515,YES,
US3369,65,40,YES,2026-02,0,65,65,105,YES,
US337,1811,1811,YES,2026-02,1811,0,0,1811,NO,First ledger beginning is not 0
US3370,237,237,YES,,0,237,237,474,YES,
US3371,2123,2158,YES,2026-01,0,2123,2123,4281,YES,
US3372,623,623,YES,,0,623,623,1246,YES,
US3373,102,102,YES,,0,102,102,204,YES,
US3375,39,39,YES,2026-04,39,0,0,39,NO,First ledger beginning is not 0
US3376,60,162,YES,2026-02,76,-16,0,162,NO,First ledger beginning is not 0
US3377,460,404,YES,2026-01,0,460,460,864,YES,
US3379,25,48,YES,2026-04,25,0,0,48,NO,First ledger beginning is not 0
US338,91,66,YES,2026-02,0,91,91,157,YES,
US3380,2220,2385,YES,2026-01,0,2220,2220,4605,YES,
US3381,20,159,YES,2026-01,0,20,20,179,YES,
US3385,744,744,YES,2026-02,744,0,0,744,NO,First ledger beginning is not 0
US3386,1448,1467,YES,2026-01,0,1448,1448,2915,YES,
US3387,1,0,YES,2026-02,0,1,1,1,YES,
US3389,197,197,YES,2026-01,0,197,197,394,YES,
US339,364,364,YES,2026-02,364,0,0,364,NO,First ledger beginning is not 0
US3393,17,147,YES,2026-01,0,17,17,164,YES,
US3394,168,168,YES,,0,168,168,336,YES,
US3395,417,417,YES,2026-02,417,0,0,417,NO,First ledger beginning is not 0
US3396,2998,1492,YES,2026-01,1642,1356,0,1492,NO,First ledger beginning is not 0
US3397,872,872,YES,,0,872,872,1744,YES,
US3398,500,500,YES,,0,500,500,1000,YES,
US3399,2821,613,YES,2026-02,0,2821,2821,3434,YES,
US3402,124,124,YES,,0,124,124,248,YES,
US3403,77,77,YES,,0,77,77,154,YES,
US3404,153,153,YES,,0,153,153,306,YES,
US3409,149,149,YES,2026-02,149,0,0,149,NO,First ledger beginning is not 0
US341,3,0,YES,2026-02,0,3,3,3,YES,
US3410,426,426,YES,,0,426,426,852,YES,
US3412,596,596,YES,,0,596,596,1192,YES,
US3413,13,13,YES,2026-02,13,0,0,13,NO,First ledger beginning is not 0
US3414,383,0,YES,,0,383,383,383,YES,
US3415,49,49,YES,2026-02,49,0,0,49,NO,First ledger beginning is not 0
US3416,5,33,YES,2026-02,33,-28,0,33,NO,First ledger beginning is not 0
US3417,1087,1087,YES,,0,1087,1087,2174,YES,
US3419,2,2,YES,,0,2,2,4,YES,
US342,49,67,YES,2026-02,67,-18,0,67,NO,First ledger beginning is not 0
US3420,162,162,YES,2026-02,162,0,0,162,NO,First ledger beginning is not 0
US3423,4419,4434,YES,2026-01,4419,0,0,4434,NO,First ledger beginning is not 0
US3424,536,552,YES,2026-02,536,0,0,552,NO,First ledger beginning is not 0
US3426,1361,1361,YES,,0,1361,1361,2722,YES,
US3429,1,1,YES,,0,1,1,2,YES,
US343,1,19,YES,2026-02,0,1,1,20,YES,
US3430,2,37,YES,2026-01,0,2,2,39,YES,
US3431,97,97,YES,2026-04,97,0,0,97,NO,First ledger beginning is not 0
US3432,410,410,YES,,0,410,410,820,YES,
US3433,278,278,YES,,0,278,278,556,YES,
US3434,1,1,YES,2026-02,1,0,0,1,NO,First ledger beginning is not 0
US3435,1108,1108,YES,,0,1108,1108,2216,YES,
US3436,1229,3394,YES,2026-01,0,1229,1229,4623,YES,
US3438,16,16,YES,,0,16,16,32,YES,
US3439,173,173,YES,,0,173,173,346,YES,
US344,86,33,YES,2026-02,33,53,0,33,NO,First ledger beginning is not 0
US3440,150,16,YES,2026-02,16,134,0,16,NO,First ledger beginning is not 0
US3441,4,4,YES,2026-03,4,0,0,4,NO,First ledger beginning is not 0
US3442,91,91,YES,,0,91,91,182,YES,
US3443,1522,22,YES,2026-02,0,1522,1522,1544,YES,
US3445,134,134,YES,,0,134,134,268,YES,
US3446,25,146,YES,2026-01,0,25,25,171,YES,
US3447,8,8,YES,,0,8,8,16,YES,
US3448,217,217,YES,2026-02,217,0,0,217,NO,First ledger beginning is not 0
US3449,18,18,YES,,0,18,18,36,YES,
US345,242,30,YES,2026-02,30,212,0,30,NO,First ledger beginning is not 0
US3450,4,75,YES,2026-01,0,4,4,79,YES,
US3452,1,69,YES,2026-01,0,1,1,70,YES,
US3453,963,1019,YES,2026-01,0,963,963,1982,YES,
US3454,6,6,YES,2026-02,6,0,0,6,NO,First ledger beginning is not 0
US3455,303,303,YES,2026-02,303,0,0,303,NO,First ledger beginning is not 0
US3456,268,284,YES,2026-02,268,0,0,284,NO,First ledger beginning is not 0
US3457,110,110,YES,,0,110,110,220,YES,
US3458,36,36,YES,,0,36,36,72,YES,
US3459,372,164,YES,2026-02,0,372,372,536,YES,
US346,522,558,YES,2026-02,558,-36,0,558,NO,First ledger beginning is not 0
US3460,1652,0,YES,2026-02,0,1652,1652,1652,YES,
US3461,9,0,YES,2026-02,0,9,9,9,YES,
US3462,26,26,YES,2026-04,26,0,0,26,NO,First ledger beginning is not 0
US3463,47,47,YES,,0,47,47,94,YES,
US3464,141,141,YES,,0,141,141,282,YES,
US3465,448,448,YES,2026-02,448,0,0,448,NO,First ledger beginning is not 0
US3467,104,173,YES,2026-01,0,104,104,277,YES,
US3468,222,222,YES,2026-02,222,0,0,222,NO,First ledger beginning is not 0
US3469,167,167,YES,,0,167,167,334,YES,
US347,3,46,YES,2026-02,46,-43,0,46,NO,First ledger beginning is not 0
US3470,240,240,YES,2026-04,240,0,0,240,NO,First ledger beginning is not 0
US3472,481,481,YES,,0,481,481,962,YES,
US3473,1362,1362,YES,2026-03,1362,0,0,1362,NO,First ledger beginning is not 0
US3474,43,43,YES,2026-04,43,0,0,43,NO,First ledger beginning is not 0
US3475,67,67,YES,,0,67,67,134,YES,
US3476,649,649,YES,,0,649,649,1298,YES,
US3477,217,381,YES,2026-01,0,217,217,598,YES,
US3478,68,68,YES,2026-02,68,0,0,68,NO,First ledger beginning is not 0
US3479,175,175,YES,,0,175,175,350,YES,
US348,72,139,YES,2026-02,139,-67,0,139,NO,First ledger beginning is not 0
US3480,1025,1104,YES,2026-01,0,1025,1025,2129,YES,
US3481,88,88,YES,,0,88,88,176,YES,
US3482,11,58,YES,2026-01,0,11,11,69,YES,
US3484,3,24,YES,2026-02,3,0,0,24,NO,First ledger beginning is not 0
US3485,2080,2115,YES,2026-01,0,2080,2080,4195,YES,
US3486,20030,21252,YES,2026-01,20030,0,0,21252,NO,First ledger beginning is not 0
US3488,60,60,YES,,0,60,60,120,YES,
US3489,93,93,YES,,0,93,93,186,YES,
US3490,132,132,YES,2026-02,132,0,0,132,NO,First ledger beginning is not 0
US3491,37,37,YES,,0,37,37,74,YES,
US3492,603,603,YES,2026-02,603,0,0,603,NO,First ledger beginning is not 0
US3493,407,407,YES,,0,407,407,814,YES,
US3494,75,124,YES,2026-02,0,75,75,199,YES,
US3495,161,161,YES,2026-02,161,0,0,161,NO,First ledger beginning is not 0
US3496,120,23,YES,2026-02,23,97,0,23,NO,First ledger beginning is not 0
US3497,523,523,YES,,0,523,523,1046,YES,
US3498,224,224,YES,,0,224,224,448,YES,
US3499,166,166,YES,2026-03,166,0,0,166,NO,First ledger beginning is not 0
US350,728,728,YES,2026-02,728,0,0,728,NO,First ledger beginning is not 0
US3500,28,412,YES,2026-01,28,0,0,412,NO,First ledger beginning is not 0
US3501,487,502,YES,2026-02,487,0,0,502,NO,First ledger beginning is not 0
US3503,408,431,YES,2026-02,408,0,0,431,NO,First ledger beginning is not 0
US3504,390,390,YES,2026-02,390,0,0,390,NO,First ledger beginning is not 0
US3505,68,68,YES,2026-01,68,0,0,68,NO,First ledger beginning is not 0
US3506,235,254,YES,2026-02,235,0,0,254,NO,First ledger beginning is not 0
US3508,464,464,YES,2026-02,464,0,0,464,NO,First ledger beginning is not 0
US3509,37,37,YES,2026-02,37,0,0,37,NO,First ledger beginning is not 0
US351,0,385,YES,2026-02,171,-171,0,385,NO,Starting balance is 0 or negative
US3510,905,32,YES,2026-02,0,905,905,937,YES,
US3511,1639,1302,YES,2026-01,0,1639,1639,2941,YES,
US3512,1,602,YES,2026-01,1,0,0,602,NO,First ledger beginning is not 0
US3513,1118,0,YES,,0,1118,1118,1118,YES,
US3514,23,23,YES,,0,23,23,46,YES,
US3516,2001,128,YES,2026-01,0,2001,2001,2129,YES,
US3517,23,22,YES,2026-02,0,23,23,45,YES,
US3518,40,40,YES,,0,40,40,80,YES,
US3519,88,88,YES,,0,88,88,176,YES,
US352,62,63,YES,2026-02,0,62,62,125,YES,
US3520,1008,1027,YES,2026-01,1008,0,0,1027,NO,First ledger beginning is not 0
US3521,74,74,YES,2026-02,74,0,0,74,NO,First ledger beginning is not 0
US3522,68,68,YES,,0,68,68,136,YES,
US3523,241,241,YES,2026-03,241,0,0,241,NO,First ledger beginning is not 0
US3524,72,72,YES,2026-01,72,0,0,72,NO,First ledger beginning is not 0
US3525,0,0,YES,2026-01,0,0,0,0,NO,Starting balance is 0 or negative
US3526,3,3,YES,2026-01,3,0,0,3,NO,First ledger beginning is not 0
US3527,388,388,YES,2026-01,388,0,0,388,NO,First ledger beginning is not 0
US3528,158,158,YES,2026-01,158,0,0,158,NO,First ledger beginning is not 0
US3529,13,13,YES,2026-01,13,0,0,13,NO,First ledger beginning is not 0
US353,5,239,YES,2026-02,0,5,5,244,YES,
US3530,167,167,YES,2026-01,167,0,0,167,NO,First ledger beginning is not 0
US3531,697,697,YES,2026-01,697,0,0,697,NO,First ledger beginning is not 0
US3532,270,270,YES,2026-01,270,0,0,270,NO,First ledger beginning is not 0
US3533,532,32,YES,2026-01,0,532,532,564,YES,
US3534,20,20,YES,2026-01,20,0,0,20,NO,First ledger beginning is not 0
US3535,0,31,YES,2026-01,38,-38,0,31,NO,Starting balance is 0 or negative
US3536,8471,9121,YES,2026-01,8471,0,0,9121,NO,First ledger beginning is not 0
US3537,276,295,YES,2026-01,276,0,0,295,NO,First ledger beginning is not 0
US3538,135,135,YES,2026-01,135,0,0,135,NO,First ledger beginning is not 0
US3539,25,25,YES,2026-01,25,0,0,25,NO,First ledger beginning is not 0
US354,86,86,YES,2026-02,86,0,0,86,NO,First ledger beginning is not 0
US3540,50,50,YES,2026-01,50,0,0,50,NO,First ledger beginning is not 0
US354087,0,152,YES,2026-03,113,-113,0,152,NO,Starting balance is 0 or negative
US3541,103,122,YES,2026-01,103,0,0,122,NO,First ledger beginning is not 0
US3542,13,13,YES,2026-01,13,0,0,13,NO,First ledger beginning is not 0
US3543,35,4,YES,2026-01,35,0,0,4,NO,First ledger beginning is not 0
US3544,625,60,YES,2026-01,0,625,625,685,YES,
US3545,75,75,YES,2026-01,75,0,0,75,NO,First ledger beginning is not 0
US3546,89,89,YES,2026-01,89,0,0,89,NO,First ledger beginning is not 0
US3547,29,29,YES,2026-01,29,0,0,29,NO,First ledger beginning is not 0
US3548,752,752,YES,2026-01,752,0,0,752,NO,First ledger beginning is not 0
US3549,175,175,YES,2026-01,175,0,0,175,NO,First ledger beginning is not 0
US355,279,500,YES,2026-02,3,276,0,500,NO,First ledger beginning is not 0
US3550,71,71,YES,2026-01,71,0,0,71,NO,First ledger beginning is not 0
US3551,23,23,YES,2026-01,23,0,0,23,NO,First ledger beginning is not 0
US3552,33,317,YES,2026-01,33,0,0,317,NO,First ledger beginning is not 0
US3554,3563,3563,YES,2026-01,3563,0,0,3563,NO,First ledger beginning is not 0
US3556,1,264,YES,2026-01,264,-263,0,264,NO,First ledger beginning is not 0
US3557,732,732,YES,2026-01,732,0,0,732,NO,First ledger beginning is not 0
US3558,924,41,YES,2026-01,0,924,924,965,YES,
US3559,415,415,YES,2026-01,415,0,0,415,NO,First ledger beginning is not 0
US3560,124,124,YES,2026-01,124,0,0,124,NO,First ledger beginning is not 0
US3561,4,4,YES,2026-01,4,0,0,4,NO,First ledger beginning is not 0
US3562,0,0,YES,2026-01,0,0,0,0,NO,Starting balance is 0 or negative
US3563,0,0,YES,2026-01,0,0,0,0,NO,Starting balance is 0 or negative
US3564,5428,187,YES,2026-01,0,5428,5428,5615,YES,
US3565,78,78,YES,2026-01,78,0,0,78,NO,First ledger beginning is not 0
US3566,308,362,YES,2026-01,308,0,0,362,NO,First ledger beginning is not 0
US3567,7,7,YES,2026-01,7,0,0,7,NO,First ledger beginning is not 0
US3568,453,453,YES,2026-01,453,0,0,453,NO,First ledger beginning is not 0
US3569,382,406,YES,2026-01,382,0,0,406,NO,First ledger beginning is not 0
US357,97,49,YES,2026-02,0,97,97,146,YES,
US3570,29,29,YES,2026-01,29,0,0,29,NO,First ledger beginning is not 0
US3571,121,27,YES,2026-01,27,94,0,27,NO,First ledger beginning is not 0
US3572,381,381,YES,2026-01,381,0,0,381,NO,First ledger beginning is not 0
US3573,0,0,YES,2026-01,0,0,0,0,NO,Starting balance is 0 or negative
US3574,83,100,YES,2026-01,83,0,0,100,NO,First ledger beginning is not 0
US3575,0,0,YES,2026-01,0,0,0,0,NO,Starting balance is 0 or negative
US3576,12,12,YES,2026-01,12,0,0,12,NO,First ledger beginning is not 0
US3577,850,750,YES,2026-01,850,0,0,750,NO,First ledger beginning is not 0
US3578,32,140,YES,2026-01,0,32,32,172,YES,
US3579,914,37,YES,2026-01,22,892,0,37,NO,First ledger beginning is not 0
US358,190,190,YES,2026-02,190,0,0,190,NO,First ledger beginning is not 0
US3580,155,155,YES,2026-01,155,0,0,155,NO,First ledger beginning is not 0
US3581,16,36,YES,2026-01,16,0,0,36,NO,First ledger beginning is not 0
US3582,0,0,YES,2026-01,0,0,0,0,NO,Starting balance is 0 or negative
US3583,305,305,YES,2026-01,305,0,0,305,NO,First ledger beginning is not 0
US3584,19,56,YES,2026-01,41,-22,0,56,NO,First ledger beginning is not 0
US3585,122,14,YES,2026-01,122,0,0,14,NO,First ledger beginning is not 0
US3586,47,47,YES,2026-01,47,0,0,47,NO,First ledger beginning is not 0
US3587,94,29,YES,2026-01,0,94,94,123,YES,
US3588,1036,64,YES,2026-01,140,896,0,64,NO,First ledger beginning is not 0
US3589,748,52,YES,2026-01,70,678,0,52,NO,First ledger beginning is not 0
US3590,91,126,YES,2026-01,126,-35,0,126,NO,First ledger beginning is not 0
US3591,640,640,YES,2026-01,640,0,0,640,NO,First ledger beginning is not 0
US3592,30,182,YES,2026-01,0,30,30,212,YES,
US3593,176,15,YES,2026-01,15,161,0,15,NO,First ledger beginning is not 0
US3594,124,124,YES,2026-01,124,0,0,124,NO,First ledger beginning is not 0
US3595,109,109,YES,2026-01,109,0,0,109,NO,First ledger beginning is not 0
US3596,309,274,YES,2026-01,0,309,309,583,YES,
US3597,13,13,YES,2026-01,13,0,0,13,NO,First ledger beginning is not 0
US3598,0,0,YES,2026-01,0,0,0,0,NO,Starting balance is 0 or negative
US3599,0,0,YES,2026-01,0,0,0,0,NO,Starting balance is 0 or negative
US360,244,244,YES,2026-02,244,0,0,244,NO,First ledger beginning is not 0
US3600,0,0,YES,2026-01,0,0,0,0,NO,Starting balance is 0 or negative
US3601,10752,10752,YES,2026-01,10752,0,0,10752,NO,First ledger beginning is not 0
US3602,143,159,YES,2026-01,143,0,0,159,NO,First ledger beginning is not 0
US3603,0,0,YES,2026-01,0,0,0,0,NO,Starting balance is 0 or negative
US3604,18,18,YES,2026-01,18,0,0,18,NO,First ledger beginning is not 0
US3605,0,0,YES,2026-01,0,0,0,0,NO,Starting balance is 0 or negative
US3606,176,176,YES,2026-01,176,0,0,176,NO,First ledger beginning is not 0
US3607,0,0,YES,2026-01,0,0,0,0,NO,Starting balance is 0 or negative
US3608,98,143,YES,2026-01,98,0,0,143,NO,First ledger beginning is not 0
US3609,98,98,YES,2026-01,98,0,0,98,NO,First ledger beginning is not 0
US361,5992,6146,YES,2026-02,6130,-138,0,6146,NO,First ledger beginning is not 0
US3610,1961,154,YES,2026-01,0,1961,1961,2115,YES,
US3611,110,110,YES,2026-01,110,0,0,110,NO,First ledger beginning is not 0
US3612,1,1,YES,2026-01,1,0,0,1,NO,First ledger beginning is not 0
US3613,57,57,YES,2026-01,57,0,0,57,NO,First ledger beginning is not 0
US3614,279,174,YES,2026-01,379,-100,0,174,NO,First ledger beginning is not 0
US3615,11,11,YES,2026-01,11,0,0,11,NO,First ledger beginning is not 0
US3616,141,23,YES,2026-01,0,141,141,164,YES,
US3617,23,23,YES,2026-01,23,0,0,23,NO,First ledger beginning is not 0
US3618,0,0,YES,2026-01,0,0,0,0,NO,Starting balance is 0 or negative
US3619,4,2,YES,2026-01,4,0,0,2,NO,First ledger beginning is not 0
US362,1883,1604,YES,2026-02,1604,279,0,1604,NO,First ledger beginning is not 0
US3620,4356,240,YES,2026-01,0,4356,4356,4596,YES,
US3621,40,40,YES,2026-01,40,0,0,40,NO,First ledger beginning is not 0
US3622,0,0,YES,2026-03,0,0,0,0,NO,Starting balance is 0 or negative
US3623,93,118,YES,2026-01,93,0,0,118,NO,First ledger beginning is not 0
US3624,69,69,YES,2026-01,69,0,0,69,NO,First ledger beginning is not 0
US3625,0,0,YES,2026-01,0,0,0,0,NO,Starting balance is 0 or negative
US3626,1039,1039,YES,2026-01,1039,0,0,1039,NO,First ledger beginning is not 0
US3627,19,19,YES,2026-01,19,0,0,19,NO,First ledger beginning is not 0
US3628,572,572,YES,2026-01,572,0,0,572,NO,First ledger beginning is not 0
US3629,97,0,YES,2026-01,0,97,97,97,YES,
US363,205,205,YES,2026-02,205,0,0,205,NO,First ledger beginning is not 0
US3630,370,370,YES,2026-01,370,0,0,370,NO,First ledger beginning is not 0
US3631,1116,1136,YES,2026-01,1136,-20,0,1136,NO,First ledger beginning is not 0
US3632,634,634,YES,2026-01,634,0,0,634,NO,First ledger beginning is not 0
US3633,938,2249,YES,2026-01,938,0,0,2249,NO,First ledger beginning is not 0
US3634,148,148,YES,2026-01,148,0,0,148,NO,First ledger beginning is not 0
US3635,10,10,YES,2026-01,10,0,0,10,NO,First ledger beginning is not 0
US3636,27,27,YES,2026-01,27,0,0,27,NO,First ledger beginning is not 0
US3637,2333,4724,YES,2026-01,0,2333,2333,7057,YES,
US3638,1455,0,YES,2026-01,0,1455,1455,1455,YES,
US3639,94,94,YES,2026-01,94,0,0,94,NO,First ledger beginning is not 0
US3640,39,39,YES,2026-01,39,0,0,39,NO,First ledger beginning is not 0
US3641,478,478,YES,2026-01,478,0,0,478,NO,First ledger beginning is not 0
US3642,676,676,YES,2026-01,676,0,0,676,NO,First ledger beginning is not 0
US3643,251,251,YES,2026-01,251,0,0,251,NO,First ledger beginning is not 0
US3644,510,510,YES,2026-01,510,0,0,510,NO,First ledger beginning is not 0
US3645,108,21,YES,2026-01,6,102,0,21,NO,First ledger beginning is not 0
US3646,32,32,YES,2026-01,32,0,0,32,NO,First ledger beginning is not 0
US3647,746,746,YES,2026-01,746,0,0,746,NO,First ledger beginning is not 0
US3648,165,165,YES,2026-01,165,0,0,165,NO,First ledger beginning is not 0
US3649,197,197,YES,2026-01,197,0,0,197,NO,First ledger beginning is not 0
US365,937,1318,YES,2026-02,1318,-381,0,1318,NO,First ledger beginning is not 0
US3650,126,149,YES,2026-01,0,126,126,275,YES,
US3651,15,15,YES,2026-01,15,0,0,15,NO,First ledger beginning is not 0
US3652,34,34,YES,2026-01,34,0,0,34,NO,First ledger beginning is not 0
US3653,35,0,YES,2026-01,0,35,35,35,YES,
US3654,3574,67,YES,2026-01,26,3548,0,67,NO,First ledger beginning is not 0
US3655,48,48,YES,2026-01,48,0,0,48,NO,First ledger beginning is not 0
US3656,341,341,YES,2026-01,341,0,0,341,NO,First ledger beginning is not 0
US3657,5302,175,YES,2026-01,0,5302,5302,5477,YES,
US3658,5,44,YES,2026-01,44,-39,0,44,NO,First ledger beginning is not 0
US3659,78,0,YES,2026-01,0,78,78,78,YES,
US366,216,216,YES,2026-02,216,0,0,216,NO,First ledger beginning is not 0
US3660,1052,1052,YES,2026-01,1052,0,0,1052,NO,First ledger beginning is not 0
US3661,10,54,YES,2026-01,0,10,10,64,YES,
US3662,1046,1046,YES,2026-01,1046,0,0,1046,NO,First ledger beginning is not 0
US3663,17,17,YES,2026-01,17,0,0,17,NO,First ledger beginning is not 0
US3664,26,26,YES,2026-01,26,0,0,26,NO,First ledger beginning is not 0
US3665,27,0,YES,2026-01,0,27,27,27,YES,
US3666,6134,1297,YES,2026-01,4748,1386,0,1297,NO,First ledger beginning is not 0
US3667,0,0,YES,2026-01,0,0,0,0,NO,Starting balance is 0 or negative
US3668,83,83,YES,2026-01,83,0,0,83,NO,First ledger beginning is not 0
US3669,400,400,YES,2026-01,400,0,0,400,NO,First ledger beginning is not 0
US367,68,57,YES,2026-02,202,-134,0,57,NO,First ledger beginning is not 0
US3670,8,109,YES,2026-01,10,-2,0,109,NO,First ledger beginning is not 0
US3671,26,41,YES,2026-01,26,0,0,41,NO,First ledger beginning is not 0
US3672,413,481,YES,2026-01,413,0,0,481,NO,First ledger beginning is not 0
US3673,0,0,YES,2026-01,0,0,0,0,NO,Starting balance is 0 or negative
US3674,67,67,YES,2026-01,67,0,0,67,NO,First ledger beginning is not 0
US3675,0,0,YES,2026-01,0,0,0,0,NO,Starting balance is 0 or negative
US3676,77,77,YES,2026-01,77,0,0,77,NO,First ledger beginning is not 0
US3677,120,120,YES,2026-01,120,0,0,120,NO,First ledger beginning is not 0
US3678,21,21,YES,2026-01,21,0,0,21,NO,First ledger beginning is not 0
US3679,0,0,YES,2026-01,0,0,0,0,NO,Starting balance is 0 or negative
US368,86,96,YES,2026-02,96,-10,0,96,NO,First ledger beginning is not 0
US3680,167,167,YES,2026-01,167,0,0,167,NO,First ledger beginning is not 0
US3681,202,157,YES,2026-01,0,202,202,359,YES,
US3682,0,0,YES,2026-01,0,0,0,0,NO,Starting balance is 0 or negative
US3683,38,38,YES,2026-01,38,0,0,38,NO,First ledger beginning is not 0
US3684,944,944,YES,2026-01,944,0,0,944,NO,First ledger beginning is not 0
US3685,383,403,YES,2026-01,403,-20,0,403,NO,First ledger beginning is not 0
US3686,229,229,YES,2026-01,229,0,0,229,NO,First ledger beginning is not 0
US3687,13,13,YES,2026-01,13,0,0,13,NO,First ledger beginning is not 0
US3688,23,23,YES,2026-01,23,0,0,23,NO,First ledger beginning is not 0
US3689,1178,1178,YES,2026-01,1178,0,0,1178,NO,First ledger beginning is not 0
US369,84,28,YES,2026-02,0,84,84,112,YES,
US3690,226,226,YES,2026-01,226,0,0,226,NO,First ledger beginning is not 0
US3691,1183,1183,YES,2026-01,1183,0,0,1183,NO,First ledger beginning is not 0
US3692,36,36,YES,2026-01,36,0,0,36,NO,First ledger beginning is not 0
US3693,447,447,YES,2026-01,447,0,0,447,NO,First ledger beginning is not 0
US3694,207,207,YES,2026-01,207,0,0,207,NO,First ledger beginning is not 0
US3695,264,333,YES,2026-01,264,0,0,333,NO,First ledger beginning is not 0
US3696,972,235,YES,2026-01,0,972,972,1207,YES,
US3697,310,334,YES,2026-01,310,0,0,334,NO,First ledger beginning is not 0
US3698,1944,1944,YES,2026-01,1944,0,0,1944,NO,First ledger beginning is not 0
US3699,5,5,YES,2026-01,5,0,0,5,NO,First ledger beginning is not 0
US370,9,24,YES,2026-02,24,-15,0,24,NO,First ledger beginning is not 0
US3700,271,271,YES,2026-01,271,0,0,271,NO,First ledger beginning is not 0
US3701,2098,85,YES,2026-01,0,2098,2098,2183,YES,
US3702,0,0,YES,2026-01,0,0,0,0,NO,Starting balance is 0 or negative
US3703,69,69,YES,2026-01,69,0,0,69,NO,First ledger beginning is not 0
US3704,428,428,YES,2026-01,428,0,0,428,NO,First ledger beginning is not 0
US3705,1404,1567,YES,2026-01,1404,0,0,1567,NO,First ledger beginning is not 0
US3706,4066,4793,YES,2026-01,4066,0,0,4793,NO,First ledger beginning is not 0
US3707,40,40,YES,2026-01,40,0,0,40,NO,First ledger beginning is not 0
US3708,20,4,YES,2026-01,4,16,0,4,NO,First ledger beginning is not 0
US3709,483,483,YES,2026-01,483,0,0,483,NO,First ledger beginning is not 0
US371,1,17,YES,2026-02,0,1,1,18,YES,
US3710,28,54,YES,2026-01,0,28,28,82,YES,
US3711,24,24,YES,2026-01,24,0,0,24,NO,First ledger beginning is not 0
US3712,427,427,YES,2026-01,427,0,0,427,NO,First ledger beginning is not 0
US3713,148,148,YES,2026-01,148,0,0,148,NO,First ledger beginning is not 0
US3714,40,26,YES,2026-01,0,40,40,66,YES,
US3715,408,431,YES,2026-01,408,0,0,431,NO,First ledger beginning is not 0
US3716,0,0,YES,2026-01,0,0,0,0,NO,Starting balance is 0 or negative
US3717,6,0,YES,2026-01,0,6,6,6,YES,
US3718,356,376,YES,2026-01,356,0,0,376,NO,First ledger beginning is not 0
US3719,0,0,YES,2026-01,0,0,0,0,NO,Starting balance is 0 or negative
US372,14,42,YES,2026-02,27,-13,0,42,NO,First ledger beginning is not 0
US3720,20,20,YES,2026-01,20,0,0,20,NO,First ledger beginning is not 0
US3721,1012,0,YES,2026-01,0,1012,1012,1012,YES,
US3722,10,10,YES,2026-01,10,0,0,10,NO,First ledger beginning is not 0
US3723,1437,70,YES,2026-01,0,1437,1437,1507,YES,
US3724,526,526,YES,2026-01,526,0,0,526,NO,First ledger beginning is not 0
US3725,1808,1808,YES,2026-01,1808,0,0,1808,NO,First ledger beginning is not 0
US3726,196,196,YES,2026-01,196,0,0,196,NO,First ledger beginning is not 0
US3727,31,31,YES,2026-01,31,0,0,31,NO,First ledger beginning is not 0
US3728,479,479,YES,2026-01,479,0,0,479,NO,First ledger beginning is not 0
US3729,544,544,YES,2026-01,544,0,0,544,NO,First ledger beginning is not 0
US373,117,106,YES,2026-02,0,117,117,223,YES,
US3730,92,92,YES,2026-01,92,0,0,92,NO,First ledger beginning is not 0
US3731,13,253,YES,2026-01,13,0,0,253,NO,First ledger beginning is not 0
US3732,0,0,YES,2026-01,0,0,0,0,NO,Starting balance is 0 or negative
US3733,0,0,YES,2026-01,0,0,0,0,NO,Starting balance is 0 or negative
US3734,44,16,YES,2026-01,16,28,0,16,NO,First ledger beginning is not 0
US3735,1357,1357,YES,2026-01,1357,0,0,1357,NO,First ledger beginning is not 0
US3736,168,168,YES,2026-01,168,0,0,168,NO,First ledger beginning is not 0
US3737,190,190,YES,2026-01,190,0,0,190,NO,First ledger beginning is not 0
US3738,276,276,YES,2026-01,276,0,0,276,NO,First ledger beginning is not 0
US3739,651,666,YES,2026-01,666,-15,0,666,NO,First ledger beginning is not 0
US3740,0,0,YES,2026-01,0,0,0,0,NO,Starting balance is 0 or negative
US3741,32,29,YES,2026-01,0,32,32,61,YES,
US3742,3393,2749,YES,2026-01,0,3393,3393,6142,YES,
US3743,0,0,YES,2026-01,0,0,0,0,NO,Starting balance is 0 or negative
US3744,18,18,YES,2026-01,18,0,0,18,NO,First ledger beginning is not 0
US3745,707,707,YES,2026-01,707,0,0,707,NO,First ledger beginning is not 0
US3746,223,223,YES,2026-01,223,0,0,223,NO,First ledger beginning is not 0
US3747,0,0,YES,2026-01,0,0,0,0,NO,Starting balance is 0 or negative
US3748,0,0,YES,2026-01,0,0,0,0,NO,Starting balance is 0 or negative
US3749,293,293,YES,2026-01,293,0,0,293,NO,First ledger beginning is not 0
US375,37,37,YES,2026-02,37,0,0,37,NO,First ledger beginning is not 0
US3750,2077,73,YES,2026-01,41,2036,0,73,NO,First ledger beginning is not 0
US3751,0,0,YES,2026-01,0,0,0,0,NO,Starting balance is 0 or negative
US3752,19,19,YES,2026-01,19,0,0,19,NO,First ledger beginning is not 0
US3753,15,15,YES,2026-01,15,0,0,15,NO,First ledger beginning is not 0
US3754,15,15,YES,2026-01,15,0,0,15,NO,First ledger beginning is not 0
US3755,5099,360,YES,2026-01,0,5099,5099,5459,YES,
US3756,0,0,YES,2026-01,0,0,0,0,NO,Starting balance is 0 or negative
US3757,190,190,YES,2026-01,190,0,0,190,NO,First ledger beginning is not 0
US3758,29,29,YES,2026-01,29,0,0,29,NO,First ledger beginning is not 0
US3759,28,0,YES,2026-01,0,28,28,28,YES,
US3760,194,194,YES,2026-01,194,0,0,194,NO,First ledger beginning is not 0
US3761,378,378,YES,2026-01,378,0,0,378,NO,First ledger beginning is not 0
US3762,629,238,YES,2026-01,0,629,629,867,YES,
US3763,1357,19,YES,2026-01,19,1338,0,19,NO,First ledger beginning is not 0
US3764,1227,1268,YES,2026-01,1253,-26,0,1268,NO,First ledger beginning is not 0
US3765,79,79,YES,2026-01,79,0,0,79,NO,First ledger beginning is not 0
US3766,434,434,YES,2026-01,434,0,0,434,NO,First ledger beginning is not 0
US3767,0,0,YES,2026-01,0,0,0,0,NO,Starting balance is 0 or negative
US3768,24,24,YES,2026-01,24,0,0,24,NO,First ledger beginning is not 0
US3769,1653,1761,YES,2026-01,1653,0,0,1761,NO,First ledger beginning is not 0
US3770,797,1097,YES,2026-01,0,797,797,1894,YES,
US3771,0,0,YES,2026-01,0,0,0,0,NO,Starting balance is 0 or negative
US3772,97,97,YES,2026-01,97,0,0,97,NO,First ledger beginning is not 0
US3773,334,358,YES,2026-01,334,0,0,358,NO,First ledger beginning is not 0
US3774,75,91,YES,2026-01,75,0,0,91,NO,First ledger beginning is not 0
US3775,30,30,YES,2026-01,30,0,0,30,NO,First ledger beginning is not 0
US3776,118,136,YES,2026-01,118,0,0,136,NO,First ledger beginning is not 0
US3777,0,0,YES,2026-01,0,0,0,0,NO,Starting balance is 0 or negative
US3778,29,29,YES,2026-01,29,0,0,29,NO,First ledger beginning is not 0
US3779,52,52,YES,2026-01,52,0,0,52,NO,First ledger beginning is not 0
US378,174,174,YES,2026-02,174,0,0,174,NO,First ledger beginning is not 0
US3780,691,691,YES,2026-01,691,0,0,691,NO,First ledger beginning is not 0
US3781,1905,2439,YES,2026-01,1461,444,0,2439,NO,First ledger beginning is not 0
US3782,1898,3088,YES,2026-01,1326,572,0,3088,NO,First ledger beginning is not 0
US3783,266,771,YES,2026-01,0,266,266,1037,YES,
US3784,0,0,YES,2026-01,0,0,0,0,NO,Starting balance is 0 or negative
US3785,1232,205,YES,2026-01,0,1232,1232,1437,YES,
US3786,136,136,YES,2026-01,136,0,0,136,NO,First ledger beginning is not 0
US3787,0,0,YES,2026-01,0,0,0,0,NO,Starting balance is 0 or negative
US3788,93,110,YES,2026-01,93,0,0,110,NO,First ledger beginning is not 0
US3789,16,16,YES,2026-01,16,0,0,16,NO,First ledger beginning is not 0
US379,274,274,YES,2026-02,274,0,0,274,NO,First ledger beginning is not 0
US3790,101,101,YES,2026-01,101,0,0,101,NO,First ledger beginning is not 0
US3791,4,66,YES,2026-01,4,0,0,66,NO,First ledger beginning is not 0
US3792,9,9,YES,2026-01,9,0,0,9,NO,First ledger beginning is not 0
US3793,63,63,YES,2026-01,63,0,0,63,NO,First ledger beginning is not 0
US3794,1751,2187,YES,2026-01,0,1751,1751,3938,YES,
US3795,0,0,YES,2026-01,0,0,0,0,NO,Starting balance is 0 or negative
US3796,0,0,YES,2026-01,0,0,0,0,NO,Starting balance is 0 or negative
US3797,0,0,YES,2026-01,0,0,0,0,NO,Starting balance is 0 or negative
US3798,45,45,YES,2026-01,45,0,0,45,NO,First ledger beginning is not 0
US3799,172,70,YES,2026-01,0,172,172,242,YES,
US3800,13,13,YES,2026-01,13,0,0,13,NO,First ledger beginning is not 0
US3801,17,17,YES,2026-01,17,0,0,17,NO,First ledger beginning is not 0
US3802,724,1659,YES,2026-01,724,0,0,1659,NO,First ledger beginning is not 0
US3803,580,49,YES,2026-01,26,554,0,49,NO,First ledger beginning is not 0
US3804,31,31,YES,2026-01,31,0,0,31,NO,First ledger beginning is not 0
US3805,11,11,YES,2026-01,11,0,0,11,NO,First ledger beginning is not 0
US3806,190,0,YES,2026-01,0,190,190,190,YES,
US3807,0,0,YES,2026-01,0,0,0,0,NO,Starting balance is 0 or negative
US3808,266,266,YES,2026-01,266,0,0,266,NO,First ledger beginning is not 0
US3809,34,34,YES,2026-01,34,0,0,34,NO,First ledger beginning is not 0
US381,89,89,YES,2026-02,89,0,0,89,NO,First ledger beginning is not 0
US3810,539,539,YES,2026-01,539,0,0,539,NO,First ledger beginning is not 0
US3811,49,49,YES,2026-01,49,0,0,49,NO,First ledger beginning is not 0
US3812,541,604,YES,2026-01,541,0,0,604,NO,First ledger beginning is not 0
US3813,1279,133,YES,2026-01,0,1279,1279,1412,YES,
US3814,0,0,YES,2026-01,0,0,0,0,NO,Starting balance is 0 or negative
US3815,128,241,YES,2026-01,241,-113,0,241,NO,First ledger beginning is not 0
US3816,0,0,YES,2026-01,0,0,0,0,NO,Starting balance is 0 or negative
US3817,12,12,YES,2026-01,12,0,0,12,NO,First ledger beginning is not 0
US3818,399,433,YES,2026-01,433,-34,0,433,NO,First ledger beginning is not 0
US3819,111,111,YES,2026-01,111,0,0,111,NO,First ledger beginning is not 0
US382,3,421,YES,2026-02,3,0,0,421,NO,First ledger beginning is not 0
US3820,0,0,YES,2026-01,0,0,0,0,NO,Starting balance is 0 or negative
US3821,180,386,YES,2026-01,386,-206,0,386,NO,First ledger beginning is not 0
US3822,586,17,YES,2026-03,586,0,0,17,NO,First ledger beginning is not 0
US3824,16841,17744,YES,2026-01,16841,0,0,17744,NO,First ledger beginning is not 0
US3825,194,0,YES,2026-01,0,194,194,194,YES,
US3826,150,150,YES,2026-01,150,0,0,150,NO,First ledger beginning is not 0
US3827,12,12,YES,2026-01,12,0,0,12,NO,First ledger beginning is not 0
US3828,0,0,YES,2026-01,0,0,0,0,NO,Starting balance is 0 or negative
US3829,1947,0,YES,2026-01,0,1947,1947,1947,YES,
US383,4918,4918,YES,2026-02,4918,0,0,4918,NO,First ledger beginning is not 0
US3830,86,86,YES,2026-01,86,0,0,86,NO,First ledger beginning is not 0
US3831,891,3618,YES,2026-01,0,891,891,4509,YES,
US3832,0,0,YES,2026-01,0,0,0,0,NO,Starting balance is 0 or negative
US3833,43,43,YES,2026-01,43,0,0,43,NO,First ledger beginning is not 0
US3834,0,0,YES,2026-01,0,0,0,0,NO,Starting balance is 0 or negative
US3835,253,367,YES,2026-01,0,253,253,620,YES,
US3836,452,452,YES,2026-01,452,0,0,452,NO,First ledger beginning is not 0
US3837,73,73,YES,2026-01,73,0,0,73,NO,First ledger beginning is not 0
US3838,2,26,YES,2026-01,26,-24,0,26,NO,First ledger beginning is not 0
US3839,219,219,YES,2026-01,219,0,0,219,NO,First ledger beginning is not 0
US384,219,233,YES,2026-02,233,-14,0,233,NO,First ledger beginning is not 0
US3840,4,22,YES,2026-01,4,0,0,22,NO,First ledger beginning is not 0
US3841,10,10,YES,2026-01,10,0,0,10,NO,First ledger beginning is not 0
US3842,0,0,YES,2026-01,0,0,0,0,NO,Starting balance is 0 or negative
US384218,0,0,NO,,0,0,0,0,NO,Starting balance is 0 or negative
US3843,8,8,YES,2026-01,8,0,0,8,NO,First ledger beginning is not 0
US3844,160,160,YES,2026-01,160,0,0,160,NO,First ledger beginning is not 0
US3845,0,0,YES,2026-01,0,0,0,0,NO,Starting balance is 0 or negative
US3846,410,128,YES,2026-01,128,282,0,128,NO,First ledger beginning is not 0
US3847,323,323,YES,2026-01,323,0,0,323,NO,First ledger beginning is not 0
US3848,502,502,YES,2026-01,502,0,0,502,NO,First ledger beginning is not 0
US3849,311,264,YES,2026-01,311,0,0,264,NO,First ledger beginning is not 0
US385,16,16,YES,2026-02,16,0,0,16,NO,First ledger beginning is not 0
US3850,167,185,YES,2026-01,185,-18,0,185,NO,First ledger beginning is not 0
US3851,357,357,YES,2026-01,357,0,0,357,NO,First ledger beginning is not 0
US3852,131,131,YES,2026-01,131,0,0,131,NO,First ledger beginning is not 0
US3853,0,0,YES,2026-01,0,0,0,0,NO,Starting balance is 0 or negative
US3854,85,85,YES,2026-01,85,0,0,85,NO,First ledger beginning is not 0
US3855,0,0,YES,2026-01,0,0,0,0,NO,Starting balance is 0 or negative
US3856,483,508,YES,2026-01,508,-25,0,508,NO,First ledger beginning is not 0
US3857,0,52,YES,2026-01,0,0,0,52,NO,Starting balance is 0 or negative
US3858,42,42,YES,2026-01,42,0,0,42,NO,First ledger beginning is not 0
US3859,535,535,YES,2026-01,535,0,0,535,NO,First ledger beginning is not 0
US3860,1372,174,YES,2026-01,0,1372,1372,1546,YES,
US3861,80,80,YES,2026-01,80,0,0,80,NO,First ledger beginning is not 0
US3862,428,85,YES,2026-01,44,384,0,85,NO,First ledger beginning is not 0
US3863,11,11,YES,2026-01,11,0,0,11,NO,First ledger beginning is not 0
US3864,0,0,YES,2026-01,0,0,0,0,NO,Starting balance is 0 or negative
US3865,1544,1333,YES,2026-01,1544,0,0,1333,NO,First ledger beginning is not 0
US3866,0,0,YES,2026-01,0,0,0,0,NO,Starting balance is 0 or negative
US3867,114,55,YES,2026-01,23,91,0,55,NO,First ledger beginning is not 0
US3868,1895,1895,YES,2026-01,1895,0,0,1895,NO,First ledger beginning is not 0
US3869,29,29,YES,2026-01,29,0,0,29,NO,First ledger beginning is not 0
US387,104,104,YES,2026-02,104,0,0,104,NO,First ledger beginning is not 0
US3870,79,79,YES,2026-01,79,0,0,79,NO,First ledger beginning is not 0
US3871,26,26,YES,2026-01,26,0,0,26,NO,First ledger beginning is not 0
US3872,0,0,YES,2026-01,0,0,0,0,NO,Starting balance is 0 or negative
US3873,2,115,YES,2026-01,2,0,0,115,NO,First ledger beginning is not 0
US3874,0,0,YES,2026-01,0,0,0,0,NO,Starting balance is 0 or negative
US3875,8,18,YES,2026-01,0,8,8,26,YES,
US3876,192,192,YES,2026-01,192,0,0,192,NO,First ledger beginning is not 0
US3877,293,293,YES,2026-01,293,0,0,293,NO,First ledger beginning is not 0
US3878,205,205,YES,2026-01,205,0,0,205,NO,First ledger beginning is not 0
US3879,7,7,YES,2026-01,7,0,0,7,NO,First ledger beginning is not 0
US388,2264,2264,YES,2026-02,2264,0,0,2264,NO,First ledger beginning is not 0
US3880,1034,1051,YES,2026-01,1034,0,0,1051,NO,First ledger beginning is not 0
US3881,0,0,YES,2026-01,0,0,0,0,NO,Starting balance is 0 or negative
US3882,7472,508,YES,2026-01,0,7472,7472,7980,YES,
US3883,34,34,YES,2026-01,34,0,0,34,NO,First ledger beginning is not 0
US3884,422,437,YES,2026-01,422,0,0,437,NO,First ledger beginning is not 0
US3885,0,0,YES,2026-01,0,0,0,0,NO,Starting balance is 0 or negative
US3886,121,121,YES,2026-03,121,0,0,121,NO,First ledger beginning is not 0
US3887,69,69,YES,2026-01,69,0,0,69,NO,First ledger beginning is not 0
US3888,0,0,YES,2026-01,0,0,0,0,NO,Starting balance is 0 or negative
US3889,0,0,YES,2026-01,0,0,0,0,NO,Starting balance is 0 or negative
US3890,182,227,YES,2026-01,126,56,0,227,NO,First ledger beginning is not 0
US3891,555,695,YES,2026-01,555,0,0,695,NO,First ledger beginning is not 0
US3892,191,191,YES,2026-01,191,0,0,191,NO,First ledger beginning is not 0
US3893,3019,3592,YES,2026-01,0,3019,3019,6611,YES,
US3894,807,807,YES,2026-01,807,0,0,807,NO,First ledger beginning is not 0
US3895,3471,3518,YES,2026-01,3471,0,0,3518,NO,First ledger beginning is not 0
US3896,158,114,YES,2026-01,0,158,158,272,YES,
US3897,131,131,YES,2026-01,131,0,0,131,NO,First ledger beginning is not 0
US3898,378,378,YES,2026-01,378,0,0,378,NO,First ledger beginning is not 0
US3899,2380,345,YES,2026-01,0,2380,2380,2725,YES,
US390,322,322,YES,2026-02,322,0,0,322,NO,First ledger beginning is not 0
US3900,87,87,YES,2026-01,87,0,0,87,NO,First ledger beginning is not 0
US3901,83,83,YES,2026-01,83,0,0,83,NO,First ledger beginning is not 0
US3902,0,16,YES,2026-01,0,0,0,16,NO,Starting balance is 0 or negative
US3903,315,91,YES,2026-01,0,315,315,406,YES,
US3904,56,58,YES,2026-01,0,56,56,114,YES,
US3905,18,18,YES,2026-01,18,0,0,18,NO,First ledger beginning is not 0
US3906,0,0,YES,2026-01,0,0,0,0,NO,Starting balance is 0 or negative
US3907,30,30,YES,2026-01,30,0,0,30,NO,First ledger beginning is not 0
US3908,1346,0,YES,2026-01,0,1346,1346,1346,YES,
US3909,0,0,YES,2026-01,0,0,0,0,NO,Starting balance is 0 or negative
US3910,1087,1194,YES,2026-01,1087,0,0,1194,NO,First ledger beginning is not 0
US3911,2,2,YES,2026-01,2,0,0,2,NO,First ledger beginning is not 0
US3912,957,796,YES,2026-01,957,0,0,796,NO,First ledger beginning is not 0
US3913,155,352,YES,2026-01,0,155,155,507,YES,
US3914,319,319,YES,2026-01,319,0,0,319,NO,First ledger beginning is not 0
US3915,30,178,YES,2026-01,0,30,30,208,YES,
US3916,583,583,YES,2026-01,583,0,0,583,NO,First ledger beginning is not 0
US3917,47,47,YES,2026-01,47,0,0,47,NO,First ledger beginning is not 0
US3918,615,615,YES,2026-01,615,0,0,615,NO,First ledger beginning is not 0
US3919,119,119,YES,2026-01,119,0,0,119,NO,First ledger beginning is not 0
US3920,236,310,YES,2026-01,0,236,236,546,YES,
US3921,11,11,YES,2026-01,11,0,0,11,NO,First ledger beginning is not 0
US3922,103,103,YES,2026-01,103,0,0,103,NO,First ledger beginning is not 0
US3923,7,17,YES,2026-01,17,-10,0,17,NO,First ledger beginning is not 0
US3924,484,484,YES,2026-01,484,0,0,484,NO,First ledger beginning is not 0
US3925,921,2669,YES,2026-01,1000,-79,0,2669,NO,First ledger beginning is not 0
US3926,495,495,YES,2026-01,495,0,0,495,NO,First ledger beginning is not 0
US3927,76,25,YES,2026-01,0,76,76,101,YES,
US3928,309,394,YES,2026-01,309,0,0,394,NO,First ledger beginning is not 0
US3929,0,0,YES,2026-01,0,0,0,0,NO,Starting balance is 0 or negative
US393,21092,1672,YES,2026-02,0,21092,21092,22764,YES,
US3930,0,0,YES,2026-01,0,0,0,0,NO,Starting balance is 0 or negative
US3931,0,0,YES,2026-01,0,0,0,0,NO,Starting balance is 0 or negative
US3932,12,12,YES,2026-01,12,0,0,12,NO,First ledger beginning is not 0
US3933,420,420,YES,2026-01,420,0,0,420,NO,First ledger beginning is not 0
US3934,1817,990,YES,2026-01,0,1817,1817,2807,YES,
US3935,15417,1591,YES,2026-01,0,15417,15417,17008,YES,
US3936,42,42,YES,2026-01,42,0,0,42,NO,First ledger beginning is not 0
US3937,0,0,YES,2026-01,0,0,0,0,NO,Starting balance is 0 or negative
US3938,333,333,YES,2026-01,333,0,0,333,NO,First ledger beginning is not 0
US3939,4,4,YES,2026-01,4,0,0,4,NO,First ledger beginning is not 0
US394,977,977,YES,2026-02,977,0,0,977,NO,First ledger beginning is not 0
US3940,0,0,YES,2026-01,0,0,0,0,NO,Starting balance is 0 or negative
US3941,120,138,YES,2026-01,120,0,0,138,NO,First ledger beginning is not 0
US3942,78,0,YES,2026-01,0,78,78,78,YES,
US3943,720,720,YES,2026-01,720,0,0,720,NO,First ledger beginning is not 0
US3944,241,241,YES,2026-01,241,0,0,241,NO,First ledger beginning is not 0
US3945,0,0,YES,2026-01,0,0,0,0,NO,Starting balance is 0 or negative
US3946,3407,750,YES,2026-01,0,3407,3407,4157,YES,
US3947,12,12,YES,2026-01,12,0,0,12,NO,First ledger beginning is not 0
US3948,349,349,YES,2026-01,349,0,0,349,NO,First ledger beginning is not 0
US3949,380,380,YES,2026-01,380,0,0,380,NO,First ledger beginning is not 0
US395,373,389,YES,2026-02,389,-16,0,389,NO,First ledger beginning is not 0
US3950,0,0,YES,2026-01,0,0,0,0,NO,Starting balance is 0 or negative
US3951,42,42,YES,2026-01,42,0,0,42,NO,First ledger beginning is not 0
US3952,19,19,YES,2026-01,19,0,0,19,NO,First ledger beginning is not 0
US3953,473,497,YES,2026-01,473,0,0,497,NO,First ledger beginning is not 0
US3954,24,24,YES,2026-01,24,0,0,24,NO,First ledger beginning is not 0
US3955,12,12,YES,2026-01,12,0,0,12,NO,First ledger beginning is not 0
US3956,20,20,YES,2026-01,20,0,0,20,NO,First ledger beginning is not 0
US3957,126,126,YES,2026-01,126,0,0,126,NO,First ledger beginning is not 0
US3958,5,42,YES,2026-01,5,0,0,42,NO,First ledger beginning is not 0
US3959,1008,1008,YES,2026-01,1008,0,0,1008,NO,First ledger beginning is not 0
US396,34,34,YES,2026-02,34,0,0,34,NO,First ledger beginning is not 0
US3960,512,512,YES,2026-01,512,0,0,512,NO,First ledger beginning is not 0
US3961,37,67,YES,2026-01,0,37,37,104,YES,
US3962,5,5,YES,2026-01,5,0,0,5,NO,First ledger beginning is not 0
US3963,3221,36,YES,2026-01,0,3221,3221,3257,YES,
US3964,98,98,YES,2026-01,98,0,0,98,NO,First ledger beginning is not 0
US3965,0,0,YES,2026-01,0,0,0,0,NO,Starting balance is 0 or negative
US3966,0,86,YES,2026-01,0,0,0,86,NO,Starting balance is 0 or negative
US3967,119,119,YES,2026-01,119,0,0,119,NO,First ledger beginning is not 0
US3968,320,488,YES,2026-01,0,320,320,808,YES,
US3969,0,0,YES,2026-01,0,0,0,0,NO,Starting balance is 0 or negative
US3970,377,377,YES,2026-01,377,0,0,377,NO,First ledger beginning is not 0
US3971,8,11,YES,2026-01,0,8,8,19,YES,
US3972,2451,0,YES,2026-01,0,2451,2451,2451,YES,
US3973,11,11,YES,2026-01,11,0,0,11,NO,First ledger beginning is not 0
US3974,141,141,YES,2026-01,141,0,0,141,NO,First ledger beginning is not 0
US3975,48,48,YES,2026-01,48,0,0,48,NO,First ledger beginning is not 0
US3976,89,89,YES,2026-01,89,0,0,89,NO,First ledger beginning is not 0
US3977,159,159,YES,2026-01,159,0,0,159,NO,First ledger beginning is not 0
US3978,0,0,YES,2026-01,0,0,0,0,NO,Starting balance is 0 or negative
US3979,69,69,YES,2026-01,69,0,0,69,NO,First ledger beginning is not 0
US398,81,81,YES,2026-02,81,0,0,81,NO,First ledger beginning is not 0
US3980,29,45,YES,2026-01,29,0,0,45,NO,First ledger beginning is not 0
US3981,91,91,YES,2026-01,91,0,0,91,NO,First ledger beginning is not 0
US3982,165,165,YES,2026-01,165,0,0,165,NO,First ledger beginning is not 0
US3983,98,98,YES,2026-01,98,0,0,98,NO,First ledger beginning is not 0
US3984,362,362,YES,2026-01,362,0,0,362,NO,First ledger beginning is not 0
US3985,133,158,YES,2026-01,133,0,0,158,NO,First ledger beginning is not 0
US3986,61,0,YES,2026-01,0,61,61,61,YES,
US3988,116,116,YES,2026-01,116,0,0,116,NO,First ledger beginning is not 0
US3989,25,25,YES,2026-01,25,0,0,25,NO,First ledger beginning is not 0
US399,611,29,YES,2026-02,29,582,0,29,NO,First ledger beginning is not 0
US3990,20,20,YES,2026-01,20,0,0,20,NO,First ledger beginning is not 0
US3991,472,253,YES,2026-01,0,472,472,725,YES,
US3992,7,7,YES,2026-01,7,0,0,7,NO,First ledger beginning is not 0
US3993,1382,1382,YES,2026-01,1382,0,0,1382,NO,First ledger beginning is not 0
US3994,54,54,YES,2026-01,54,0,0,54,NO,First ledger beginning is not 0
US3995,73,73,YES,2026-01,73,0,0,73,NO,First ledger beginning is not 0
US3996,0,0,YES,2026-01,0,0,0,0,NO,Starting balance is 0 or negative
US3997,190,190,YES,2026-01,190,0,0,190,NO,First ledger beginning is not 0
US3998,30,30,YES,2026-01,30,0,0,30,NO,First ledger beginning is not 0
US3999,173,173,YES,2026-01,173,0,0,173,NO,First ledger beginning is not 0
US400,143,443,YES,2026-02,0,143,143,586,YES,
US4000,0,0,YES,2026-01,0,0,0,0,NO,Starting balance is 0 or negative
US4001,652,652,YES,2026-01,652,0,0,652,NO,First ledger beginning is not 0
US4002,0,46,YES,2026-01,0,0,0,46,NO,Starting balance is 0 or negative
US4003,371,371,YES,2026-01,371,0,0,371,NO,First ledger beginning is not 0
US4004,281,281,YES,2026-01,281,0,0,281,NO,First ledger beginning is not 0
US4005,103,103,YES,2026-01,103,0,0,103,NO,First ledger beginning is not 0
US4006,20,20,YES,2026-01,20,0,0,20,NO,First ledger beginning is not 0
US4007,0,0,YES,2026-01,0,0,0,0,NO,Starting balance is 0 or negative
US4008,895,100,YES,2026-01,0,895,895,995,YES,
US4009,745,745,YES,2026-01,745,0,0,745,NO,First ledger beginning is not 0
US401,141,152,YES,2026-02,152,-11,0,152,NO,First ledger beginning is not 0
US4010,0,0,YES,2026-01,0,0,0,0,NO,Starting balance is 0 or negative
US4011,1,1,YES,2026-01,1,0,0,1,NO,First ledger beginning is not 0
US4012,0,0,YES,2026-01,0,0,0,0,NO,Starting balance is 0 or negative
US4013,0,0,YES,2026-01,0,0,0,0,NO,Starting balance is 0 or negative
US4014,69,69,YES,2026-01,69,0,0,69,NO,First ledger beginning is not 0
US4015,12,12,YES,2026-01,12,0,0,12,NO,First ledger beginning is not 0
US4016,34,34,YES,2026-01,34,0,0,34,NO,First ledger beginning is not 0
US4017,125,125,YES,2026-01,125,0,0,125,NO,First ledger beginning is not 0
US4018,2325,2325,YES,2026-01,2325,0,0,2325,NO,First ledger beginning is not 0
US4019,467,467,YES,2026-01,467,0,0,467,NO,First ledger beginning is not 0
US402,706,81,YES,2026-02,0,706,706,787,YES,
US4020,187,187,YES,2026-01,187,0,0,187,NO,First ledger beginning is not 0
US4021,96,96,YES,2026-01,96,0,0,96,NO,First ledger beginning is not 0
US4022,0,0,YES,2026-01,0,0,0,0,NO,Starting balance is 0 or negative
US4023,20,20,YES,2026-01,20,0,0,20,NO,First ledger beginning is not 0
US4024,8,39,YES,2026-01,39,-31,0,39,NO,First ledger beginning is not 0
US4025,0,0,YES,2026-01,0,0,0,0,NO,Starting balance is 0 or negative
US4026,524,73,YES,2026-01,0,524,524,597,YES,
US4027,42,42,YES,2026-01,42,0,0,42,NO,First ledger beginning is not 0
US4028,13,13,YES,2026-01,13,0,0,13,NO,First ledger beginning is not 0
US4029,0,0,YES,2026-01,0,0,0,0,NO,Starting balance is 0 or negative
US4030,58,58,YES,2026-01,58,0,0,58,NO,First ledger beginning is not 0
US4031,76,91,YES,2026-01,91,-15,0,91,NO,First ledger beginning is not 0
US4032,19,33,YES,2026-01,0,19,19,52,YES,
US4033,11,6,YES,2026-01,11,0,0,6,NO,First ledger beginning is not 0
US4034,0,0,YES,2026-01,0,0,0,0,NO,Starting balance is 0 or negative
US4035,0,0,YES,2026-01,0,0,0,0,NO,Starting balance is 0 or negative
US4036,0,0,YES,2026-01,0,0,0,0,NO,Starting balance is 0 or negative
US4037,74,74,YES,2026-01,74,0,0,74,NO,First ledger beginning is not 0
US4038,79,79,YES,2026-01,79,0,0,79,NO,First ledger beginning is not 0
US4039,707,707,YES,2026-01,707,0,0,707,NO,First ledger beginning is not 0
US404,55,55,YES,2026-02,55,0,0,55,NO,First ledger beginning is not 0
US4040,493,0,YES,2026-01,0,493,493,493,YES,
US4041,79,121,YES,2026-01,79,0,0,121,NO,First ledger beginning is not 0
US4042,22,22,YES,2026-01,22,0,0,22,NO,First ledger beginning is not 0
US4043,539,539,YES,2026-01,539,0,0,539,NO,First ledger beginning is not 0
US4044,0,0,YES,2026-01,0,0,0,0,NO,Starting balance is 0 or negative
US4045,1864,1881,YES,2026-01,0,1864,1864,3745,YES,
US4046,173,173,YES,2026-01,173,0,0,173,NO,First ledger beginning is not 0
US4047,132,132,YES,2026-01,132,0,0,132,NO,First ledger beginning is not 0
US4048,2050,243,YES,2026-01,0,2050,2050,2293,YES,
US404836,0,20,NO,,0,0,0,20,NO,Starting balance is 0 or negative
US4049,0,0,YES,2026-01,0,0,0,0,NO,Starting balance is 0 or negative
US405,234,234,YES,2026-02,234,0,0,234,NO,First ledger beginning is not 0
US4050,133,133,YES,2026-01,133,0,0,133,NO,First ledger beginning is not 0
US4051,0,0,YES,2026-01,0,0,0,0,NO,Starting balance is 0 or negative
US4052,3,3,YES,2026-01,3,0,0,3,NO,First ledger beginning is not 0
US4053,125,0,YES,2026-01,0,125,125,125,YES,
US4054,159,159,YES,2026-01,159,0,0,159,NO,First ledger beginning is not 0
US4055,1317,105,YES,2026-01,0,1317,1317,1422,YES,
US4056,0,0,YES,2026-01,0,0,0,0,NO,Starting balance is 0 or negative
US4057,0,0,YES,2026-01,0,0,0,0,NO,Starting balance is 0 or negative
US4058,472,472,YES,2026-01,472,0,0,472,NO,First ledger beginning is not 0
US4059,1817,38,YES,2026-01,38,1779,0,38,NO,First ledger beginning is not 0
US406,208,67,YES,2026-02,0,208,208,275,YES,
US4060,3,3,YES,2026-01,3,0,0,3,NO,First ledger beginning is not 0
US4061,1,32,YES,2026-01,0,1,1,33,YES,
US4062,67,67,YES,2026-01,67,0,0,67,NO,First ledger beginning is not 0
US4063,22740,23460,YES,2026-01,22010,730,0,23460,NO,First ledger beginning is not 0
US4064,0,0,YES,2026-01,0,0,0,0,NO,Starting balance is 0 or negative
US4065,0,0,YES,2026-01,0,0,0,0,NO,Starting balance is 0 or negative
US4066,196,61,YES,2026-01,1,195,0,61,NO,First ledger beginning is not 0
US4067,1229,0,YES,2026-01,0,1229,1229,1229,YES,
US4068,542,645,YES,2026-01,542,0,0,645,NO,First ledger beginning is not 0
US4069,889,0,YES,2026-01,0,889,889,889,YES,
US407,367,387,YES,2026-02,387,-20,0,387,NO,First ledger beginning is not 0
US4070,0,0,YES,2026-01,0,0,0,0,NO,Starting balance is 0 or negative
US4071,568,5,YES,2026-01,0,568,568,573,YES,
US4072,320,320,YES,2026-01,320,0,0,320,NO,First ledger beginning is not 0
US4073,0,0,YES,2026-01,0,0,0,0,NO,Starting balance is 0 or negative
US4074,507,386,YES,2026-01,371,136,0,386,NO,First ledger beginning is not 0
US4075,187,187,YES,2026-01,187,0,0,187,NO,First ledger beginning is not 0
US4076,1449,1449,YES,2026-01,1449,0,0,1449,NO,First ledger beginning is not 0
US4077,168,168,YES,2026-01,168,0,0,168,NO,First ledger beginning is not 0
US4078,48,48,YES,2026-01,48,0,0,48,NO,First ledger beginning is not 0
US4079,166,166,YES,2026-01,166,0,0,166,NO,First ledger beginning is not 0
US408,29,0,YES,2026-02,0,29,29,29,YES,
US4080,14,14,YES,2026-01,14,0,0,14,NO,First ledger beginning is not 0
US408098,0,0,NO,,0,0,0,0,NO,Starting balance is 0 or negative
US4081,0,0,YES,2026-01,0,0,0,0,NO,Starting balance is 0 or negative
US4082,12,12,YES,2026-01,12,0,0,12,NO,First ledger beginning is not 0
US4083,0,0,YES,2026-01,0,0,0,0,NO,Starting balance is 0 or negative
US4084,235,250,YES,2026-01,235,0,0,250,NO,First ledger beginning is not 0
US4085,25,25,YES,2026-01,25,0,0,25,NO,First ledger beginning is not 0
US4086,253,253,YES,2026-01,253,0,0,253,NO,First ledger beginning is not 0
US4087,15,15,YES,2026-01,15,0,0,15,NO,First ledger beginning is not 0
US4088,0,0,YES,2026-01,0,0,0,0,NO,Starting balance is 0 or negative
US4089,239,271,YES,2026-01,0,239,239,510,YES,
US409,2881,63,YES,2026-02,0,2881,2881,2944,YES,
US4090,302,319,YES,2026-01,319,-17,0,319,NO,First ledger beginning is not 0
US4091,11,11,YES,2026-01,11,0,0,11,NO,First ledger beginning is not 0
US4092,0,0,YES,2026-01,0,0,0,0,NO,Starting balance is 0 or negative
US4093,946,946,YES,2026-01,946,0,0,946,NO,First ledger beginning is not 0
US4094,0,0,YES,2026-01,0,0,0,0,NO,Starting balance is 0 or negative
US4095,1,1,YES,2026-01,1,0,0,1,NO,First ledger beginning is not 0
US4096,163,163,YES,2026-01,163,0,0,163,NO,First ledger beginning is not 0
US4097,432,432,YES,2026-01,432,0,0,432,NO,First ledger beginning is not 0
US4098,256,256,YES,2026-01,256,0,0,256,NO,First ledger beginning is not 0
US4099,216,216,YES,2026-01,216,0,0,216,NO,First ledger beginning is not 0
US410,5,23,YES,2026-02,23,-18,0,23,NO,First ledger beginning is not 0
US4100,6,6,YES,2026-01,6,0,0,6,NO,First ledger beginning is not 0
US4101,34,34,YES,2026-01,34,0,0,34,NO,First ledger beginning is not 0
US4102,103,103,YES,2026-01,103,0,0,103,NO,First ledger beginning is not 0
US4103,105,105,YES,2026-01,105,0,0,105,NO,First ledger beginning is not 0
US4104,462,462,YES,2026-01,462,0,0,462,NO,First ledger beginning is not 0
US4105,48,48,YES,2026-01,48,0,0,48,NO,First ledger beginning is not 0
US410554,0,0,NO,,0,0,0,0,NO,Starting balance is 0 or negative
US4106,0,0,YES,2026-01,0,0,0,0,NO,Starting balance is 0 or negative
US4107,1261,0,YES,2026-01,0,1261,1261,1261,YES,
US4108,403,352,YES,2026-01,403,0,0,352,NO,First ledger beginning is not 0
US4109,120,120,YES,2026-01,120,0,0,120,NO,First ledger beginning is not 0
US411,5,47,YES,2026-02,25,-20,0,47,NO,First ledger beginning is not 0
US4110,0,0,YES,2026-01,0,0,0,0,NO,Starting balance is 0 or negative
US4111,79,79,YES,2026-01,79,0,0,79,NO,First ledger beginning is not 0
US4112,100,100,YES,2026-01,0,100,100,200,YES,
US4113,0,0,YES,2026-01,0,0,0,0,NO,Starting balance is 0 or negative
US4114,213,213,YES,2026-01,213,0,0,213,NO,First ledger beginning is not 0
US4115,328,328,YES,2026-01,328,0,0,328,NO,First ledger beginning is not 0
US4116,343,343,YES,2026-01,343,0,0,343,NO,First ledger beginning is not 0
US4117,74,74,YES,2026-01,74,0,0,74,NO,First ledger beginning is not 0
US4118,26,34,YES,2026-01,126,-100,0,34,NO,First ledger beginning is not 0
US4119,281,300,YES,2026-01,281,0,0,300,NO,First ledger beginning is not 0
US412,234,234,YES,2026-02,234,0,0,234,NO,First ledger beginning is not 0
US4120,147,216,YES,2026-01,147,0,0,216,NO,First ledger beginning is not 0
US4121,0,0,YES,2026-01,0,0,0,0,NO,Starting balance is 0 or negative
US412138,0,,NO,,,,0,,NO,Missing SR customer record
US4122,215,1993,YES,2026-01,0,215,215,2208,YES,
US4123,0,0,YES,2026-01,0,0,0,0,NO,Starting balance is 0 or negative
US4124,565,52,YES,2026-01,36,529,0,52,NO,First ledger beginning is not 0
US4125,0,44,YES,2026-01,0,0,0,44,NO,Starting balance is 0 or negative
US4126,-1276,-1258,YES,2026-01,-1258,-18,0,-1258,NO,Starting balance is 0 or negative
US4127,0,0,YES,2026-01,0,0,0,0,NO,Starting balance is 0 or negative
US4128,162,162,YES,2026-01,162,0,0,162,NO,First ledger beginning is not 0
US4129,4568,0,YES,2026-01,0,4568,4568,4568,YES,
US413,50,5,YES,2026-02,5,45,0,5,NO,First ledger beginning is not 0
US4130,88,88,YES,2026-01,88,0,0,88,NO,First ledger beginning is not 0
US4131,930,968,YES,2026-01,800,130,0,968,NO,First ledger beginning is not 0
US4132,166,163,YES,2026-01,0,166,166,329,YES,
US4133,290,290,YES,2026-01,290,0,0,290,NO,First ledger beginning is not 0
US4134,162,162,YES,2026-01,162,0,0,162,NO,First ledger beginning is not 0
US4135,105,105,YES,2026-01,105,0,0,105,NO,First ledger beginning is not 0
US4136,3119,3281,YES,2026-01,3119,0,0,3281,NO,First ledger beginning is not 0
US4137,372,372,YES,2026-01,372,0,0,372,NO,First ledger beginning is not 0
US4138,800,983,YES,2026-01,800,0,0,983,NO,First ledger beginning is not 0
US4139,500,500,YES,2026-01,500,0,0,500,NO,First ledger beginning is not 0
US414,127,233,YES,2026-02,0,127,127,360,YES,
US4140,715,715,YES,2026-01,715,0,0,715,NO,First ledger beginning is not 0
US4141,1,1,YES,2026-01,1,0,0,1,NO,First ledger beginning is not 0
US4142,716,30,YES,2026-01,0,716,716,746,YES,
US4143,532,532,YES,2026-01,532,0,0,532,NO,First ledger beginning is not 0
US4144,375,375,YES,2026-01,375,0,0,375,NO,First ledger beginning is not 0
US4145,1331,1355,YES,2026-01,1355,-24,0,1355,NO,First ledger beginning is not 0
US4146,142,142,YES,2026-01,142,0,0,142,NO,First ledger beginning is not 0
US4147,34,34,YES,2026-01,34,0,0,34,NO,First ledger beginning is not 0
US4148,37,37,YES,2026-01,37,0,0,37,NO,First ledger beginning is not 0
US4149,195,195,YES,2026-01,195,0,0,195,NO,First ledger beginning is not 0
US415,98,6,YES,2026-02,0,98,98,104,YES,
US4150,214,214,YES,2026-01,214,0,0,214,NO,First ledger beginning is not 0
US4151,159,159,YES,2026-01,159,0,0,159,NO,First ledger beginning is not 0
US4152,1403,1403,YES,2026-01,1403,0,0,1403,NO,First ledger beginning is not 0
US4153,474,57,YES,2026-01,0,474,474,531,YES,
US4154,95,95,YES,2026-01,95,0,0,95,NO,First ledger beginning is not 0
US4155,70,70,YES,2026-01,70,0,0,70,NO,First ledger beginning is not 0
US4156,79,79,YES,2026-01,79,0,0,79,NO,First ledger beginning is not 0
US4157,199,199,YES,2026-01,199,0,0,199,NO,First ledger beginning is not 0
US4158,109,62,YES,2026-01,0,109,109,171,YES,
US4159,675,1971,YES,2026-01,1955,-1280,0,1971,NO,First ledger beginning is not 0
US416,451,451,YES,2026-02,451,0,0,451,NO,First ledger beginning is not 0
US4160,371,371,YES,2026-01,371,0,0,371,NO,First ledger beginning is not 0
US4162,0,0,YES,2026-01,0,0,0,0,NO,Starting balance is 0 or negative
US4163,2031,617,YES,2026-01,0,2031,2031,2648,YES,
US4164,2907,2892,YES,2026-01,2749,158,0,2892,NO,First ledger beginning is not 0
US4165,51,51,YES,2026-01,51,0,0,51,NO,First ledger beginning is not 0
US4166,2841,2841,YES,2026-01,2841,0,0,2841,NO,First ledger beginning is not 0
US4167,1098,1098,YES,2026-01,1098,0,0,1098,NO,First ledger beginning is not 0
US4168,2789,3248,YES,2026-01,2789,0,0,3248,NO,First ledger beginning is not 0
US4169,487,487,YES,2026-01,487,0,0,487,NO,First ledger beginning is not 0
US417,216,216,YES,2026-02,216,0,0,216,NO,First ledger beginning is not 0
US4170,212,212,YES,2026-01,212,0,0,212,NO,First ledger beginning is not 0
US4171,2324,2473,YES,2026-01,2363,-39,0,2473,NO,First ledger beginning is not 0
US4172,1322,1414,YES,2026-01,1414,-92,0,1414,NO,First ledger beginning is not 0
US4173,92,92,YES,2026-01,92,0,0,92,NO,First ledger beginning is not 0
US4174,168,168,YES,2026-01,168,0,0,168,NO,First ledger beginning is not 0
US4175,3,3,YES,2026-01,3,0,0,3,NO,First ledger beginning is not 0
US4176,916,20,YES,2026-01,0,916,916,936,YES,
US4177,1314,139,YES,2026-01,0,1314,1314,1453,YES,
US4178,464,464,YES,2026-01,464,0,0,464,NO,First ledger beginning is not 0
US4179,617,617,YES,2026-01,617,0,0,617,NO,First ledger beginning is not 0
US4180,270,270,YES,2026-01,270,0,0,270,NO,First ledger beginning is not 0
US4181,248,24,YES,2026-01,24,224,0,24,NO,First ledger beginning is not 0
US4182,1901,1901,YES,2026-01,1901,0,0,1901,NO,First ledger beginning is not 0
US4183,348,398,YES,2026-01,348,0,0,398,NO,First ledger beginning is not 0
US4184,293,293,YES,2026-01,293,0,0,293,NO,First ledger beginning is not 0
US4185,2204,0,YES,2026-01,0,2204,2204,2204,YES,
US4186,1,1,YES,2026-01,1,0,0,1,NO,First ledger beginning is not 0
US4187,1337,1337,YES,2026-01,1337,0,0,1337,NO,First ledger beginning is not 0
US4188,285,285,YES,2026-01,285,0,0,285,NO,First ledger beginning is not 0
US4189,386,386,YES,2026-01,386,0,0,386,NO,First ledger beginning is not 0
US419,238,444,YES,2026-02,448,-210,0,444,NO,First ledger beginning is not 0
US4190,1,18,YES,2026-01,1,0,0,18,NO,First ledger beginning is not 0
US4191,906,933,YES,2026-01,933,-27,0,933,NO,First ledger beginning is not 0
US4192,918,918,YES,2026-01,918,0,0,918,NO,First ledger beginning is not 0
US4193,1014,1014,YES,2026-01,1014,0,0,1014,NO,First ledger beginning is not 0
US4194,222,222,YES,2026-01,222,0,0,222,NO,First ledger beginning is not 0
US4195,164,164,YES,2026-01,164,0,0,164,NO,First ledger beginning is not 0
US4196,130,130,YES,2026-01,130,0,0,130,NO,First ledger beginning is not 0
US4197,81,81,YES,2026-01,81,0,0,81,NO,First ledger beginning is not 0
US4198,16,20,YES,2026-01,20,-4,0,20,NO,First ledger beginning is not 0
US4199,12,12,YES,2026-01,12,0,0,12,NO,First ledger beginning is not 0
US420,3434,3434,YES,2026-02,3434,0,0,3434,NO,First ledger beginning is not 0
US4200,667,0,YES,2026-01,0,667,667,667,YES,
US4201,463,463,YES,2026-01,463,0,0,463,NO,First ledger beginning is not 0
US4202,216,216,YES,2026-01,216,0,0,216,NO,First ledger beginning is not 0
US4203,1226,1226,YES,2026-01,1226,0,0,1226,NO,First ledger beginning is not 0
US4204,321,321,YES,2026-01,321,0,0,321,NO,First ledger beginning is not 0
US4205,1723,79,YES,2026-01,41,1682,0,79,NO,First ledger beginning is not 0
US4206,274,568,YES,2026-01,274,0,0,568,NO,First ledger beginning is not 0
US4207,33,33,YES,2026-01,33,0,0,33,NO,First ledger beginning is not 0
US4208,220,249,YES,2026-01,29,191,0,249,NO,First ledger beginning is not 0
US4209,1554,1554,YES,2026-01,1554,0,0,1554,NO,First ledger beginning is not 0
US421,315,315,YES,2026-02,315,0,0,315,NO,First ledger beginning is not 0
US4210,139,139,YES,2026-01,139,0,0,139,NO,First ledger beginning is not 0
US4211,436,436,YES,2026-01,436,0,0,436,NO,First ledger beginning is not 0
US4212,1594,1594,YES,2026-01,1594,0,0,1594,NO,First ledger beginning is not 0
US4213,1,1,YES,2026-01,1,0,0,1,NO,First ledger beginning is not 0
US4215,491,491,YES,2026-01,491,0,0,491,NO,First ledger beginning is not 0
US4216,2443,2443,YES,2026-01,2443,0,0,2443,NO,First ledger beginning is not 0
US4217,127,0,YES,2026-01,0,127,127,127,YES,
US4218,512,512,YES,2026-01,512,0,0,512,NO,First ledger beginning is not 0
US4219,970,970,YES,2026-01,970,0,0,970,NO,First ledger beginning is not 0
US422,16,28,YES,2026-02,0,16,16,44,YES,
US4220,88,88,YES,2026-01,88,0,0,88,NO,First ledger beginning is not 0
US4221,1577,1577,YES,2026-01,1577,0,0,1577,NO,First ledger beginning is not 0
US4222,1091,1091,YES,2026-01,1091,0,0,1091,NO,First ledger beginning is not 0
US4223,473,674,YES,2026-01,0,473,473,1147,YES,
US4224,482,482,YES,2026-01,482,0,0,482,NO,First ledger beginning is not 0
US4225,217,334,YES,2026-01,217,0,0,334,NO,First ledger beginning is not 0
US4226,2124,1914,YES,2026-01,1789,335,0,1914,NO,First ledger beginning is not 0
US4227,277,277,YES,2026-01,277,0,0,277,NO,First ledger beginning is not 0
US4229,355,69,YES,2026-01,0,355,355,424,YES,
US423,573,573,YES,2026-02,573,0,0,573,NO,First ledger beginning is not 0
US4230,1429,1429,YES,2026-01,1429,0,0,1429,NO,First ledger beginning is not 0
US4231,135,135,YES,2026-01,135,0,0,135,NO,First ledger beginning is not 0
US4232,677,677,YES,2026-01,677,0,0,677,NO,First ledger beginning is not 0
US4233,8,8,YES,2026-01,8,0,0,8,NO,First ledger beginning is not 0
US4234,1077,1077,YES,2026-01,1077,0,0,1077,NO,First ledger beginning is not 0
US4235,325,325,YES,2026-01,325,0,0,325,NO,First ledger beginning is not 0
US4236,104,104,YES,2026-01,104,0,0,104,NO,First ledger beginning is not 0
US4237,1,1,YES,2026-01,1,0,0,1,NO,First ledger beginning is not 0
US4238,1514,1581,YES,2026-01,0,1514,1514,3095,YES,
US4239,6,6,YES,2026-01,6,0,0,6,NO,First ledger beginning is not 0
US424,8,57,YES,2026-02,0,8,8,65,YES,
US4240,270,270,YES,2026-01,270,0,0,270,NO,First ledger beginning is not 0
US4241,607,607,YES,2026-01,607,0,0,607,NO,First ledger beginning is not 0
US4244,535,535,YES,2026-01,535,0,0,535,NO,First ledger beginning is not 0
US4245,101,101,YES,2026-01,101,0,0,101,NO,First ledger beginning is not 0
US4246,128,144,YES,2026-01,128,0,0,144,NO,First ledger beginning is not 0
US4247,155,155,YES,2026-01,155,0,0,155,NO,First ledger beginning is not 0
US424785,0,0,NO,,0,0,0,0,NO,Starting balance is 0 or negative
US4248,11,11,YES,2026-01,11,0,0,11,NO,First ledger beginning is not 0
US4249,1271,1287,YES,2026-01,1271,0,0,1287,NO,First ledger beginning is not 0
US4250,207,303,YES,2026-01,0,207,207,510,YES,
US4251,174,174,YES,2026-01,174,0,0,174,NO,First ledger beginning is not 0
US4252,4,20,YES,2026-01,20,-16,0,20,NO,First ledger beginning is not 0
US4253,1172,1194,YES,2026-01,1172,0,0,1194,NO,First ledger beginning is not 0
US4254,298,298,YES,2026-01,298,0,0,298,NO,First ledger beginning is not 0
US4255,495,495,YES,2026-01,495,0,0,495,NO,First ledger beginning is not 0
US4256,70,70,YES,2026-01,70,0,0,70,NO,First ledger beginning is not 0
US4257,1423,1423,YES,2026-01,1423,0,0,1423,NO,First ledger beginning is not 0
US4258,501,520,YES,2026-01,520,-19,0,520,NO,First ledger beginning is not 0
US4259,3601,24,YES,2026-01,24,3577,0,24,NO,First ledger beginning is not 0
US4260,2351,2462,YES,2026-01,2351,0,0,2462,NO,First ledger beginning is not 0
US4261,370,370,YES,2026-01,370,0,0,370,NO,First ledger beginning is not 0
US4262,112,112,YES,2026-01,112,0,0,112,NO,First ledger beginning is not 0
US4263,322,322,YES,2026-01,322,0,0,322,NO,First ledger beginning is not 0
US4264,89,89,YES,2026-01,89,0,0,89,NO,First ledger beginning is not 0
US4265,7104,418,YES,2026-01,0,7104,7104,7522,YES,
US4266,1416,1416,YES,2026-01,1416,0,0,1416,NO,First ledger beginning is not 0
US4267,271,271,YES,2026-01,271,0,0,271,NO,First ledger beginning is not 0
US4268,12,62,YES,2026-01,45,-33,0,62,NO,First ledger beginning is not 0
US4269,250,250,YES,2026-01,250,0,0,250,NO,First ledger beginning is not 0
US427,4,4,YES,2026-02,4,0,0,4,NO,First ledger beginning is not 0
US4270,3443,3469,YES,2026-01,0,3443,3443,6912,YES,
US4271,1983,1983,YES,2026-01,1983,0,0,1983,NO,First ledger beginning is not 0
US4272,1070,1070,YES,2026-01,1070,0,0,1070,NO,First ledger beginning is not 0
US4273,10,10,YES,2026-01,10,0,0,10,NO,First ledger beginning is not 0
US4274,160,160,YES,2026-01,160,0,0,160,NO,First ledger beginning is not 0
US4275,415,162,YES,2026-01,415,0,0,162,NO,First ledger beginning is not 0
US4276,673,673,YES,2026-01,673,0,0,673,NO,First ledger beginning is not 0
US4277,1630,1630,YES,2026-01,1630,0,0,1630,NO,First ledger beginning is not 0
US4278,172,172,YES,2026-01,172,0,0,172,NO,First ledger beginning is not 0
US4279,936,953,YES,2026-01,953,-17,0,953,NO,First ledger beginning is not 0
US428,720,840,YES,2026-02,720,0,0,840,NO,First ledger beginning is not 0
US4280,1327,1353,YES,2026-01,1327,0,0,1353,NO,First ledger beginning is not 0
US4281,1489,814,YES,2026-01,1489,0,0,814,NO,First ledger beginning is not 0
US4282,1680,1773,YES,2026-01,1680,0,0,1773,NO,First ledger beginning is not 0
US4283,65,65,YES,2026-01,65,0,0,65,NO,First ledger beginning is not 0
US4284,3,3,YES,2026-01,3,0,0,3,NO,First ledger beginning is not 0
US4285,14,14,YES,2026-01,14,0,0,14,NO,First ledger beginning is not 0
US4286,11,11,YES,2026-01,11,0,0,11,NO,First ledger beginning is not 0
US4287,3856,54,YES,2026-01,0,3856,3856,3910,YES,
US4288,4,4,YES,2026-01,4,0,0,4,NO,First ledger beginning is not 0
US4289,471,471,YES,2026-01,471,0,0,471,NO,First ledger beginning is not 0
US429,407,407,YES,2026-02,407,0,0,407,NO,First ledger beginning is not 0
US4290,0,0,YES,2026-01,0,0,0,0,NO,Starting balance is 0 or negative
US4291,1322,1322,YES,2026-01,1322,0,0,1322,NO,First ledger beginning is not 0
US4292,159,159,YES,2026-01,159,0,0,159,NO,First ledger beginning is not 0
US4293,1661,1680,YES,2026-01,1661,0,0,1680,NO,First ledger beginning is not 0
US4294,87,87,YES,2026-01,87,0,0,87,NO,First ledger beginning is not 0
US4295,103,118,YES,2026-01,103,0,0,118,NO,First ledger beginning is not 0
US4296,165,165,YES,2026-01,165,0,0,165,NO,First ledger beginning is not 0
US4297,24,24,YES,2026-01,24,0,0,24,NO,First ledger beginning is not 0
US4298,2195,486,YES,2026-01,0,2195,2195,2681,YES,
US4299,163,163,YES,2026-01,163,0,0,163,NO,First ledger beginning is not 0
US430,173,173,YES,2026-02,173,0,0,173,NO,First ledger beginning is not 0
US4300,148,148,YES,2026-01,148,0,0,148,NO,First ledger beginning is not 0
US4301,115,161,YES,2026-01,115,0,0,161,NO,First ledger beginning is not 0
US4302,3,3,YES,2026-01,3,0,0,3,NO,First ledger beginning is not 0
US4303,1970,1675,YES,2026-01,0,1970,1970,3645,YES,
US4304,1405,1441,YES,2026-01,1441,-36,0,1441,NO,First ledger beginning is not 0
US4305,3751,3767,YES,2026-01,16,3735,0,3767,NO,First ledger beginning is not 0
US4306,341,245,YES,2026-01,0,341,341,586,YES,
US4307,29,29,YES,2026-01,29,0,0,29,NO,First ledger beginning is not 0
US4308,3,3,YES,2026-01,3,0,0,3,NO,First ledger beginning is not 0
US4309,263,263,YES,2026-01,263,0,0,263,NO,First ledger beginning is not 0
US431,34,34,YES,2026-02,34,0,0,34,NO,First ledger beginning is not 0
US4310,2275,91,YES,2026-01,0,2275,2275,2366,YES,
US4311,456,1283,YES,2026-01,456,0,0,1283,NO,First ledger beginning is not 0
US4312,1390,1390,YES,2026-01,1390,0,0,1390,NO,First ledger beginning is not 0
US4313,311,311,YES,2026-01,311,0,0,311,NO,First ledger beginning is not 0
US4314,583,583,YES,2026-01,583,0,0,583,NO,First ledger beginning is not 0
US4315,4,1151,YES,2026-01,4,0,0,1151,NO,First ledger beginning is not 0
US4316,71,71,YES,2026-01,71,0,0,71,NO,First ledger beginning is not 0
US4317,1267,1267,YES,2026-01,1267,0,0,1267,NO,First ledger beginning is not 0
US4318,239,239,YES,2026-01,239,0,0,239,NO,First ledger beginning is not 0
US4319,608,608,YES,2026-01,608,0,0,608,NO,First ledger beginning is not 0
US432,31,48,YES,2026-02,48,-17,0,48,NO,First ledger beginning is not 0
US4320,1141,1141,YES,2026-01,1141,0,0,1141,NO,First ledger beginning is not 0
US4321,1,1,YES,2026-01,1,0,0,1,NO,First ledger beginning is not 0
US4322,289,289,YES,2026-01,289,0,0,289,NO,First ledger beginning is not 0
US4323,1276,1823,YES,2026-01,1276,0,0,1823,NO,First ledger beginning is not 0
US4324,1277,59,YES,2026-01,43,1234,0,59,NO,First ledger beginning is not 0
US4325,513,513,YES,2026-01,513,0,0,513,NO,First ledger beginning is not 0
US4326,2887,2887,YES,2026-01,2887,0,0,2887,NO,First ledger beginning is not 0
US4327,936,936,YES,2026-01,936,0,0,936,NO,First ledger beginning is not 0
US4328,196,212,YES,2026-01,196,0,0,212,NO,First ledger beginning is not 0
US4329,15,15,YES,2026-01,15,0,0,15,NO,First ledger beginning is not 0
US433,1929,1952,YES,2026-02,1952,-23,0,1952,NO,First ledger beginning is not 0
US4330,120,120,YES,2026-01,120,0,0,120,NO,First ledger beginning is not 0
US4331,22,22,YES,2026-01,22,0,0,22,NO,First ledger beginning is not 0
US4332,637,637,YES,2026-01,637,0,0,637,NO,First ledger beginning is not 0
US4333,585,585,YES,2026-01,585,0,0,585,NO,First ledger beginning is not 0
US4334,165,165,YES,2026-01,165,0,0,165,NO,First ledger beginning is not 0
US4335,1556,450,YES,2026-01,0,1556,1556,2006,YES,
US4336,1148,1148,YES,2026-01,1148,0,0,1148,NO,First ledger beginning is not 0
US4337,85,85,YES,2026-01,85,0,0,85,NO,First ledger beginning is not 0
US4338,25,25,YES,2026-01,25,0,0,25,NO,First ledger beginning is not 0
US4339,95,85,YES,2026-01,0,95,95,180,YES,
US434,322,343,YES,2026-02,343,-21,0,343,NO,First ledger beginning is not 0
US4340,106,125,YES,2026-01,106,0,0,125,NO,First ledger beginning is not 0
US4341,188,188,YES,2026-01,188,0,0,188,NO,First ledger beginning is not 0
US4342,406,424,YES,2026-01,406,0,0,424,NO,First ledger beginning is not 0
US4343,396,413,YES,2026-01,396,0,0,413,NO,First ledger beginning is not 0
US4344,175,175,YES,2026-01,175,0,0,175,NO,First ledger beginning is not 0
US4345,15,15,YES,2026-01,15,0,0,15,NO,First ledger beginning is not 0
US4346,5,5,YES,2026-01,5,0,0,5,NO,First ledger beginning is not 0
US4347,901,901,YES,2026-01,901,0,0,901,NO,First ledger beginning is not 0
US4348,624,624,YES,2026-01,624,0,0,624,NO,First ledger beginning is not 0
US4349,333,349,YES,2026-01,349,-16,0,349,NO,First ledger beginning is not 0
US435,649,669,YES,2026-02,669,-20,0,669,NO,First ledger beginning is not 0
US4350,175,175,YES,2026-01,175,0,0,175,NO,First ledger beginning is not 0
US4351,378,378,YES,2026-01,378,0,0,378,NO,First ledger beginning is not 0
US4352,233,233,YES,2026-01,233,0,0,233,NO,First ledger beginning is not 0
US4353,101,101,YES,2026-01,101,0,0,101,NO,First ledger beginning is not 0
US435323,0,,NO,,,,0,,NO,Missing SR customer record
US4354,51,51,YES,2026-01,51,0,0,51,NO,First ledger beginning is not 0
US4355,2665,75,YES,2026-01,0,2665,2665,2740,YES,
US4356,252,252,YES,2026-01,252,0,0,252,NO,First ledger beginning is not 0
US4357,509,509,YES,2026-01,509,0,0,509,NO,First ledger beginning is not 0
US4358,486,486,YES,2026-01,486,0,0,486,NO,First ledger beginning is not 0
US4359,1233,1252,YES,2026-01,1233,0,0,1252,NO,First ledger beginning is not 0
US436,3021,3954,YES,2026-02,3189,-168,0,3954,NO,First ledger beginning is not 0
US4360,577,62,YES,2026-01,0,577,577,639,YES,
US4361,317,317,YES,2026-01,317,0,0,317,NO,First ledger beginning is not 0
US4362,10487,96,YES,2026-01,0,10487,10487,10583,YES,
US4363,502,502,YES,2026-01,502,0,0,502,NO,First ledger beginning is not 0
US4364,87,87,YES,2026-01,87,0,0,87,NO,First ledger beginning is not 0
US4365,309,309,YES,2026-01,309,0,0,309,NO,First ledger beginning is not 0
US4366,87,87,YES,2026-01,87,0,0,87,NO,First ledger beginning is not 0
US4367,667,488,YES,2026-01,0,667,667,1155,YES,
US4368,327,327,YES,2026-01,327,0,0,327,NO,First ledger beginning is not 0
US4369,2,33,YES,2026-01,0,2,2,35,YES,
US437,1253,1268,YES,2026-02,1268,-15,0,1268,NO,First ledger beginning is not 0
US4370,1015,1015,YES,2026-01,1015,0,0,1015,NO,First ledger beginning is not 0
US4371,476,476,YES,2026-01,476,0,0,476,NO,First ledger beginning is not 0
US4373,359,381,YES,2026-01,359,0,0,381,NO,First ledger beginning is not 0
US4374,477,477,YES,2026-01,477,0,0,477,NO,First ledger beginning is not 0
US4375,1795,1834,YES,2026-01,1795,0,0,1834,NO,First ledger beginning is not 0
US4376,176,176,YES,2026-01,176,0,0,176,NO,First ledger beginning is not 0
US4377,87,87,YES,2026-01,87,0,0,87,NO,First ledger beginning is not 0
US4378,31,31,YES,2026-01,31,0,0,31,NO,First ledger beginning is not 0
US4379,7,7,YES,2026-01,7,0,0,7,NO,First ledger beginning is not 0
US438,42,63,YES,2026-02,0,42,42,105,YES,
US4380,90,90,YES,2026-01,90,0,0,90,NO,First ledger beginning is not 0
US4381,139,139,YES,2026-01,139,0,0,139,NO,First ledger beginning is not 0
US4382,1370,1370,YES,2026-01,1370,0,0,1370,NO,First ledger beginning is not 0
US4383,68,108,YES,2026-01,68,0,0,108,NO,First ledger beginning is not 0
US4384,50,50,YES,2026-01,50,0,0,50,NO,First ledger beginning is not 0
US4385,64,64,YES,2026-01,64,0,0,64,NO,First ledger beginning is not 0
US4386,0,45,YES,2026-01,0,0,0,45,NO,Starting balance is 0 or negative
US4387,266,84,YES,2026-01,0,266,266,350,YES,
US4388,1959,56,YES,2026-01,0,1959,1959,2015,YES,
US4389,1016,1031,YES,2026-01,1016,0,0,1031,NO,First ledger beginning is not 0
US439,312,13,YES,2026-02,13,299,0,13,NO,First ledger beginning is not 0
US4390,48,48,YES,2026-01,48,0,0,48,NO,First ledger beginning is not 0
US4391,176,176,YES,2026-01,176,0,0,176,NO,First ledger beginning is not 0
US4392,1458,40,YES,2026-01,0,1458,1458,1498,YES,
US4393,584,584,YES,2026-01,584,0,0,584,NO,First ledger beginning is not 0
US4394,808,808,YES,2026-01,808,0,0,808,NO,First ledger beginning is not 0
US4395,393,393,YES,2026-01,393,0,0,393,NO,First ledger beginning is not 0
US4396,120,120,YES,2026-01,120,0,0,120,NO,First ledger beginning is not 0
US4397,222,222,YES,2026-01,222,0,0,222,NO,First ledger beginning is not 0
US4398,171,171,YES,2026-01,171,0,0,171,NO,First ledger beginning is not 0
US4399,300,300,YES,2026-01,300,0,0,300,NO,First ledger beginning is not 0
US440,1492,1616,YES,2026-02,1591,-99,0,1616,NO,First ledger beginning is not 0
US4400,116,116,YES,2026-01,116,0,0,116,NO,First ledger beginning is not 0
US4401,504,504,YES,2026-01,504,0,0,504,NO,First ledger beginning is not 0
US4402,876,876,YES,2026-01,876,0,0,876,NO,First ledger beginning is not 0
US4403,55,55,YES,2026-01,55,0,0,55,NO,First ledger beginning is not 0
US440390,0,0,NO,,0,0,0,0,NO,Starting balance is 0 or negative
US4404,22,22,YES,2026-01,22,0,0,22,NO,First ledger beginning is not 0
US4405,1646,189,YES,2026-01,0,1646,1646,1835,YES,
US4406,215,215,YES,2026-01,215,0,0,215,NO,First ledger beginning is not 0
US4407,482,482,YES,2026-01,482,0,0,482,NO,First ledger beginning is not 0
US4408,348,348,YES,2026-01,348,0,0,348,NO,First ledger beginning is not 0
US4409,11,217,YES,2026-01,11,0,0,217,NO,First ledger beginning is not 0
US4410,37,37,YES,2026-01,37,0,0,37,NO,First ledger beginning is not 0
US4411,696,712,YES,2026-01,696,0,0,712,NO,First ledger beginning is not 0
US4412,329,329,YES,2026-01,329,0,0,329,NO,First ledger beginning is not 0
US4413,218,218,YES,2026-01,218,0,0,218,NO,First ledger beginning is not 0
US4414,331,331,YES,2026-01,331,0,0,331,NO,First ledger beginning is not 0
US4415,106,106,YES,2026-01,106,0,0,106,NO,First ledger beginning is not 0
US4416,1259,1259,YES,2026-01,1259,0,0,1259,NO,First ledger beginning is not 0
US4417,280,280,YES,2026-01,280,0,0,280,NO,First ledger beginning is not 0
US4418,252,252,YES,2026-01,252,0,0,252,NO,First ledger beginning is not 0
US4419,2233,68,YES,2026-01,0,2233,2233,2301,YES,
US442,8754,167,YES,2026-02,0,8754,8754,8921,YES,
US4420,14,14,YES,2026-01,14,0,0,14,NO,First ledger beginning is not 0
US4421,66,66,YES,2026-01,66,0,0,66,NO,First ledger beginning is not 0
US4422,639,656,YES,2026-01,656,-17,0,656,NO,First ledger beginning is not 0
US4423,32,32,YES,2026-01,32,0,0,32,NO,First ledger beginning is not 0
US4424,32,213,YES,2026-01,32,0,0,213,NO,First ledger beginning is not 0
US4425,119,119,YES,2026-01,119,0,0,119,NO,First ledger beginning is not 0
US4426,14,32,YES,2026-01,14,0,0,32,NO,First ledger beginning is not 0
US4427,0,0,YES,2026-01,0,0,0,0,NO,Starting balance is 0 or negative
US4428,44,44,YES,2026-01,44,0,0,44,NO,First ledger beginning is not 0
US4429,4,4,YES,2026-01,4,0,0,4,NO,First ledger beginning is not 0
US443,110,137,YES,2026-02,121,-11,0,137,NO,First ledger beginning is not 0
US4430,430,430,YES,2026-01,430,0,0,430,NO,First ledger beginning is not 0
US4431,681,681,YES,2026-01,681,0,0,681,NO,First ledger beginning is not 0
US4432,371,371,YES,2026-01,371,0,0,371,NO,First ledger beginning is not 0
US4433,0,0,YES,2026-01,0,0,0,0,NO,Starting balance is 0 or negative
US4434,569,569,YES,2026-01,569,0,0,569,NO,First ledger beginning is not 0
US4435,86,86,YES,2026-01,86,0,0,86,NO,First ledger beginning is not 0
US4436,208,208,YES,2026-01,208,0,0,208,NO,First ledger beginning is not 0
US4437,0,0,YES,2026-01,0,0,0,0,NO,Starting balance is 0 or negative
US4439,69,69,YES,2026-01,69,0,0,69,NO,First ledger beginning is not 0
US444,102,102,YES,2026-02,102,0,0,102,NO,First ledger beginning is not 0
US4440,103,103,YES,2026-01,103,0,0,103,NO,First ledger beginning is not 0
US4441,0,0,YES,2026-01,0,0,0,0,NO,Starting balance is 0 or negative
US4442,54,54,YES,2026-01,54,0,0,54,NO,First ledger beginning is not 0
US4443,136,136,YES,2026-01,136,0,0,136,NO,First ledger beginning is not 0
US4444,118,195,YES,2026-01,0,118,118,313,YES,
US4445,323,323,YES,2026-01,323,0,0,323,NO,First ledger beginning is not 0
US4446,51,51,YES,2026-01,0,51,51,102,YES,
US4447,0,217,YES,2026-01,0,0,0,217,NO,Starting balance is 0 or negative
US4448,140,140,YES,2026-01,140,0,0,140,NO,First ledger beginning is not 0
US4449,119,119,YES,2026-01,119,0,0,119,NO,First ledger beginning is not 0
US445,966,995,YES,2026-02,966,0,0,995,NO,First ledger beginning is not 0
US4450,65,65,YES,2026-01,65,0,0,65,NO,First ledger beginning is not 0
US4451,378,378,YES,2026-01,378,0,0,378,NO,First ledger beginning is not 0
US4452,0,0,YES,2026-01,0,0,0,0,NO,Starting balance is 0 or negative
US4453,35,35,YES,2026-01,35,0,0,35,NO,First ledger beginning is not 0
US4454,21,14,YES,2026-01,21,0,0,14,NO,First ledger beginning is not 0
US4455,757,757,YES,2026-01,757,0,0,757,NO,First ledger beginning is not 0
US4456,13,13,YES,2026-01,13,0,0,13,NO,First ledger beginning is not 0
US4457,193,193,YES,2026-01,193,0,0,193,NO,First ledger beginning is not 0
US4458,6252,390,YES,2026-01,0,6252,6252,6642,YES,
US4459,36,36,YES,2026-01,36,0,0,36,NO,First ledger beginning is not 0
US4460,44,39,YES,2026-01,0,44,44,83,YES,
US4461,0,0,YES,2026-01,0,0,0,0,NO,Starting balance is 0 or negative
US4462,0,0,YES,2026-01,0,0,0,0,NO,Starting balance is 0 or negative
US4463,14,28,YES,2026-01,0,14,14,42,YES,
US4464,12,12,YES,2026-01,12,0,0,12,NO,First ledger beginning is not 0
US4465,232,232,YES,2026-01,232,0,0,232,NO,First ledger beginning is not 0
US4466,455,455,YES,2026-01,455,0,0,455,NO,First ledger beginning is not 0
US4467,82,82,YES,2026-01,82,0,0,82,NO,First ledger beginning is not 0
US4468,90,90,YES,2026-01,90,0,0,90,NO,First ledger beginning is not 0
US4469,258,258,YES,2026-01,258,0,0,258,NO,First ledger beginning is not 0
US447,160,37,YES,2026-02,18,142,0,37,NO,First ledger beginning is not 0
US4470,101,0,YES,2026-01,0,101,101,101,YES,
US4471,0,0,YES,2026-01,0,0,0,0,NO,Starting balance is 0 or negative
US4472,256,256,YES,2026-01,256,0,0,256,NO,First ledger beginning is not 0
US4473,0,0,YES,2026-01,0,0,0,0,NO,Starting balance is 0 or negative
US4474,77,114,YES,2026-01,0,77,77,191,YES,
US4475,167,167,YES,2026-01,167,0,0,167,NO,First ledger beginning is not 0
US4476,68,28,YES,2026-01,0,68,68,96,YES,
US4477,647,647,YES,2026-01,647,0,0,647,NO,First ledger beginning is not 0
US4478,714,743,YES,2026-01,714,0,0,743,NO,First ledger beginning is not 0
US4479,0,0,YES,2026-01,0,0,0,0,NO,Starting balance is 0 or negative
US448,64,64,YES,2026-02,64,0,0,64,NO,First ledger beginning is not 0
US4480,492,492,YES,2026-01,492,0,0,492,NO,First ledger beginning is not 0
US4481,168,168,YES,2026-01,168,0,0,168,NO,First ledger beginning is not 0
US4482,499,499,YES,2026-01,499,0,0,499,NO,First ledger beginning is not 0
US4483,30,46,YES,2026-01,30,0,0,46,NO,First ledger beginning is not 0
US4485,2733,274,YES,2026-01,0,2733,2733,3007,YES,
US4486,196,196,YES,2026-01,196,0,0,196,NO,First ledger beginning is not 0
US4487,309,309,YES,2026-01,309,0,0,309,NO,First ledger beginning is not 0
US4488,171,171,YES,2026-01,171,0,0,171,NO,First ledger beginning is not 0
US4489,21,21,YES,2026-01,21,0,0,21,NO,First ledger beginning is not 0
US4490,193,193,YES,2026-01,193,0,0,193,NO,First ledger beginning is not 0
US4491,0,0,YES,2026-01,0,0,0,0,NO,Starting balance is 0 or negative
US4492,12,12,YES,2026-01,12,0,0,12,NO,First ledger beginning is not 0
US4493,158,158,YES,2026-01,158,0,0,158,NO,First ledger beginning is not 0
US4494,0,0,YES,2026-01,0,0,0,0,NO,Starting balance is 0 or negative
US4495,910,112,YES,2026-01,112,798,0,112,NO,First ledger beginning is not 0
US4496,913,913,YES,2026-01,913,0,0,913,NO,First ledger beginning is not 0
US4497,292,292,YES,2026-01,292,0,0,292,NO,First ledger beginning is not 0
US4498,309,34,YES,2026-01,0,309,309,343,YES,
US4499,1,18,YES,2026-01,1,0,0,18,NO,First ledger beginning is not 0
US450,1,49,YES,2026-02,0,1,1,50,YES,
US4500,177,177,YES,2026-01,177,0,0,177,NO,First ledger beginning is not 0
US4501,55,55,YES,2026-01,55,0,0,55,NO,First ledger beginning is not 0
US4502,319,319,YES,2026-01,319,0,0,319,NO,First ledger beginning is not 0
US4503,1328,1001,YES,2026-01,1133,195,0,1001,NO,First ledger beginning is not 0
US4504,166,166,YES,2026-01,166,0,0,166,NO,First ledger beginning is not 0
US4505,210,210,YES,2026-01,210,0,0,210,NO,First ledger beginning is not 0
US4506,0,0,YES,2026-01,0,0,0,0,NO,Starting balance is 0 or negative
US4507,537,19,YES,2026-01,0,537,537,556,YES,
US4508,16,16,YES,2026-01,16,0,0,16,NO,First ledger beginning is not 0
US4509,504,34,YES,2026-01,0,504,504,538,YES,
US451,557,574,YES,2026-02,557,0,0,574,NO,First ledger beginning is not 0
US4510,0,0,YES,2026-01,0,0,0,0,NO,Starting balance is 0 or negative
US4511,29,29,YES,2026-01,29,0,0,29,NO,First ledger beginning is not 0
US4512,811,829,YES,2026-01,811,0,0,829,NO,First ledger beginning is not 0
US4513,0,0,YES,2026-01,0,0,0,0,NO,Starting balance is 0 or negative
US4514,979,95,YES,2026-01,0,979,979,1074,YES,
US4515,451,451,YES,2026-01,451,0,0,451,NO,First ledger beginning is not 0
US4516,3043,3549,YES,2026-01,2084,959,0,3549,NO,First ledger beginning is not 0
US4517,0,0,YES,2026-01,0,0,0,0,NO,Starting balance is 0 or negative
US4518,0,0,YES,2026-01,0,0,0,0,NO,Starting balance is 0 or negative
US4519,26,26,YES,2026-01,26,0,0,26,NO,First ledger beginning is not 0
US452,2171,2275,YES,2026-02,2275,-104,0,2275,NO,First ledger beginning is not 0
US4520,598,598,YES,2026-01,598,0,0,598,NO,First ledger beginning is not 0
US4521,126,126,YES,2026-01,126,0,0,126,NO,First ledger beginning is not 0
US4522,26,26,YES,2026-01,26,0,0,26,NO,First ledger beginning is not 0
US4523,898,55,YES,2026-01,0,898,898,953,YES,
US4524,597,612,YES,2026-01,612,-15,0,612,NO,First ledger beginning is not 0
US4525,253,253,YES,2026-01,253,0,0,253,NO,First ledger beginning is not 0
US4526,1929,1929,YES,2026-01,1929,0,0,1929,NO,First ledger beginning is not 0
US4527,16,16,YES,2026-01,16,0,0,16,NO,First ledger beginning is not 0
US4528,144,144,YES,2026-01,144,0,0,144,NO,First ledger beginning is not 0
US4529,7,50,YES,2026-01,0,7,7,57,YES,
US453,90,100,YES,2026-02,100,-10,0,100,NO,First ledger beginning is not 0
US4530,48,48,YES,2026-01,48,0,0,48,NO,First ledger beginning is not 0
US4531,152,290,YES,2026-01,152,0,0,290,NO,First ledger beginning is not 0
US4532,51,51,YES,2026-01,51,0,0,51,NO,First ledger beginning is not 0
US4533,93,129,YES,2026-01,108,-15,0,129,NO,First ledger beginning is not 0
US4534,0,0,YES,2026-01,0,0,0,0,NO,Starting balance is 0 or negative
US4535,507,0,YES,2026-01,0,507,507,507,YES,
US4536,21,21,YES,2026-01,21,0,0,21,NO,First ledger beginning is not 0
US4537,14219,17024,YES,2026-01,0,14219,14219,31243,YES,
US4539,825,0,YES,2026-01,0,825,825,825,YES,
US4540,63,63,YES,2026-01,63,0,0,63,NO,First ledger beginning is not 0
US4541,369,0,YES,2026-01,0,369,369,369,YES,
US4542,3484,161,YES,2026-01,0,3484,3484,3645,YES,
US4543,275,297,YES,2026-01,275,0,0,297,NO,First ledger beginning is not 0
US454396,0,,NO,,,,0,,NO,Missing SR customer record
US4544,274,25,YES,2026-01,0,274,274,299,YES,
US4545,65,82,YES,2026-01,65,0,0,82,NO,First ledger beginning is not 0
US454585,0,,NO,,,,0,,NO,Missing SR customer record
US4546,11748,11862,YES,2026-01,0,11748,11748,23610,YES,
US4547,10,10,YES,2026-01,10,0,0,10,NO,First ledger beginning is not 0
US4548,672,572,YES,2026-01,672,0,0,572,NO,First ledger beginning is not 0
US4549,154,348,YES,2026-01,0,154,154,502,YES,
US455,385,533,YES,2026-02,0,385,385,918,YES,
US4550,6,26,YES,2026-01,26,-20,0,26,NO,First ledger beginning is not 0
US4551,8,8,YES,2026-01,8,0,0,8,NO,First ledger beginning is not 0
US4552,12,12,YES,2026-01,12,0,0,12,NO,First ledger beginning is not 0
US4553,139,139,YES,2026-01,139,0,0,139,NO,First ledger beginning is not 0
US455384,240,0,NO,,0,240,240,240,YES,
US4554,13,13,YES,2026-01,13,0,0,13,NO,First ledger beginning is not 0
US4555,16,40,YES,2026-01,0,16,16,56,YES,
US4556,739,739,YES,2026-01,739,0,0,739,NO,First ledger beginning is not 0
US4557,1966,236,YES,2026-01,236,1730,0,236,NO,First ledger beginning is not 0
US4558,23,23,YES,2026-01,23,0,0,23,NO,First ledger beginning is not 0
US4559,209,209,YES,2026-01,209,0,0,209,NO,First ledger beginning is not 0
US456,349,479,YES,2026-02,460,-111,0,479,NO,First ledger beginning is not 0
US4560,30,30,YES,2026-01,30,0,0,30,NO,First ledger beginning is not 0
US4561,626,626,YES,2026-01,626,0,0,626,NO,First ledger beginning is not 0
US4562,129,129,YES,2026-01,129,0,0,129,NO,First ledger beginning is not 0
US4563,76,41,YES,2026-01,0,76,76,117,YES,
US4564,252,252,YES,2026-01,252,0,0,252,NO,First ledger beginning is not 0
US4565,87,87,YES,2026-01,87,0,0,87,NO,First ledger beginning is not 0
US4566,-3277,265,YES,2026-01,0,-3277,0,265,NO,Starting balance is 0 or negative
US4567,0,0,YES,2026-01,0,0,0,0,NO,Starting balance is 0 or negative
US4568,0,0,YES,2026-01,0,0,0,0,NO,Starting balance is 0 or negative
US4569,107,107,YES,2026-01,107,0,0,107,NO,First ledger beginning is not 0
US457,657,667,YES,2026-02,667,-10,0,667,NO,First ledger beginning is not 0
US4570,196,196,YES,2026-01,196,0,0,196,NO,First ledger beginning is not 0
US4571,0,0,YES,2026-01,0,0,0,0,NO,Starting balance is 0 or negative
US4572,9,9,YES,2026-01,9,0,0,9,NO,First ledger beginning is not 0
US4573,263,263,YES,2026-01,263,0,0,263,NO,First ledger beginning is not 0
US4574,1,1,YES,2026-01,1,0,0,1,NO,First ledger beginning is not 0
US4575,278,0,YES,2026-01,0,278,278,278,YES,
US4576,242,242,YES,2026-01,242,0,0,242,NO,First ledger beginning is not 0
US4577,236,236,YES,2026-01,236,0,0,236,NO,First ledger beginning is not 0
US4578,122,122,YES,2026-01,122,0,0,122,NO,First ledger beginning is not 0
US4579,236,22,YES,2026-01,0,236,236,258,YES,
US458,17,17,YES,2026-02,17,0,0,17,NO,First ledger beginning is not 0
US4580,61,22,YES,2026-01,0,61,61,83,YES,
US4581,13,23,YES,2026-01,13,0,0,23,NO,First ledger beginning is not 0
US4582,2920,39,YES,2026-01,0,2920,2920,2959,YES,
US4583,140,140,YES,2026-01,140,0,0,140,NO,First ledger beginning is not 0
US4584,12,12,YES,2026-01,12,0,0,12,NO,First ledger beginning is not 0
US4585,56,56,YES,2026-01,56,0,0,56,NO,First ledger beginning is not 0
US4586,599,599,YES,2026-01,599,0,0,599,NO,First ledger beginning is not 0
US4588,839,33,YES,2026-01,33,806,0,33,NO,First ledger beginning is not 0
US4589,6,22,YES,2026-01,22,-16,0,22,NO,First ledger beginning is not 0
US459,136,201,YES,2026-02,153,-17,0,201,NO,First ledger beginning is not 0
US4590,94,4,YES,2026-01,4,90,0,4,NO,First ledger beginning is not 0
US4591,127,127,YES,2026-01,127,0,0,127,NO,First ledger beginning is not 0
US4592,23,23,YES,2026-01,23,0,0,23,NO,First ledger beginning is not 0
US4593,0,0,YES,2026-01,0,0,0,0,NO,Starting balance is 0 or negative
US4594,0,0,YES,2026-01,0,0,0,0,NO,Starting balance is 0 or negative
US4595,0,0,YES,2026-01,0,0,0,0,NO,Starting balance is 0 or negative
US4596,38,59,YES,2026-01,59,-21,0,59,NO,First ledger beginning is not 0
US4597,0,0,YES,2026-01,0,0,0,0,NO,Starting balance is 0 or negative
US4598,1117,1172,YES,2026-01,0,1117,1117,2289,YES,
US4599,222,222,YES,2026-01,222,0,0,222,NO,First ledger beginning is not 0
US460,1198,1198,YES,2026-02,1198,0,0,1198,NO,First ledger beginning is not 0
US4600,813,920,YES,2026-01,813,0,0,920,NO,First ledger beginning is not 0
US4601,95,95,YES,2026-01,95,0,0,95,NO,First ledger beginning is not 0
US4602,10,68,YES,2026-01,0,10,10,78,YES,
US4603,158,158,YES,2026-01,158,0,0,158,NO,First ledger beginning is not 0
US4604,236,236,YES,2026-01,236,0,0,236,NO,First ledger beginning is not 0
US4605,152,152,YES,2026-01,152,0,0,152,NO,First ledger beginning is not 0
US4606,0,0,YES,2026-01,0,0,0,0,NO,Starting balance is 0 or negative
US4607,54,54,YES,2026-01,54,0,0,54,NO,First ledger beginning is not 0
US4608,0,0,YES,2026-01,0,0,0,0,NO,Starting balance is 0 or negative
US4609,0,0,YES,2026-01,0,0,0,0,NO,Starting balance is 0 or negative
US461,799,226,YES,2026-02,0,799,799,1025,YES,
US4610,2,2,YES,2026-01,2,0,0,2,NO,First ledger beginning is not 0
US4611,10,10,YES,2026-01,10,0,0,10,NO,First ledger beginning is not 0
US4612,64,64,YES,2026-01,64,0,0,64,NO,First ledger beginning is not 0
US4613,2772,31,YES,2026-01,31,2741,0,31,NO,First ledger beginning is not 0
US4614,182,0,YES,2026-01,0,182,182,182,YES,
US4615,191,191,YES,2026-01,191,0,0,191,NO,First ledger beginning is not 0
US4616,32,69,YES,2026-01,32,0,0,69,NO,First ledger beginning is not 0
US4617,275,121,YES,2026-01,0,275,275,396,YES,
US4618,706,706,YES,2026-01,0,706,706,1412,YES,
US4619,30,30,YES,2026-01,30,0,0,30,NO,First ledger beginning is not 0
US462,574,1195,YES,2026-02,1592,-1018,0,1195,NO,First ledger beginning is not 0
US4620,493,119,YES,2026-01,0,493,493,612,YES,
US4621,40,40,YES,2026-01,40,0,0,40,NO,First ledger beginning is not 0
US4622,1099,23,YES,2026-01,0,1099,1099,1122,YES,
US4623,110,110,YES,2026-01,110,0,0,110,NO,First ledger beginning is not 0
US4624,3,3,YES,2026-01,3,0,0,3,NO,First ledger beginning is not 0
US4625,229,0,YES,2026-01,0,229,229,229,YES,
US4626,19,19,YES,2026-01,19,0,0,19,NO,First ledger beginning is not 0
US4627,219,219,YES,2026-01,219,0,0,219,NO,First ledger beginning is not 0
US4628,87,87,YES,2026-01,87,0,0,87,NO,First ledger beginning is not 0
US4629,140,140,YES,2026-01,140,0,0,140,NO,First ledger beginning is not 0
US463,0,40,YES,2026-02,0,0,0,40,NO,Starting balance is 0 or negative
US4630,328,328,YES,2026-01,328,0,0,328,NO,First ledger beginning is not 0
US4631,19,19,YES,2026-01,19,0,0,19,NO,First ledger beginning is not 0
US4632,216,216,YES,2026-01,216,0,0,216,NO,First ledger beginning is not 0
US4633,293,293,YES,2026-01,293,0,0,293,NO,First ledger beginning is not 0
US4634,480,514,YES,2026-01,480,0,0,514,NO,First ledger beginning is not 0
US4635,36,36,YES,2026-01,36,0,0,36,NO,First ledger beginning is not 0
US4636,90,90,YES,2026-01,90,0,0,90,NO,First ledger beginning is not 0
US4637,142,142,YES,2026-01,142,0,0,142,NO,First ledger beginning is not 0
US4638,283,0,YES,2026-01,0,283,283,283,YES,
US4639,87,87,YES,2026-01,87,0,0,87,NO,First ledger beginning is not 0
US464,843,0,YES,2026-02,0,843,843,843,YES,
US4640,3269,2843,YES,2026-01,3184,85,0,2843,NO,First ledger beginning is not 0
US4641,10,10,YES,2026-01,10,0,0,10,NO,First ledger beginning is not 0
US4642,1541,560,YES,2026-01,540,1001,0,560,NO,First ledger beginning is not 0
US4643,1,136,YES,2026-01,1,0,0,136,NO,First ledger beginning is not 0
US4644,31,31,YES,2026-01,31,0,0,31,NO,First ledger beginning is not 0
US4645,5630,82,YES,2026-01,0,5630,5630,5712,YES,
US4646,26,26,YES,2026-01,26,0,0,26,NO,First ledger beginning is not 0
US4647,67,67,YES,2026-01,67,0,0,67,NO,First ledger beginning is not 0
US4648,27,27,YES,2026-01,27,0,0,27,NO,First ledger beginning is not 0
US4649,360,130,YES,2026-01,0,360,360,490,YES,
US465,171,0,YES,2026-02,0,171,171,171,YES,
US4650,204,204,YES,2026-01,204,0,0,204,NO,First ledger beginning is not 0
US4651,0,0,YES,2026-01,0,0,0,0,NO,Starting balance is 0 or negative
US4652,31,31,YES,2026-01,31,0,0,31,NO,First ledger beginning is not 0
US4653,0,0,YES,2026-01,0,0,0,0,NO,Starting balance is 0 or negative
US4654,310,328,YES,2026-01,310,0,0,328,NO,First ledger beginning is not 0
US4655,25,25,YES,2026-01,25,0,0,25,NO,First ledger beginning is not 0
US4656,0,0,YES,2026-01,0,0,0,0,NO,Starting balance is 0 or negative
US4657,190,308,YES,2026-01,0,190,190,498,YES,
US4658,0,0,YES,2026-01,0,0,0,0,NO,Starting balance is 0 or negative
US4659,22,22,YES,2026-01,22,0,0,22,NO,First ledger beginning is not 0
US466,253,265,YES,2026-02,265,-12,0,265,NO,First ledger beginning is not 0
US4660,231,231,YES,2026-01,231,0,0,231,NO,First ledger beginning is not 0
US4661,127,127,YES,2026-01,127,0,0,127,NO,First ledger beginning is not 0
US4662,141,141,YES,2026-01,141,0,0,141,NO,First ledger beginning is not 0
US4663,330,250,YES,2026-01,330,0,0,250,NO,First ledger beginning is not 0
US4664,19,19,YES,2026-01,19,0,0,19,NO,First ledger beginning is not 0
US4665,279,279,YES,2026-01,279,0,0,279,NO,First ledger beginning is not 0
US4666,336,336,YES,2026-01,336,0,0,336,NO,First ledger beginning is not 0
US4667,67,67,YES,2026-01,67,0,0,67,NO,First ledger beginning is not 0
US4668,24,24,YES,2026-01,24,0,0,24,NO,First ledger beginning is not 0
US4669,113,113,YES,2026-01,113,0,0,113,NO,First ledger beginning is not 0
US467,1369,1405,YES,2026-02,1369,0,0,1405,NO,First ledger beginning is not 0
US4670,1195,96,YES,2026-01,0,1195,1195,1291,YES,
US4671,1289,1386,YES,2026-01,1289,0,0,1386,NO,First ledger beginning is not 0
US4672,95,17,YES,2026-01,0,95,95,112,YES,
US4673,0,0,YES,2026-01,0,0,0,0,NO,Starting balance is 0 or negative
US4674,149,149,YES,2026-01,149,0,0,149,NO,First ledger beginning is not 0
US4675,12,12,YES,2026-01,12,0,0,12,NO,First ledger beginning is not 0
US4676,0,0,YES,2026-01,0,0,0,0,NO,Starting balance is 0 or negative
US4677,0,0,YES,2026-01,0,0,0,0,NO,Starting balance is 0 or negative
US4678,182,182,YES,2026-01,182,0,0,182,NO,First ledger beginning is not 0
US4679,0,0,YES,2026-01,0,0,0,0,NO,Starting balance is 0 or negative
US468,1304,26,YES,2026-02,0,1304,1304,1330,YES,
US4680,0,0,YES,2026-01,0,0,0,0,NO,Starting balance is 0 or negative
US4681,364,37,YES,2026-01,0,364,364,401,YES,
US4682,95,380,YES,2026-01,0,95,95,475,YES,
US4683,304,304,YES,2026-01,304,0,0,304,NO,First ledger beginning is not 0
US4684,33,80,YES,2026-01,33,0,0,80,NO,First ledger beginning is not 0
US4685,176,49,YES,2026-01,0,176,176,225,YES,
US4686,258,258,YES,2026-01,258,0,0,258,NO,First ledger beginning is not 0
US4687,84,84,YES,2026-01,84,0,0,84,NO,First ledger beginning is not 0
US4688,10,10,YES,2026-01,10,0,0,10,NO,First ledger beginning is not 0
US4689,13,13,YES,2026-01,13,0,0,13,NO,First ledger beginning is not 0
US469,328,328,YES,2026-02,328,0,0,328,NO,First ledger beginning is not 0
US4690,233,258,YES,2026-01,258,-25,0,258,NO,First ledger beginning is not 0
US4691,170,170,YES,2026-01,170,0,0,170,NO,First ledger beginning is not 0
US4692,5,13,YES,2026-01,0,5,5,18,YES,
US4693,15,15,YES,2026-01,15,0,0,15,NO,First ledger beginning is not 0
US4694,75,75,YES,2026-01,75,0,0,75,NO,First ledger beginning is not 0
US4695,2,51,YES,2026-01,0,2,2,53,YES,
US4696,106,106,YES,2026-01,106,0,0,106,NO,First ledger beginning is not 0
US4697,23,23,YES,2026-01,23,0,0,23,NO,First ledger beginning is not 0
US4698,471,486,YES,2026-01,486,-15,0,486,NO,First ledger beginning is not 0
US4699,9,9,YES,2026-01,9,0,0,9,NO,First ledger beginning is not 0
US470,314,314,YES,2026-02,314,0,0,314,NO,First ledger beginning is not 0
US4700,528,528,YES,2026-01,528,0,0,528,NO,First ledger beginning is not 0
US4701,123,123,YES,2026-01,123,0,0,123,NO,First ledger beginning is not 0
US4702,1,1,YES,2026-01,1,0,0,1,NO,First ledger beginning is not 0
US4703,164,164,YES,2026-01,164,0,0,164,NO,First ledger beginning is not 0
US4704,0,0,YES,2026-01,0,0,0,0,NO,Starting balance is 0 or negative
US4705,5,5,YES,2026-01,5,0,0,5,NO,First ledger beginning is not 0
US4706,0,0,YES,2026-01,0,0,0,0,NO,Starting balance is 0 or negative
US4707,664,664,YES,2026-01,664,0,0,664,NO,First ledger beginning is not 0
US4708,62,62,YES,2026-01,62,0,0,62,NO,First ledger beginning is not 0
US4709,417,417,YES,2026-01,417,0,0,417,NO,First ledger beginning is not 0
US471,288,288,YES,2026-02,288,0,0,288,NO,First ledger beginning is not 0
US4710,0,0,YES,2026-01,0,0,0,0,NO,Starting balance is 0 or negative
US4711,3,3,YES,2026-01,3,0,0,3,NO,First ledger beginning is not 0
US4712,69,69,YES,2026-01,69,0,0,69,NO,First ledger beginning is not 0
US4713,0,0,YES,2026-01,0,0,0,0,NO,Starting balance is 0 or negative
US4714,0,0,YES,2026-01,0,0,0,0,NO,Starting balance is 0 or negative
US4715,89,0,YES,2026-01,0,89,89,89,YES,
US4716,24,24,YES,2026-01,24,0,0,24,NO,First ledger beginning is not 0
US4717,0,0,YES,2026-01,0,0,0,0,NO,Starting balance is 0 or negative
US4718,36,36,YES,2026-01,36,0,0,36,NO,First ledger beginning is not 0
US4719,1,38,YES,2026-01,0,1,1,39,YES,
US472,25,25,YES,2026-02,25,0,0,25,NO,First ledger beginning is not 0
US4720,69,69,YES,2026-01,69,0,0,69,NO,First ledger beginning is not 0
US4721,2608,77,YES,2026-01,0,2608,2608,2685,YES,
US4722,359,359,YES,2026-01,359,0,0,359,NO,First ledger beginning is not 0
US4723,93,93,YES,2026-01,93,0,0,93,NO,First ledger beginning is not 0
US4724,19,19,YES,2026-01,19,0,0,19,NO,First ledger beginning is not 0
US4725,0,0,YES,2026-01,0,0,0,0,NO,Starting balance is 0 or negative
US4726,101,101,YES,2026-01,101,0,0,101,NO,First ledger beginning is not 0
US4727,0,468,YES,2026-01,468,-468,0,468,NO,Starting balance is 0 or negative
US4728,23,23,YES,2026-01,23,0,0,23,NO,First ledger beginning is not 0
US4731,0,42,YES,2026-01,0,0,0,42,NO,Starting balance is 0 or negative
US4732,0,65,YES,2026-01,65,-65,0,65,NO,Starting balance is 0 or negative
US4733,0,22,YES,2026-01,22,-22,0,22,NO,Starting balance is 0 or negative
US4734,0,165,YES,2026-01,165,-165,0,165,NO,Starting balance is 0 or negative
US4736,0,816,YES,2026-01,816,-816,0,816,NO,Starting balance is 0 or negative
US4737,0,864,YES,2026-01,864,-864,0,864,NO,Starting balance is 0 or negative
US4738,454,454,YES,2026-01,454,0,0,454,NO,First ledger beginning is not 0
US4739,0,585,YES,2026-01,585,-585,0,585,NO,Starting balance is 0 or negative
US474,518,62,YES,2026-02,0,518,518,580,YES,
US4740,53,53,YES,2026-01,53,0,0,53,NO,First ledger beginning is not 0
US4741,0,1233,YES,2026-01,1233,-1233,0,1233,NO,Starting balance is 0 or negative
US4743,615,615,YES,2026-01,615,0,0,615,NO,First ledger beginning is not 0
US4744,0,55,YES,2026-01,55,-55,0,55,NO,Starting balance is 0 or negative
US4746,0,98,YES,2026-01,98,-98,0,98,NO,Starting balance is 0 or negative
US4747,0,348,YES,2026-01,348,-348,0,348,NO,Starting balance is 0 or negative
US475,3935,30,YES,2026-02,0,3935,3935,3965,YES,
US4750,0,15,YES,2026-01,15,-15,0,15,NO,Starting balance is 0 or negative
US4751,0,71,YES,2026-01,71,-71,0,71,NO,Starting balance is 0 or negative
US4753,0,492,YES,2026-01,492,-492,0,492,NO,Starting balance is 0 or negative
US4755,0,1835,YES,2026-01,1835,-1835,0,1835,NO,Starting balance is 0 or negative
US4757,0,0,YES,2026-01,0,0,0,0,NO,Starting balance is 0 or negative
US4758,0,554,YES,2026-01,523,-523,0,554,NO,Starting balance is 0 or negative
US4759,21,21,YES,2026-01,21,0,0,21,NO,First ledger beginning is not 0
US4760,447,40,YES,2026-01,0,447,447,487,YES,
US4761,0,1079,YES,2026-01,1079,-1079,0,1079,NO,Starting balance is 0 or negative
US4762,160,160,YES,2026-01,160,0,0,160,NO,First ledger beginning is not 0
US4764,0,0,YES,2026-01,0,0,0,0,NO,Starting balance is 0 or negative
US4765,0,78,YES,2026-01,78,-78,0,78,NO,Starting balance is 0 or negative
US4766,641,641,YES,2026-01,641,0,0,641,NO,First ledger beginning is not 0
US4767,0,382,YES,2026-01,382,-382,0,382,NO,Starting balance is 0 or negative
US4768,0,0,YES,2026-01,0,0,0,0,NO,Starting balance is 0 or negative
US4769,0,1,YES,2026-01,1,-1,0,1,NO,Starting balance is 0 or negative
US4770,0,293,YES,2026-01,293,-293,0,293,NO,Starting balance is 0 or negative
US4771,0,0,YES,2026-01,0,0,0,0,NO,Starting balance is 0 or negative
US4773,56,56,YES,2026-01,56,0,0,56,NO,First ledger beginning is not 0
US4775,0,163,YES,2026-01,163,-163,0,163,NO,Starting balance is 0 or negative
US4776,0,377,YES,2026-01,377,-377,0,377,NO,Starting balance is 0 or negative
US4777,31,31,YES,2026-01,31,0,0,31,NO,First ledger beginning is not 0
US4778,0,178,YES,2026-01,178,-178,0,178,NO,Starting balance is 0 or negative
US4779,0,677,YES,2026-01,677,-677,0,677,NO,Starting balance is 0 or negative
US478,80,80,YES,2026-02,80,0,0,80,NO,First ledger beginning is not 0
US4780,0,2353,YES,2026-01,0,0,0,2353,NO,Starting balance is 0 or negative
US4781,101,101,YES,2026-01,101,0,0,101,NO,First ledger beginning is not 0
US4783,0,406,YES,2026-01,406,-406,0,406,NO,Starting balance is 0 or negative
US4787,48,48,YES,2026-01,48,0,0,48,NO,First ledger beginning is not 0
US4788,0,361,YES,2026-01,361,-361,0,361,NO,Starting balance is 0 or negative
US4789,200,200,YES,2026-01,200,0,0,200,NO,First ledger beginning is not 0
US479,28,68,YES,2026-02,0,28,28,96,YES,
US4790,0,562,YES,2026-01,562,-562,0,562,NO,Starting balance is 0 or negative
US4791,0,59,YES,2026-01,59,-59,0,59,NO,Starting balance is 0 or negative
US4792,0,198,YES,2026-01,198,-198,0,198,NO,Starting balance is 0 or negative
US4795,55,55,YES,2026-01,55,0,0,55,NO,First ledger beginning is not 0
US4797,36,36,YES,2026-01,36,0,0,36,NO,First ledger beginning is not 0
US4798,0,0,YES,2026-01,0,0,0,0,NO,Starting balance is 0 or negative
US4799,0,280,YES,2026-01,280,-280,0,280,NO,Starting balance is 0 or negative
US4800,159,159,YES,2026-01,159,0,0,159,NO,First ledger beginning is not 0
US4803,3084,3122,YES,2026-01,3084,0,0,3122,NO,First ledger beginning is not 0
US4804,0,50,YES,2026-01,50,-50,0,50,NO,Starting balance is 0 or negative
US4807,0,50,YES,2026-01,50,-50,0,50,NO,Starting balance is 0 or negative
US4808,2911,3146,YES,2026-01,2911,0,0,3146,NO,First ledger beginning is not 0
US4809,0,282,YES,2026-01,282,-282,0,282,NO,Starting balance is 0 or negative
US481,1,14,YES,2026-02,14,-13,0,14,NO,First ledger beginning is not 0
US4810,0,219,YES,2026-01,219,-219,0,219,NO,Starting balance is 0 or negative
US4811,231,231,YES,2026-01,231,0,0,231,NO,First ledger beginning is not 0
US4813,32,32,YES,2026-01,32,0,0,32,NO,First ledger beginning is not 0
US4814,0,194,YES,2026-01,194,-194,0,194,NO,Starting balance is 0 or negative
US4815,0,10,YES,2026-01,10,-10,0,10,NO,Starting balance is 0 or negative
US4816,0,39,YES,2026-01,39,-39,0,39,NO,Starting balance is 0 or negative
US4817,37,37,YES,2026-01,37,0,0,37,NO,First ledger beginning is not 0
US4818,62,62,YES,2026-01,62,0,0,62,NO,First ledger beginning is not 0
US4819,166,0,YES,2026-01,0,166,166,166,YES,
US482,135,135,YES,2026-02,135,0,0,135,NO,First ledger beginning is not 0
US4820,0,81,YES,2026-01,81,-81,0,81,NO,Starting balance is 0 or negative
US4821,385,385,YES,2026-01,385,0,0,385,NO,First ledger beginning is not 0
US4822,568,683,YES,2026-01,568,0,0,683,NO,First ledger beginning is not 0
US4823,0,119,YES,2026-01,119,-119,0,119,NO,Starting balance is 0 or negative
US4824,11,11,YES,2026-01,11,0,0,11,NO,First ledger beginning is not 0
US4825,12,115,YES,2026-01,0,12,12,127,YES,
US4827,0,10,YES,2026-01,10,-10,0,10,NO,Starting balance is 0 or negative
US4830,0,0,YES,2026-01,0,0,0,0,NO,Starting balance is 0 or negative
US4831,30,128,YES,2026-01,30,0,0,128,NO,First ledger beginning is not 0
US4832,0,17,YES,2026-01,17,-17,0,17,NO,Starting balance is 0 or negative
US4833,196,196,YES,2026-01,196,0,0,196,NO,First ledger beginning is not 0
US4835,197,197,YES,2026-01,197,0,0,197,NO,First ledger beginning is not 0
US4836,0,48,YES,2026-01,48,-48,0,48,NO,Starting balance is 0 or negative
US4839,0,28,YES,2026-01,28,-28,0,28,NO,Starting balance is 0 or negative
US484,56,56,YES,2026-02,56,0,0,56,NO,First ledger beginning is not 0
US4840,151,326,YES,2026-01,151,0,0,326,NO,First ledger beginning is not 0
US4841,0,0,YES,2026-01,0,0,0,0,NO,Starting balance is 0 or negative
US4842,0,138,YES,2026-01,138,-138,0,138,NO,Starting balance is 0 or negative
US4843,0,175,YES,2026-01,175,-175,0,175,NO,Starting balance is 0 or negative
US4844,238,349,YES,2026-01,238,0,0,349,NO,First ledger beginning is not 0
US4845,0,0,YES,2026-01,0,0,0,0,NO,Starting balance is 0 or negative
US4846,128,128,YES,2026-01,128,0,0,128,NO,First ledger beginning is not 0
US4847,358,373,YES,2026-01,358,0,0,373,NO,First ledger beginning is not 0
US4848,0,178,YES,2026-01,178,-178,0,178,NO,Starting balance is 0 or negative
US4849,0,27,YES,2026-01,27,-27,0,27,NO,Starting balance is 0 or negative
US485,210,210,YES,2026-02,210,0,0,210,NO,First ledger beginning is not 0
US4850,247,247,YES,2026-01,247,0,0,247,NO,First ledger beginning is not 0
US4851,0,86,YES,2026-01,86,-86,0,86,NO,Starting balance is 0 or negative
US4852,0,1228,YES,2026-01,1206,-1206,0,1228,NO,Starting balance is 0 or negative
US4853,28,0,YES,2026-01,0,28,28,28,YES,
US4854,678,678,YES,2026-01,678,0,0,678,NO,First ledger beginning is not 0
US4855,0,26,YES,2026-01,26,-26,0,26,NO,Starting balance is 0 or negative
US4856,73,73,YES,2026-01,73,0,0,73,NO,First ledger beginning is not 0
US4858,677,677,YES,2026-01,677,0,0,677,NO,First ledger beginning is not 0
US4859,23,23,YES,2026-01,23,0,0,23,NO,First ledger beginning is not 0
US486,652,21,YES,2026-02,0,652,652,673,YES,
US4860,107,135,YES,2026-01,107,0,0,135,NO,First ledger beginning is not 0
US4862,0,12,YES,2026-01,12,-12,0,12,NO,Starting balance is 0 or negative
US4863,78,78,YES,2026-01,78,0,0,78,NO,First ledger beginning is not 0
US4864,0,188,YES,2026-01,188,-188,0,188,NO,Starting balance is 0 or negative
US4865,44,44,YES,2026-01,44,0,0,44,NO,First ledger beginning is not 0
US4866,0,50,YES,2026-01,50,-50,0,50,NO,Starting balance is 0 or negative
US4867,0,36,YES,2026-01,36,-36,0,36,NO,Starting balance is 0 or negative
US4868,0,11,YES,2026-01,11,-11,0,11,NO,Starting balance is 0 or negative
US4869,0,123,YES,2026-01,96,-96,0,123,NO,Starting balance is 0 or negative
US4874,0,196,YES,2026-01,167,-167,0,196,NO,Starting balance is 0 or negative
US4876,637,637,YES,2026-01,637,0,0,637,NO,First ledger beginning is not 0
US4877,108,108,YES,2026-01,108,0,0,108,NO,First ledger beginning is not 0
US487714,0,0,NO,,0,0,0,0,NO,Starting balance is 0 or negative
US4878,0,12,YES,2026-01,12,-12,0,12,NO,Starting balance is 0 or negative
US4879,138,138,YES,2026-01,138,0,0,138,NO,First ledger beginning is not 0
US488,764,776,YES,2026-02,776,-12,0,776,NO,First ledger beginning is not 0
US4881,104,0,YES,2026-01,0,104,104,104,YES,
US4882,0,13,YES,2026-01,13,-13,0,13,NO,Starting balance is 0 or negative
US4884,0,43,YES,2026-01,43,-43,0,43,NO,Starting balance is 0 or negative
US4887,57,57,YES,2026-01,57,0,0,57,NO,First ledger beginning is not 0
US489,183,183,YES,2026-02,183,0,0,183,NO,First ledger beginning is not 0
US4890,0,534,YES,2026-01,534,-534,0,534,NO,Starting balance is 0 or negative
US4891,0,301,YES,2026-01,301,-301,0,301,NO,Starting balance is 0 or negative
US4892,807,807,YES,2026-01,807,0,0,807,NO,First ledger beginning is not 0
US4894,0,1675,YES,2026-01,1675,-1675,0,1675,NO,Starting balance is 0 or negative
US4895,0,67,YES,2026-01,67,-67,0,67,NO,Starting balance is 0 or negative
US4897,378,402,YES,2026-01,378,0,0,402,NO,First ledger beginning is not 0
US4898,292,292,YES,2026-01,292,0,0,292,NO,First ledger beginning is not 0
US490,2569,0,YES,2026-02,0,2569,2569,2569,YES,
US4901,0,204,YES,2026-01,204,-204,0,204,NO,Starting balance is 0 or negative
US4903,0,162,YES,2026-01,162,-162,0,162,NO,Starting balance is 0 or negative
US4904,0,22,YES,2026-01,22,-22,0,22,NO,Starting balance is 0 or negative
US4905,0,57,YES,2026-01,57,-57,0,57,NO,Starting balance is 0 or negative
US4908,0,2002,YES,2026-01,2002,-2002,0,2002,NO,Starting balance is 0 or negative
US4909,23,23,YES,2026-01,23,0,0,23,NO,First ledger beginning is not 0
US491,316,42,YES,2026-02,0,316,316,358,YES,
US4910,0,0,YES,2026-01,0,0,0,0,NO,Starting balance is 0 or negative
US4911,46,46,YES,2026-01,46,0,0,46,NO,First ledger beginning is not 0
US4912,208,208,YES,2026-01,208,0,0,208,NO,First ledger beginning is not 0
US4913,0,18,YES,2026-01,18,-18,0,18,NO,Starting balance is 0 or negative
US4914,0,11,YES,2026-01,11,-11,0,11,NO,Starting balance is 0 or negative
US4916,0,10,YES,2026-01,10,-10,0,10,NO,Starting balance is 0 or negative
US4918,0,19,YES,2026-01,19,-19,0,19,NO,Starting balance is 0 or negative
US4919,0,34,YES,2026-01,34,-34,0,34,NO,Starting balance is 0 or negative
US492,27,27,YES,2026-02,27,0,0,27,NO,First ledger beginning is not 0
US4921,252,252,YES,2026-01,252,0,0,252,NO,First ledger beginning is not 0
US4922,0,0,YES,2026-01,0,0,0,0,NO,Starting balance is 0 or negative
US4923,0,154,YES,2026-01,154,-154,0,154,NO,Starting balance is 0 or negative
US4924,0,18,YES,2026-01,0,0,0,18,NO,Starting balance is 0 or negative
US4925,14,14,YES,2026-01,14,0,0,14,NO,First ledger beginning is not 0
US4926,55,0,YES,2026-01,0,55,55,55,YES,
US4927,1846,1846,YES,2026-01,1846,0,0,1846,NO,First ledger beginning is not 0
US4929,166,166,YES,2026-01,166,0,0,166,NO,First ledger beginning is not 0
US4931,30,30,YES,2026-01,30,0,0,30,NO,First ledger beginning is not 0
US4932,13,31,YES,2026-01,13,0,0,31,NO,First ledger beginning is not 0
US4933,0,51,YES,2026-01,51,-51,0,51,NO,Starting balance is 0 or negative
US4934,0,16,YES,2026-01,16,-16,0,16,NO,Starting balance is 0 or negative
US4935,3667,3693,YES,2026-01,3667,0,0,3693,NO,First ledger beginning is not 0
US4936,84,84,YES,2026-01,84,0,0,84,NO,First ledger beginning is not 0
US4937,329,34,YES,2026-01,0,329,329,363,YES,
US4938,54,54,YES,2026-01,54,0,0,54,NO,First ledger beginning is not 0
US4939,73,73,YES,2026-01,73,0,0,73,NO,First ledger beginning is not 0
US494,137,137,YES,2026-02,137,0,0,137,NO,First ledger beginning is not 0
US4940,0,105,YES,2026-01,105,-105,0,105,NO,Starting balance is 0 or negative
US4947,18,39,YES,2026-01,0,18,18,57,YES,
US4948,0,111,YES,2026-01,111,-111,0,111,NO,Starting balance is 0 or negative
US4949,0,75,YES,2026-01,75,-75,0,75,NO,Starting balance is 0 or negative
US495,1,19,YES,2026-02,0,1,1,20,YES,
US4950,0,42,YES,2026-01,42,-42,0,42,NO,Starting balance is 0 or negative
US4952,74,74,YES,2026-01,74,0,0,74,NO,First ledger beginning is not 0
US4953,0,0,YES,2026-01,0,0,0,0,NO,Starting balance is 0 or negative
US4954,0,233,YES,2026-01,233,-233,0,233,NO,Starting balance is 0 or negative
US4955,27,27,YES,2026-01,27,0,0,27,NO,First ledger beginning is not 0
US4956,156,156,YES,2026-01,156,0,0,156,NO,First ledger beginning is not 0
US4957,792,792,YES,2026-01,792,0,0,792,NO,First ledger beginning is not 0
US4958,0,94,YES,2026-01,94,-94,0,94,NO,Starting balance is 0 or negative
US4959,828,828,YES,2026-01,828,0,0,828,NO,First ledger beginning is not 0
US496,652,652,YES,2026-02,652,0,0,652,NO,First ledger beginning is not 0
US4960,690,690,YES,2026-01,690,0,0,690,NO,First ledger beginning is not 0
US4963,0,13,YES,2026-01,13,-13,0,13,NO,Starting balance is 0 or negative
US4964,51,51,YES,2026-01,51,0,0,51,NO,First ledger beginning is not 0
US4965,248,248,YES,2026-01,248,0,0,248,NO,First ledger beginning is not 0
US4966,97,97,YES,2026-01,97,0,0,97,NO,First ledger beginning is not 0
US4968,57,57,YES,2026-01,57,0,0,57,NO,First ledger beginning is not 0
US4969,123,123,YES,2026-01,123,0,0,123,NO,First ledger beginning is not 0
US4971,0,152,YES,2026-01,152,-152,0,152,NO,Starting balance is 0 or negative
US4972,0,216,YES,2026-01,216,-216,0,216,NO,Starting balance is 0 or negative
US4973,0,35,YES,2026-01,35,-35,0,35,NO,Starting balance is 0 or negative
US4974,0,33,YES,2026-01,17,-17,0,33,NO,Starting balance is 0 or negative
US4975,10,10,YES,2026-01,10,0,0,10,NO,First ledger beginning is not 0
US4976,0,872,YES,2026-01,872,-872,0,872,NO,Starting balance is 0 or negative
US4977,0,28,YES,2026-01,0,0,0,28,NO,Starting balance is 0 or negative
US4978,89,89,YES,2026-01,89,0,0,89,NO,First ledger beginning is not 0
US498,747,765,YES,2026-02,765,-18,0,765,NO,First ledger beginning is not 0
US4980,0,1084,YES,2026-01,1084,-1084,0,1084,NO,Starting balance is 0 or negative
US4981,0,0,YES,2026-01,0,0,0,0,NO,Starting balance is 0 or negative
US4982,0,10,YES,2026-01,10,-10,0,10,NO,Starting balance is 0 or negative
US4983,411,427,YES,2026-01,411,0,0,427,NO,First ledger beginning is not 0
US4984,0,111,YES,2026-01,111,-111,0,111,NO,Starting balance is 0 or negative
US4985,0,106,YES,2026-01,106,-106,0,106,NO,Starting balance is 0 or negative
US4987,194,194,YES,2026-01,194,0,0,194,NO,First ledger beginning is not 0
US4988,0,369,YES,2026-01,369,-369,0,369,NO,Starting balance is 0 or negative
US4989,0,11,YES,2026-01,11,-11,0,11,NO,Starting balance is 0 or negative
US4990,0,7,YES,2026-01,7,-7,0,7,NO,Starting balance is 0 or negative
US4991,0,428,YES,2026-01,428,-428,0,428,NO,Starting balance is 0 or negative
US4992,48,48,YES,2026-01,48,0,0,48,NO,First ledger beginning is not 0
US4993,292,6,YES,2026-01,292,0,0,6,NO,First ledger beginning is not 0
US4994,0,389,YES,2026-01,389,-389,0,389,NO,Starting balance is 0 or negative
US4995,87,87,YES,2026-01,87,0,0,87,NO,First ledger beginning is not 0
US4996,190,190,YES,2026-01,190,0,0,190,NO,First ledger beginning is not 0
US4997,30,30,YES,2026-01,30,0,0,30,NO,First ledger beginning is not 0
US4999,229,255,YES,2026-01,229,0,0,255,NO,First ledger beginning is not 0
US500,809,836,YES,2026-02,836,-27,0,836,NO,First ledger beginning is not 0
US5000,0,86,YES,2026-01,86,-86,0,86,NO,Starting balance is 0 or negative
US5001,0,420,YES,2026-01,420,-420,0,420,NO,Starting balance is 0 or negative
US5002,432,432,YES,2026-01,432,0,0,432,NO,First ledger beginning is not 0
US5004,648,648,YES,2026-01,648,0,0,648,NO,First ledger beginning is not 0
US5005,162,162,YES,2026-01,162,0,0,162,NO,First ledger beginning is not 0
US5006,0,0,YES,2026-01,0,0,0,0,NO,Starting balance is 0 or negative
US5007,0,0,YES,2026-01,0,0,0,0,NO,Starting balance is 0 or negative
US5008,726,726,YES,2026-01,726,0,0,726,NO,First ledger beginning is not 0
US5009,876,20,YES,2026-01,0,876,876,896,YES,
US501,425,436,YES,2026-02,436,-11,0,436,NO,First ledger beginning is not 0
US5010,147,147,YES,2026-01,147,0,0,147,NO,First ledger beginning is not 0
US5011,46,46,YES,2026-01,46,0,0,46,NO,First ledger beginning is not 0
US5013,68,68,YES,2026-01,68,0,0,68,NO,First ledger beginning is not 0
US5014,0,261,YES,2026-01,18,-18,0,261,NO,Starting balance is 0 or negative
US5015,16,16,YES,2026-01,16,0,0,16,NO,First ledger beginning is not 0
US5016,164,164,YES,2026-01,164,0,0,164,NO,First ledger beginning is not 0
US501684,0,,NO,,,,0,,NO,Missing SR customer record
US5017,0,145,YES,2026-01,145,-145,0,145,NO,Starting balance is 0 or negative
US5019,0,177,YES,2026-01,177,-177,0,177,NO,Starting balance is 0 or negative
US502,1289,77,YES,2026-02,0,1289,1289,1366,YES,
US5020,1340,1340,YES,2026-01,1340,0,0,1340,NO,First ledger beginning is not 0
US5021,0,379,YES,2026-01,379,-379,0,379,NO,Starting balance is 0 or negative
US5022,62,62,YES,2026-01,62,0,0,62,NO,First ledger beginning is not 0
US5024,169,169,YES,2026-01,169,0,0,169,NO,First ledger beginning is not 0
US5025,5,5,YES,2026-01,5,0,0,5,NO,First ledger beginning is not 0
US5026,0,62,YES,2026-01,62,-62,0,62,NO,Starting balance is 0 or negative
US5027,0,130,YES,2026-01,130,-130,0,130,NO,Starting balance is 0 or negative
US5028,0,819,YES,2026-01,819,-819,0,819,NO,Starting balance is 0 or negative
US5029,8,8,YES,2026-01,8,0,0,8,NO,First ledger beginning is not 0
US503,17,0,YES,2026-02,0,17,17,17,YES,
US5030,60,0,YES,2026-01,0,60,60,60,YES,
US5032,0,248,YES,2026-01,229,-229,0,248,NO,Starting balance is 0 or negative
US5033,96,96,YES,2026-01,96,0,0,96,NO,First ledger beginning is not 0
US5036,0,12,YES,2026-01,12,-12,0,12,NO,Starting balance is 0 or negative
US5037,99,99,YES,2026-01,99,0,0,99,NO,First ledger beginning is not 0
US5038,0,88,YES,2026-01,88,-88,0,88,NO,Starting balance is 0 or negative
US5039,0,34,YES,2026-01,34,-34,0,34,NO,Starting balance is 0 or negative
US504,865,865,YES,2026-02,865,0,0,865,NO,First ledger beginning is not 0
US5040,387,387,YES,2026-01,387,0,0,387,NO,First ledger beginning is not 0
US5041,0,144,YES,2026-01,102,-102,0,144,NO,Starting balance is 0 or negative
US5043,59,59,YES,2026-01,59,0,0,59,NO,First ledger beginning is not 0
US5044,0,0,YES,2026-01,0,0,0,0,NO,Starting balance is 0 or negative
US5046,370,370,YES,2026-01,370,0,0,370,NO,First ledger beginning is not 0
US5047,0,54,YES,2026-01,54,-54,0,54,NO,Starting balance is 0 or negative
US5048,0,362,YES,2026-01,0,0,0,362,NO,Starting balance is 0 or negative
US5049,0,10,YES,2026-01,10,-10,0,10,NO,Starting balance is 0 or negative
US505,476,39,YES,2026-02,17,459,0,39,NO,First ledger beginning is not 0
US5050,0,21,YES,2026-01,21,-21,0,21,NO,Starting balance is 0 or negative
US5051,263,263,YES,2026-01,263,0,0,263,NO,First ledger beginning is not 0
US5052,0,41,YES,2026-01,41,-41,0,41,NO,Starting balance is 0 or negative
US5054,169,169,YES,2026-01,169,0,0,169,NO,First ledger beginning is not 0
US5055,0,62,YES,2026-01,29,-29,0,62,NO,Starting balance is 0 or negative
US5056,9,25,YES,2026-01,0,9,9,34,YES,
US5057,578,151,YES,2026-01,151,427,0,151,NO,First ledger beginning is not 0
US5058,626,626,YES,2026-01,626,0,0,626,NO,First ledger beginning is not 0
US506,310,310,YES,2026-02,310,0,0,310,NO,First ledger beginning is not 0
US5060,0,608,YES,2026-01,608,-608,0,608,NO,Starting balance is 0 or negative
US5061,12,12,YES,2026-01,12,0,0,12,NO,First ledger beginning is not 0
US5062,60,60,YES,2026-01,60,0,0,60,NO,First ledger beginning is not 0
US5064,313,313,YES,2026-01,313,0,0,313,NO,First ledger beginning is not 0
US5068,148,278,YES,2026-01,148,0,0,278,NO,First ledger beginning is not 0
US5069,0,0,YES,2026-01,0,0,0,0,NO,Starting balance is 0 or negative
US507,232,245,YES,2026-02,245,-13,0,245,NO,First ledger beginning is not 0
US5072,368,368,YES,2026-01,368,0,0,368,NO,First ledger beginning is not 0
US5073,0,568,YES,2026-01,568,-568,0,568,NO,Starting balance is 0 or negative
US5074,184,184,YES,2026-01,184,0,0,184,NO,First ledger beginning is not 0
US5075,224,224,YES,2026-01,224,0,0,224,NO,First ledger beginning is not 0
US5077,0,111,YES,2026-01,111,-111,0,111,NO,Starting balance is 0 or negative
US5078,0,97,YES,2026-01,97,-97,0,97,NO,Starting balance is 0 or negative
US508,62,62,YES,2026-02,62,0,0,62,NO,First ledger beginning is not 0
US5082,65,65,YES,2026-01,65,0,0,65,NO,First ledger beginning is not 0
US5084,656,775,YES,2026-01,656,0,0,775,NO,First ledger beginning is not 0
US5085,253,253,YES,2026-01,253,0,0,253,NO,First ledger beginning is not 0
US5087,14,14,YES,2026-01,14,0,0,14,NO,First ledger beginning is not 0
US5088,58,58,YES,2026-01,58,0,0,58,NO,First ledger beginning is not 0
US5089,24,24,YES,2026-01,24,0,0,24,NO,First ledger beginning is not 0
US509,172,223,YES,2026-02,197,-25,0,223,NO,First ledger beginning is not 0
US5090,15,15,YES,2026-01,15,0,0,15,NO,First ledger beginning is not 0
US5092,23,23,YES,2026-01,23,0,0,23,NO,First ledger beginning is not 0
US5093,1001,1001,YES,2026-01,1001,0,0,1001,NO,First ledger beginning is not 0
US5094,12,0,YES,2026-01,0,12,12,12,YES,
US5096,159,159,YES,2026-01,159,0,0,159,NO,First ledger beginning is not 0
US5097,48,48,YES,2026-01,48,0,0,48,NO,First ledger beginning is not 0
US5098,0,235,YES,2026-01,235,-235,0,235,NO,Starting balance is 0 or negative
US5099,0,303,YES,2026-01,303,-303,0,303,NO,Starting balance is 0 or negative
US510,3709,114,YES,2026-02,0,3709,3709,3823,YES,
US5101,0,69,YES,2026-01,69,-69,0,69,NO,Starting balance is 0 or negative
US5102,0,0,YES,2026-01,0,0,0,0,NO,Starting balance is 0 or negative
US5104,0,124,YES,2026-01,124,-124,0,124,NO,Starting balance is 0 or negative
US5105,0,23,YES,2026-01,23,-23,0,23,NO,Starting balance is 0 or negative
US5106,0,16,YES,2026-01,16,-16,0,16,NO,Starting balance is 0 or negative
US5107,386,386,YES,2026-01,386,0,0,386,NO,First ledger beginning is not 0
US5108,90,90,YES,2026-01,90,0,0,90,NO,First ledger beginning is not 0
US511,820,820,YES,2026-02,820,0,0,820,NO,First ledger beginning is not 0
US5110,443,443,YES,2026-01,443,0,0,443,NO,First ledger beginning is not 0
US5112,0,134,YES,2026-01,134,-134,0,134,NO,Starting balance is 0 or negative
US5113,0,16,YES,2026-01,0,0,0,16,NO,Starting balance is 0 or negative
US5115,90,90,YES,2026-01,90,0,0,90,NO,First ledger beginning is not 0
US512,12,12,YES,2026-02,12,0,0,12,NO,First ledger beginning is not 0
US5120,0,63,YES,2026-01,63,-63,0,63,NO,Starting balance is 0 or negative
US5121,225,225,YES,2026-01,225,0,0,225,NO,First ledger beginning is not 0
US5122,0,0,YES,2026-01,0,0,0,0,NO,Starting balance is 0 or negative
US5124,62,27,YES,2026-01,62,0,0,27,NO,First ledger beginning is not 0
US5125,401,401,YES,2026-01,401,0,0,401,NO,First ledger beginning is not 0
US5126,0,81,YES,2026-01,81,-81,0,81,NO,Starting balance is 0 or negative
US5127,19,19,YES,2026-01,19,0,0,19,NO,First ledger beginning is not 0
US5128,0,36,YES,2026-01,0,0,0,36,NO,Starting balance is 0 or negative
US5131,0,553,YES,2026-01,514,-514,0,553,NO,Starting balance is 0 or negative
US5133,0,33,YES,2026-01,33,-33,0,33,NO,Starting balance is 0 or negative
US5136,0,178,YES,2026-01,178,-178,0,178,NO,Starting balance is 0 or negative
US5138,10,10,YES,2026-01,10,0,0,10,NO,First ledger beginning is not 0
US514,13113,14535,YES,2026-02,0,13113,13113,27648,YES,
US5140,408,408,YES,2026-01,408,0,0,408,NO,First ledger beginning is not 0
US5141,0,205,NO,,0,0,0,205,NO,Starting balance is 0 or negative
US5142,0,1,YES,2026-01,1,-1,0,1,NO,Starting balance is 0 or negative
US5143,0,0,YES,2026-01,0,0,0,0,NO,Starting balance is 0 or negative
US5144,0,1086,YES,2026-01,1086,-1086,0,1086,NO,Starting balance is 0 or negative
US5145,4454,1764,YES,2026-01,1764,2690,0,1764,NO,First ledger beginning is not 0
US5146,0,95,YES,2026-01,95,-95,0,95,NO,Starting balance is 0 or negative
US5150,0,49,YES,2026-01,24,-24,0,49,NO,Starting balance is 0 or negative
US5151,168,168,YES,2026-01,168,0,0,168,NO,First ledger beginning is not 0
US5152,33,33,YES,2026-01,33,0,0,33,NO,First ledger beginning is not 0
US5154,61,61,YES,2026-01,61,0,0,61,NO,First ledger beginning is not 0
US5157,1499,1499,YES,2026-01,1499,0,0,1499,NO,First ledger beginning is not 0
US5159,0,17,YES,2026-01,17,-17,0,17,NO,Starting balance is 0 or negative
US5160,78,78,YES,2026-01,78,0,0,78,NO,First ledger beginning is not 0
US5164,0,8,YES,2026-01,8,-8,0,8,NO,Starting balance is 0 or negative
US5165,0,352,YES,2026-01,352,-352,0,352,NO,Starting balance is 0 or negative
US5167,66,66,YES,2026-01,66,0,0,66,NO,First ledger beginning is not 0
US5168,0,147,YES,2026-01,147,-147,0,147,NO,Starting balance is 0 or negative
US5169,10,10,YES,2026-01,10,0,0,10,NO,First ledger beginning is not 0
US5170,0,19,YES,2026-01,19,-19,0,19,NO,Starting balance is 0 or negative
US5171,0,196,YES,2026-01,178,-178,0,196,NO,Starting balance is 0 or negative
US5174,0,0,YES,2026-01,0,0,0,0,NO,Starting balance is 0 or negative
US5175,38,54,YES,2026-01,38,0,0,54,NO,First ledger beginning is not 0
US5178,0,1689,YES,2026-01,1689,-1689,0,1689,NO,Starting balance is 0 or negative
US518,892,993,YES,2026-02,959,-67,0,993,NO,First ledger beginning is not 0
US5180,2130,2172,YES,2026-01,2130,0,0,2172,NO,First ledger beginning is not 0
US5181,232,232,YES,2026-01,232,0,0,232,NO,First ledger beginning is not 0
US5182,1211,30,YES,2026-01,0,1211,1211,1241,YES,
US5183,0,82,YES,2026-01,82,-82,0,82,NO,Starting balance is 0 or negative
US5185,0,263,YES,2026-01,263,-263,0,263,NO,Starting balance is 0 or negative
US5187,181,181,YES,2026-01,181,0,0,181,NO,First ledger beginning is not 0
US5189,0,183,YES,2026-01,183,-183,0,183,NO,Starting balance is 0 or negative
US5191,0,226,YES,2026-01,226,-226,0,226,NO,Starting balance is 0 or negative
US5192,397,397,YES,2026-01,397,0,0,397,NO,First ledger beginning is not 0
US5193,0,162,YES,2026-01,162,-162,0,162,NO,Starting balance is 0 or negative
US5194,0,105,YES,2026-01,105,-105,0,105,NO,Starting balance is 0 or negative
US5196,8,36,YES,2026-01,8,0,0,36,NO,First ledger beginning is not 0
US5197,210,210,YES,2026-01,210,0,0,210,NO,First ledger beginning is not 0
US5198,0,372,YES,2026-01,372,-372,0,372,NO,Starting balance is 0 or negative
US5199,112,112,YES,2026-01,112,0,0,112,NO,First ledger beginning is not 0
US5200,34,34,YES,2026-01,34,0,0,34,NO,First ledger beginning is not 0
US5201,237,237,YES,2026-01,237,0,0,237,NO,First ledger beginning is not 0
US5202,12,12,YES,2026-01,12,0,0,12,NO,First ledger beginning is not 0
US5203,102,102,YES,2026-01,102,0,0,102,NO,First ledger beginning is not 0
US5204,302,302,YES,2026-01,302,0,0,302,NO,First ledger beginning is not 0
US5205,36,36,YES,2026-01,36,0,0,36,NO,First ledger beginning is not 0
US5206,11,11,YES,2026-01,11,0,0,11,NO,First ledger beginning is not 0
US5207,0,25,YES,2026-01,0,0,0,25,NO,Starting balance is 0 or negative
US5209,398,398,YES,2026-01,398,0,0,398,NO,First ledger beginning is not 0
US521,263,282,YES,2026-02,263,0,0,282,NO,First ledger beginning is not 0
US5210,0,40,YES,2026-01,40,-40,0,40,NO,Starting balance is 0 or negative
US5213,52,52,YES,2026-01,52,0,0,52,NO,First ledger beginning is not 0
US5216,0,0,YES,2026-01,0,0,0,0,NO,Starting balance is 0 or negative
US5217,0,0,YES,2026-01,0,0,0,0,NO,Starting balance is 0 or negative
US5218,0,0,YES,2026-01,0,0,0,0,NO,Starting balance is 0 or negative
US5219,0,0,YES,2026-01,0,0,0,0,NO,Starting balance is 0 or negative
US5220,522,550,YES,2026-01,522,0,0,550,NO,First ledger beginning is not 0
US5222,0,103,YES,2026-01,103,-103,0,103,NO,Starting balance is 0 or negative
US5223,691,691,YES,2026-01,691,0,0,691,NO,First ledger beginning is not 0
US5225,1068,1068,YES,2026-01,1068,0,0,1068,NO,First ledger beginning is not 0
US5226,273,43,YES,2026-01,0,273,273,316,YES,
US5227,111,111,YES,2026-01,111,0,0,111,NO,First ledger beginning is not 0
US5228,0,41,YES,2026-01,19,-19,0,41,NO,Starting balance is 0 or negative
US5229,0,23,YES,2026-01,23,-23,0,23,NO,Starting balance is 0 or negative
US523,1236,71,YES,2026-02,0,1236,1236,1307,YES,
US5230,0,548,YES,2026-01,548,-548,0,548,NO,Starting balance is 0 or negative
US5231,85,0,YES,2026-01,0,85,85,85,YES,
US5233,0,1330,YES,2026-01,1330,-1330,0,1330,NO,Starting balance is 0 or negative
US5235,5,5,YES,2026-01,5,0,0,5,NO,First ledger beginning is not 0
US5237,0,293,YES,2026-01,293,-293,0,293,NO,Starting balance is 0 or negative
US5238,0,32,YES,2026-01,32,-32,0,32,NO,Starting balance is 0 or negative
US5239,2,2,YES,2026-01,2,0,0,2,NO,First ledger beginning is not 0
US5240,12,0,YES,2026-01,0,12,12,12,YES,
US5241,0,252,YES,2026-01,252,-252,0,252,NO,Starting balance is 0 or negative
US5242,0,206,YES,2026-01,206,-206,0,206,NO,Starting balance is 0 or negative
US5244,0,23,YES,2026-01,0,0,0,23,NO,Starting balance is 0 or negative
US5245,171,171,YES,2026-01,171,0,0,171,NO,First ledger beginning is not 0
US5246,358,358,YES,2026-01,358,0,0,358,NO,First ledger beginning is not 0
US5248,4780,210,YES,2026-01,0,4780,4780,4990,YES,
US5250,0,36,YES,2026-01,36,-36,0,36,NO,Starting balance is 0 or negative
US5251,0,133,YES,2026-01,133,-133,0,133,NO,Starting balance is 0 or negative
US5252,96,96,YES,2026-01,96,0,0,96,NO,First ledger beginning is not 0
US5253,90,124,YES,2026-01,90,0,0,124,NO,First ledger beginning is not 0
US5254,0,39,YES,2026-01,39,-39,0,39,NO,Starting balance is 0 or negative
US5255,0,186,YES,2026-01,186,-186,0,186,NO,Starting balance is 0 or negative
US5256,243,243,YES,2026-01,243,0,0,243,NO,First ledger beginning is not 0
US5257,144,0,YES,2026-01,0,144,144,144,YES,
US5258,0,38,YES,2026-01,10,-10,0,38,NO,Starting balance is 0 or negative
US5259,0,83,YES,2026-01,49,-49,0,83,NO,Starting balance is 0 or negative
US526,59,59,YES,2026-02,59,0,0,59,NO,First ledger beginning is not 0
US5260,22,22,YES,2026-01,22,0,0,22,NO,First ledger beginning is not 0
US5261,1437,0,YES,2026-01,0,1437,1437,1437,YES,
US5262,0,121,YES,2026-01,121,-121,0,121,NO,Starting balance is 0 or negative
US5263,77,77,YES,2026-01,77,0,0,77,NO,First ledger beginning is not 0
US5264,0,187,YES,2026-01,187,-187,0,187,NO,Starting balance is 0 or negative
US5265,0,0,YES,2026-01,0,0,0,0,NO,Starting balance is 0 or negative
US5266,24,24,YES,2026-01,24,0,0,24,NO,First ledger beginning is not 0
US5268,488,488,YES,2026-01,488,0,0,488,NO,First ledger beginning is not 0
US5269,31,31,YES,2026-01,31,0,0,31,NO,First ledger beginning is not 0
US5270,0,47,YES,2026-01,47,-47,0,47,NO,Starting balance is 0 or negative
US5271,0,28,YES,2026-01,28,-28,0,28,NO,Starting balance is 0 or negative
US5272,0,299,YES,2026-01,299,-299,0,299,NO,Starting balance is 0 or negative
US5273,234,234,YES,2026-01,234,0,0,234,NO,First ledger beginning is not 0
US5274,82,82,YES,2026-01,82,0,0,82,NO,First ledger beginning is not 0
US5275,285,285,YES,2026-01,285,0,0,285,NO,First ledger beginning is not 0
US5276,0,94,YES,2026-01,94,-94,0,94,NO,Starting balance is 0 or negative
US5277,119,119,YES,2026-01,119,0,0,119,NO,First ledger beginning is not 0
US5278,69,34,YES,2026-01,0,69,69,103,YES,
US5279,0,147,YES,2026-01,147,-147,0,147,NO,Starting balance is 0 or negative
US528,435,435,YES,2026-02,435,0,0,435,NO,First ledger beginning is not 0
US5280,0,469,YES,2026-01,454,-454,0,469,NO,Starting balance is 0 or negative
US5281,22,40,YES,2026-01,22,0,0,40,NO,First ledger beginning is not 0
US5283,164,164,YES,2026-01,164,0,0,164,NO,First ledger beginning is not 0
US5284,0,39,YES,2026-01,0,0,0,39,NO,Starting balance is 0 or negative
US5285,232,232,YES,2026-01,232,0,0,232,NO,First ledger beginning is not 0
US5286,0,39,YES,2026-01,39,-39,0,39,NO,Starting balance is 0 or negative
US5287,0,11,YES,2026-01,11,-11,0,11,NO,Starting balance is 0 or negative
US5288,0,29,YES,2026-01,0,0,0,29,NO,Starting balance is 0 or negative
US5289,132,132,YES,2026-01,132,0,0,132,NO,First ledger beginning is not 0
US529,1,36,YES,2026-02,0,1,1,37,YES,
US5290,0,341,YES,2026-01,248,-248,0,341,NO,Starting balance is 0 or negative
US5291,271,271,YES,2026-01,271,0,0,271,NO,First ledger beginning is not 0
US5292,234,268,YES,2026-01,234,0,0,268,NO,First ledger beginning is not 0
US5293,0,12,YES,2026-01,12,-12,0,12,NO,Starting balance is 0 or negative
US5294,0,0,YES,2026-01,0,0,0,0,NO,Starting balance is 0 or negative
US5295,0,97,YES,2026-01,97,-97,0,97,NO,Starting balance is 0 or negative
US5297,153,153,YES,2026-01,153,0,0,153,NO,First ledger beginning is not 0
US5298,1854,1589,YES,2026-01,1547,307,0,1589,NO,First ledger beginning is not 0
US5299,0,66,YES,2026-01,66,-66,0,66,NO,Starting balance is 0 or negative
US530,38,38,YES,2026-02,38,0,0,38,NO,First ledger beginning is not 0
US5300,874,874,YES,2026-01,874,0,0,874,NO,First ledger beginning is not 0
US5301,4,26,YES,2026-01,4,0,0,26,NO,First ledger beginning is not 0
US5302,0,122,YES,2026-01,122,-122,0,122,NO,Starting balance is 0 or negative
US5303,24,24,YES,2026-01,24,0,0,24,NO,First ledger beginning is not 0
US5305,0,26,YES,2026-01,26,-26,0,26,NO,Starting balance is 0 or negative
US5306,0,316,YES,2026-01,316,-316,0,316,NO,Starting balance is 0 or negative
US5307,58,58,YES,2026-01,58,0,0,58,NO,First ledger beginning is not 0
US5308,0,262,YES,2026-01,262,-262,0,262,NO,Starting balance is 0 or negative
US5309,0,235,YES,2026-01,0,0,0,235,NO,Starting balance is 0 or negative
US531,301,301,YES,2026-02,301,0,0,301,NO,First ledger beginning is not 0
US5311,0,83,YES,2026-01,64,-64,0,83,NO,Starting balance is 0 or negative
US5312,0,21,YES,2026-01,21,-21,0,21,NO,Starting balance is 0 or negative
US5313,0,112,YES,2026-01,112,-112,0,112,NO,Starting balance is 0 or negative
US5317,0,66,YES,2026-01,66,-66,0,66,NO,Starting balance is 0 or negative
US5318,0,31,YES,2026-01,31,-31,0,31,NO,Starting balance is 0 or negative
US5319,45,45,YES,2026-01,45,0,0,45,NO,First ledger beginning is not 0
US532,94,94,YES,2026-02,94,0,0,94,NO,First ledger beginning is not 0
US5320,22,22,YES,2026-01,22,0,0,22,NO,First ledger beginning is not 0
US5321,111,111,YES,2026-01,111,0,0,111,NO,First ledger beginning is not 0
US5322,267,283,YES,2026-01,267,0,0,283,NO,First ledger beginning is not 0
US5324,0,21,YES,2026-01,21,-21,0,21,NO,Starting balance is 0 or negative
US5326,0,0,YES,2026-01,0,0,0,0,NO,Starting balance is 0 or negative
US5327,0,109,YES,2026-01,109,-109,0,109,NO,Starting balance is 0 or negative
US5328,0,233,YES,2026-01,233,-233,0,233,NO,Starting balance is 0 or negative
US5329,26,26,YES,2026-01,26,0,0,26,NO,First ledger beginning is not 0
US533,1612,15,YES,2026-02,0,1612,1612,1627,YES,
US5330,131,131,YES,2026-01,131,0,0,131,NO,First ledger beginning is not 0
US5333,462,116,YES,2026-01,0,462,462,578,YES,
US5334,12,12,YES,2026-01,12,0,0,12,NO,First ledger beginning is not 0
US5335,177,177,YES,2026-01,177,0,0,177,NO,First ledger beginning is not 0
US5336,0,74,YES,2026-01,74,-74,0,74,NO,Starting balance is 0 or negative
US5339,0,93,YES,2026-01,0,0,0,93,NO,Starting balance is 0 or negative
US5341,333,333,YES,2026-01,333,0,0,333,NO,First ledger beginning is not 0
US5342,238,473,YES,2026-01,238,0,0,473,NO,First ledger beginning is not 0
US5344,0,286,YES,2026-01,286,-286,0,286,NO,Starting balance is 0 or negative
US5347,0,29,YES,2026-01,10,-10,0,29,NO,Starting balance is 0 or negative
US5348,0,39,YES,2026-01,39,-39,0,39,NO,Starting balance is 0 or negative
US5349,192,192,YES,2026-01,192,0,0,192,NO,First ledger beginning is not 0
US535,4129,37,YES,2026-02,0,4129,4129,4166,YES,
US5351,3876,295,YES,2026-01,0,3876,3876,4171,YES,
US5352,2,2,YES,2026-01,2,0,0,2,NO,First ledger beginning is not 0
US5354,315,315,YES,2026-01,315,0,0,315,NO,First ledger beginning is not 0
US5355,0,4,YES,2026-01,4,-4,0,4,NO,Starting balance is 0 or negative
US5356,57,57,YES,2026-01,57,0,0,57,NO,First ledger beginning is not 0
US5357,0,29,YES,2026-01,29,-29,0,29,NO,Starting balance is 0 or negative
US5358,1,1,YES,2026-01,1,0,0,1,NO,First ledger beginning is not 0
US5359,0,16,YES,2026-01,16,-16,0,16,NO,Starting balance is 0 or negative
US536,25,25,YES,2026-02,25,0,0,25,NO,First ledger beginning is not 0
US5362,0,158,YES,2026-01,158,-158,0,158,NO,Starting balance is 0 or negative
US5364,139,139,YES,2026-01,139,0,0,139,NO,First ledger beginning is not 0
US5366,261,277,YES,2026-01,261,0,0,277,NO,First ledger beginning is not 0
US536716,0,0,NO,,0,0,0,0,NO,Starting balance is 0 or negative
US5368,224,224,YES,2026-01,224,0,0,224,NO,First ledger beginning is not 0
US5369,34,34,YES,2026-01,34,0,0,34,NO,First ledger beginning is not 0
US537,414,429,YES,2026-02,414,0,0,429,NO,First ledger beginning is not 0
US5370,0,11,YES,2026-01,11,-11,0,11,NO,Starting balance is 0 or negative
US5371,0,0,YES,2026-01,0,0,0,0,NO,Starting balance is 0 or negative
US5372,269,0,YES,2026-01,0,269,269,269,YES,
US5375,537,537,YES,2026-01,537,0,0,537,NO,First ledger beginning is not 0
US5376,0,83,YES,2026-01,83,-83,0,83,NO,Starting balance is 0 or negative
US5377,1,17,YES,2026-01,1,0,0,17,NO,First ledger beginning is not 0
US5378,767,855,YES,2026-01,767,0,0,855,NO,First ledger beginning is not 0
US538,96,96,YES,2026-02,96,0,0,96,NO,First ledger beginning is not 0
US5380,0,10,YES,2026-01,10,-10,0,10,NO,Starting balance is 0 or negative
US5381,53,53,YES,2026-01,53,0,0,53,NO,First ledger beginning is not 0
US5382,344,344,YES,2026-01,344,0,0,344,NO,First ledger beginning is not 0
US5383,0,0,YES,2026-01,0,0,0,0,NO,Starting balance is 0 or negative
US5385,0,42,YES,2026-01,42,-42,0,42,NO,Starting balance is 0 or negative
US5386,1527,1527,YES,2026-01,1527,0,0,1527,NO,First ledger beginning is not 0
US5387,63,63,YES,2026-01,63,0,0,63,NO,First ledger beginning is not 0
US5389,417,417,YES,2026-01,417,0,0,417,NO,First ledger beginning is not 0
US5390,0,0,YES,2026-01,0,0,0,0,NO,Starting balance is 0 or negative
US5391,235,252,YES,2026-01,235,0,0,252,NO,First ledger beginning is not 0
US5393,0,159,YES,2026-01,159,-159,0,159,NO,Starting balance is 0 or negative
US5395,0,453,YES,2026-01,453,-453,0,453,NO,Starting balance is 0 or negative
US5397,32,29,YES,2026-01,0,32,32,61,YES,
US5398,0,81,YES,2026-01,81,-81,0,81,NO,Starting balance is 0 or negative
US5399,0,184,YES,2026-01,184,-184,0,184,NO,Starting balance is 0 or negative
US540,519,547,YES,2026-02,547,-28,0,547,NO,First ledger beginning is not 0
US5400,12,12,YES,2026-01,12,0,0,12,NO,First ledger beginning is not 0
US5401,185,185,YES,2026-01,185,0,0,185,NO,First ledger beginning is not 0
US5402,0,120,YES,2026-01,120,-120,0,120,NO,Starting balance is 0 or negative
US5403,0,32,YES,2026-01,32,-32,0,32,NO,Starting balance is 0 or negative
US5404,0,124,YES,2026-01,124,-124,0,124,NO,Starting balance is 0 or negative
US5405,163,163,YES,2026-01,163,0,0,163,NO,First ledger beginning is not 0
US5406,17,17,YES,2026-01,17,0,0,17,NO,First ledger beginning is not 0
US5408,92,92,YES,2026-01,92,0,0,92,NO,First ledger beginning is not 0
US5409,0,0,YES,2026-01,0,0,0,0,NO,Starting balance is 0 or negative
US541,463,476,YES,2026-02,476,-13,0,476,NO,First ledger beginning is not 0
US5412,66,66,YES,2026-01,66,0,0,66,NO,First ledger beginning is not 0
US5413,0,1440,YES,2026-01,1414,-1414,0,1440,NO,Starting balance is 0 or negative
US5415,0,109,YES,2026-01,109,-109,0,109,NO,Starting balance is 0 or negative
US5416,0,177,YES,2026-01,177,-177,0,177,NO,Starting balance is 0 or negative
US5417,22,22,YES,2026-01,22,0,0,22,NO,First ledger beginning is not 0
US5418,204,224,YES,2026-01,204,0,0,224,NO,First ledger beginning is not 0
US5419,0,35,YES,2026-01,35,-35,0,35,NO,Starting balance is 0 or negative
US542,27,27,YES,2026-02,27,0,0,27,NO,First ledger beginning is not 0
US5420,22,22,YES,2026-01,22,0,0,22,NO,First ledger beginning is not 0
US5421,20,20,YES,2026-01,20,0,0,20,NO,First ledger beginning is not 0
US5422,0,253,YES,2026-01,253,-253,0,253,NO,Starting balance is 0 or negative
US5423,0,51,YES,2026-01,51,-51,0,51,NO,Starting balance is 0 or negative
US5424,175,175,YES,2026-01,175,0,0,175,NO,First ledger beginning is not 0
US5425,292,16,YES,2026-01,0,292,292,308,YES,
US5428,206,206,YES,2026-01,206,0,0,206,NO,First ledger beginning is not 0
US5430,0,0,YES,2026-01,0,0,0,0,NO,Starting balance is 0 or negative
US5431,0,192,YES,2026-01,192,-192,0,192,NO,Starting balance is 0 or negative
US5432,33,33,YES,2026-01,33,0,0,33,NO,First ledger beginning is not 0
US5434,0,704,YES,2026-01,704,-704,0,704,NO,Starting balance is 0 or negative
US5436,0,0,YES,2026-01,0,0,0,0,NO,Starting balance is 0 or negative
US5437,0,19,YES,2026-01,0,0,0,19,NO,Starting balance is 0 or negative
US5438,0,38,YES,2026-01,38,-38,0,38,NO,Starting balance is 0 or negative
US5439,0,559,YES,2026-01,559,-559,0,559,NO,Starting balance is 0 or negative
US544,5686,25,YES,2026-02,25,5661,0,25,NO,First ledger beginning is not 0
US5440,0,29,YES,2026-01,29,-29,0,29,NO,Starting balance is 0 or negative
US5441,15,15,YES,2026-01,15,0,0,15,NO,First ledger beginning is not 0
US5444,0,99,YES,2026-01,99,-99,0,99,NO,Starting balance is 0 or negative
US5445,0,97,YES,2026-01,97,-97,0,97,NO,Starting balance is 0 or negative
US5446,868,39,YES,2026-01,0,868,868,907,YES,
US5449,33,33,YES,2026-01,33,0,0,33,NO,First ledger beginning is not 0
US545,119,119,YES,2026-02,119,0,0,119,NO,First ledger beginning is not 0
US5450,0,4,YES,2026-01,4,-4,0,4,NO,Starting balance is 0 or negative
US5451,61,61,YES,2026-01,61,0,0,61,NO,First ledger beginning is not 0
US5452,94,94,YES,2026-01,94,0,0,94,NO,First ledger beginning is not 0
US5453,0,405,YES,2026-01,390,-390,0,405,NO,Starting balance is 0 or negative
US5455,0,130,YES,2026-01,130,-130,0,130,NO,Starting balance is 0 or negative
US5456,101,21,YES,2026-01,0,101,101,122,YES,
US5459,140,140,YES,2026-01,140,0,0,140,NO,First ledger beginning is not 0
US5460,392,392,YES,2026-01,392,0,0,392,NO,First ledger beginning is not 0
US5462,0,22,YES,2026-01,22,-22,0,22,NO,Starting balance is 0 or negative
US5463,80,80,YES,2026-01,80,0,0,80,NO,First ledger beginning is not 0
US5466,279,279,YES,2026-01,279,0,0,279,NO,First ledger beginning is not 0
US5468,0,300,YES,2026-01,300,-300,0,300,NO,Starting balance is 0 or negative
US547,83,130,YES,2026-02,130,-47,0,130,NO,First ledger beginning is not 0
US5470,45,45,YES,2026-01,45,0,0,45,NO,First ledger beginning is not 0
US5471,4453,4669,YES,2026-01,0,4453,4453,9122,YES,
US5472,65,65,YES,2026-01,65,0,0,65,NO,First ledger beginning is not 0
US5474,0,17,YES,2026-01,17,-17,0,17,NO,Starting balance is 0 or negative
US5475,0,227,YES,2026-01,227,-227,0,227,NO,Starting balance is 0 or negative
US5479,12,12,YES,2026-01,12,0,0,12,NO,First ledger beginning is not 0
US548,136,59,YES,2026-02,23,113,0,59,NO,First ledger beginning is not 0
US5480,0,281,YES,2026-01,281,-281,0,281,NO,Starting balance is 0 or negative
US5482,2,29,YES,2026-01,0,2,2,31,YES,
US5483,123,0,YES,2026-01,0,123,123,123,YES,
US5485,2388,27,YES,2026-01,0,2388,2388,2415,YES,
US5487,0,81,YES,2026-01,81,-81,0,81,NO,Starting balance is 0 or negative
US5488,0,184,YES,2026-01,165,-165,0,184,NO,Starting balance is 0 or negative
US5489,0,99,YES,2026-01,99,-99,0,99,NO,Starting balance is 0 or negative
US549,235,235,YES,2026-02,235,0,0,235,NO,First ledger beginning is not 0
US5491,0,791,YES,2026-01,791,-791,0,791,NO,Starting balance is 0 or negative
US5493,0,0,YES,2026-01,0,0,0,0,NO,Starting balance is 0 or negative
US5494,642,642,YES,2026-01,642,0,0,642,NO,First ledger beginning is not 0
US5495,0,81,YES,2026-01,81,-81,0,81,NO,Starting balance is 0 or negative
US5497,76,76,YES,2026-01,76,0,0,76,NO,First ledger beginning is not 0
US5499,321,357,YES,2026-01,321,0,0,357,NO,First ledger beginning is not 0
US550,898,914,YES,2026-02,898,0,0,914,NO,First ledger beginning is not 0
US5500,0,112,YES,2026-01,112,-112,0,112,NO,Starting balance is 0 or negative
US5501,0,66,YES,2026-01,66,-66,0,66,NO,Starting balance is 0 or negative
US5502,23,23,YES,2026-01,23,0,0,23,NO,First ledger beginning is not 0
US5503,0,667,YES,2026-01,667,-667,0,667,NO,Starting balance is 0 or negative
US5504,27,27,YES,2026-01,27,0,0,27,NO,First ledger beginning is not 0
US5505,152,152,YES,2026-01,152,0,0,152,NO,First ledger beginning is not 0
US550556,0,0,NO,,0,0,0,0,NO,Starting balance is 0 or negative
US5507,0,341,YES,2026-01,341,-341,0,341,NO,Starting balance is 0 or negative
US5508,0,0,YES,2026-01,0,0,0,0,NO,Starting balance is 0 or negative
US5509,16,16,YES,2026-01,16,0,0,16,NO,First ledger beginning is not 0
US5510,11,11,YES,2026-01,11,0,0,11,NO,First ledger beginning is not 0
US5511,0,12,YES,2026-01,12,-12,0,12,NO,Starting balance is 0 or negative
US5512,608,608,YES,2026-01,608,0,0,608,NO,First ledger beginning is not 0
US5514,10,10,YES,2026-01,10,0,0,10,NO,First ledger beginning is not 0
US5515,159,159,YES,2026-01,159,0,0,159,NO,First ledger beginning is not 0
US5518,1200,0,YES,2026-01,0,1200,1200,1200,YES,
US5519,262,281,YES,2026-01,262,0,0,281,NO,First ledger beginning is not 0
US552,2089,159,YES,2026-02,0,2089,2089,2248,YES,
US5521,0,26,YES,2026-01,26,-26,0,26,NO,Starting balance is 0 or negative
US5522,20,20,YES,2026-01,20,0,0,20,NO,First ledger beginning is not 0
US5523,0,0,YES,2026-01,0,0,0,0,NO,Starting balance is 0 or negative
US5524,0,261,YES,2026-01,245,-245,0,261,NO,Starting balance is 0 or negative
US5525,0,194,YES,2026-01,194,-194,0,194,NO,Starting balance is 0 or negative
US5526,0,941,YES,2026-01,911,-911,0,941,NO,Starting balance is 0 or negative
US5528,3693,0,YES,2026-01,0,3693,3693,3693,YES,
US5529,0,378,YES,2026-01,378,-378,0,378,NO,Starting balance is 0 or negative
US553,266,266,YES,2026-02,266,0,0,266,NO,First ledger beginning is not 0
US5530,359,359,YES,2026-01,359,0,0,359,NO,First ledger beginning is not 0
US5531,0,64,YES,2026-01,64,-64,0,64,NO,Starting balance is 0 or negative
US5532,66,66,YES,2026-01,66,0,0,66,NO,First ledger beginning is not 0
US5533,478,478,YES,2026-01,478,0,0,478,NO,First ledger beginning is not 0
US5535,5583,94,YES,2026-01,0,5583,5583,5677,YES,
US5536,31,31,YES,2026-01,31,0,0,31,NO,First ledger beginning is not 0
US5537,0,398,YES,2026-01,383,-383,0,398,NO,Starting balance is 0 or negative
US5538,0,190,YES,2026-01,190,-190,0,190,NO,Starting balance is 0 or negative
US5539,1356,968,YES,2026-01,968,388,0,968,NO,First ledger beginning is not 0
US5540,0,24,YES,2026-01,24,-24,0,24,NO,Starting balance is 0 or negative
US5541,21,21,YES,2026-01,21,0,0,21,NO,First ledger beginning is not 0
US5542,670,670,YES,2026-01,670,0,0,670,NO,First ledger beginning is not 0
US5543,0,57,YES,2026-01,57,-57,0,57,NO,Starting balance is 0 or negative
US5544,19382,234,YES,2026-01,0,19382,19382,19616,YES,
US5545,41,41,YES,2026-01,41,0,0,41,NO,First ledger beginning is not 0
US5546,50,50,YES,2026-01,50,0,0,50,NO,First ledger beginning is not 0
US5547,368,368,YES,2026-01,368,0,0,368,NO,First ledger beginning is not 0
US555,1062,1062,YES,2026-02,1062,0,0,1062,NO,First ledger beginning is not 0
US5551,0,207,YES,2026-01,207,-207,0,207,NO,Starting balance is 0 or negative
US5552,0,24,YES,2026-01,0,0,0,24,NO,Starting balance is 0 or negative
US5553,0,0,YES,2026-01,0,0,0,0,NO,Starting balance is 0 or negative
US5554,7361,96,YES,2026-01,0,7361,7361,7457,YES,
US5555,193,193,YES,2026-01,193,0,0,193,NO,First ledger beginning is not 0
US5556,171,171,YES,2026-01,171,0,0,171,NO,First ledger beginning is not 0
US5558,0,10,YES,2026-01,10,-10,0,10,NO,Starting balance is 0 or negative
US5559,60,60,YES,2026-01,60,0,0,60,NO,First ledger beginning is not 0
US556,563,563,YES,2026-02,563,0,0,563,NO,First ledger beginning is not 0
US5560,0,10,YES,2026-01,10,-10,0,10,NO,Starting balance is 0 or negative
US5561,0,0,YES,2026-01,0,0,0,0,NO,Starting balance is 0 or negative
US5562,90,90,YES,2026-01,90,0,0,90,NO,First ledger beginning is not 0
US5567,63,96,YES,2026-01,63,0,0,96,NO,First ledger beginning is not 0
US5569,4328,5712,YES,2026-01,4328,0,0,5712,NO,First ledger beginning is not 0
US557,612,612,YES,2026-02,612,0,0,612,NO,First ledger beginning is not 0
US5570,101,2,YES,2026-01,2,99,0,2,NO,First ledger beginning is not 0
US5571,0,56,YES,2026-01,56,-56,0,56,NO,Starting balance is 0 or negative
US5572,106,106,YES,2026-01,106,0,0,106,NO,First ledger beginning is not 0
US5574,112,112,YES,2026-01,112,0,0,112,NO,First ledger beginning is not 0
US5575,0,0,YES,2026-01,0,0,0,0,NO,Starting balance is 0 or negative
US5576,0,17,YES,2026-01,17,-17,0,17,NO,Starting balance is 0 or negative
US5577,2661,29,YES,2026-01,0,2661,2661,2690,YES,
US5579,195,195,YES,2026-01,195,0,0,195,NO,First ledger beginning is not 0
US558,246,276,YES,2026-02,276,-30,0,276,NO,First ledger beginning is not 0
US5580,0,532,YES,2026-01,532,-532,0,532,NO,Starting balance is 0 or negative
US5583,11,11,YES,2026-01,11,0,0,11,NO,First ledger beginning is not 0
US5584,0,31,YES,2026-01,31,-31,0,31,NO,Starting balance is 0 or negative
US5586,10,10,YES,2026-01,10,0,0,10,NO,First ledger beginning is not 0
US5587,69,0,YES,2026-01,0,69,69,69,YES,
US5590,26,26,YES,2026-01,26,0,0,26,NO,First ledger beginning is not 0
US5591,80,95,YES,2026-01,80,0,0,95,NO,First ledger beginning is not 0
US5592,17,17,YES,2026-01,17,0,0,17,NO,First ledger beginning is not 0
US5594,0,144,YES,2026-01,144,-144,0,144,NO,Starting balance is 0 or negative
US5595,923,923,YES,2026-01,923,0,0,923,NO,First ledger beginning is not 0
US5597,100,100,YES,2026-01,100,0,0,100,NO,First ledger beginning is not 0
US5598,9,9,YES,2026-01,9,0,0,9,NO,First ledger beginning is not 0
US5599,0,124,YES,2026-01,124,-124,0,124,NO,Starting balance is 0 or negative
US560,773,773,YES,2026-02,773,0,0,773,NO,First ledger beginning is not 0
US5600,59,59,YES,2026-01,59,0,0,59,NO,First ledger beginning is not 0
US5602,30,30,YES,2026-01,30,0,0,30,NO,First ledger beginning is not 0
US5603,504,504,YES,2026-01,504,0,0,504,NO,First ledger beginning is not 0
US5604,0,262,YES,2026-01,262,-262,0,262,NO,Starting balance is 0 or negative
US560437,0,0,NO,,0,0,0,0,NO,Starting balance is 0 or negative
US5605,765,765,YES,2026-01,765,0,0,765,NO,First ledger beginning is not 0
US5606,277,277,YES,2026-01,277,0,0,277,NO,First ledger beginning is not 0
US5608,0,274,YES,2026-01,274,-274,0,274,NO,Starting balance is 0 or negative
US5609,0,47,YES,2026-01,47,-47,0,47,NO,Starting balance is 0 or negative
US561,155,155,YES,2026-02,155,0,0,155,NO,First ledger beginning is not 0
US5611,0,342,YES,2026-01,342,-342,0,342,NO,Starting balance is 0 or negative
US5612,952,952,YES,2026-01,952,0,0,952,NO,First ledger beginning is not 0
US5613,18,18,YES,2026-01,18,0,0,18,NO,First ledger beginning is not 0
US5615,15,15,YES,2026-01,15,0,0,15,NO,First ledger beginning is not 0
US5616,0,37,YES,2026-01,37,-37,0,37,NO,Starting balance is 0 or negative
US5617,177,177,YES,2026-01,177,0,0,177,NO,First ledger beginning is not 0
US5618,383,383,YES,2026-01,383,0,0,383,NO,First ledger beginning is not 0
US5619,494,4,YES,2026-01,4,490,0,4,NO,First ledger beginning is not 0
US562,435,435,YES,2026-02,435,0,0,435,NO,First ledger beginning is not 0
US5620,0,17,YES,2026-01,0,0,0,17,NO,Starting balance is 0 or negative
US5622,0,69,YES,2026-01,69,-69,0,69,NO,Starting balance is 0 or negative
US5623,47,28,YES,2026-01,0,47,47,75,YES,
US5624,22,22,YES,2026-01,22,0,0,22,NO,First ledger beginning is not 0
US5625,33,33,YES,2026-01,33,0,0,33,NO,First ledger beginning is not 0
US5627,46,46,YES,2026-01,46,0,0,46,NO,First ledger beginning is not 0
US563,199,199,YES,2026-02,199,0,0,199,NO,First ledger beginning is not 0
US5630,47,0,YES,2026-01,0,47,47,47,YES,
US5631,0,49,YES,2026-01,49,-49,0,49,NO,Starting balance is 0 or negative
US5632,0,85,YES,2026-01,85,-85,0,85,NO,Starting balance is 0 or negative
US5633,0,15,YES,2026-01,0,0,0,15,NO,Starting balance is 0 or negative
US5634,0,0,YES,2026-01,0,0,0,0,NO,Starting balance is 0 or negative
US5636,27,27,YES,2026-01,27,0,0,27,NO,First ledger beginning is not 0
US5637,0,543,YES,2026-01,543,-543,0,543,NO,Starting balance is 0 or negative
US5638,82,82,YES,2026-01,82,0,0,82,NO,First ledger beginning is not 0
US564,211,291,YES,2026-02,0,211,211,502,YES,
US5640,47,73,YES,2026-01,47,0,0,73,NO,First ledger beginning is not 0
US5641,0,95,YES,2026-01,95,-95,0,95,NO,Starting balance is 0 or negative
US5643,426,426,YES,2026-01,426,0,0,426,NO,First ledger beginning is not 0
US5644,0,491,YES,2026-01,491,-491,0,491,NO,Starting balance is 0 or negative
US5646,595,595,YES,2026-01,595,0,0,595,NO,First ledger beginning is not 0
US5647,68,68,YES,2026-01,68,0,0,68,NO,First ledger beginning is not 0
US5649,0,244,YES,2026-01,506,-506,0,244,NO,Starting balance is 0 or negative
US565,119,119,YES,2026-02,119,0,0,119,NO,First ledger beginning is not 0
US5652,0,168,YES,2026-01,168,-168,0,168,NO,Starting balance is 0 or negative
US5653,67,67,YES,2026-01,67,0,0,67,NO,First ledger beginning is not 0
US5655,189,189,YES,2026-01,189,0,0,189,NO,First ledger beginning is not 0
US5657,0,0,YES,2026-01,0,0,0,0,NO,Starting balance is 0 or negative
US5658,21,21,YES,2026-01,21,0,0,21,NO,First ledger beginning is not 0
US5659,103,119,YES,2026-01,103,0,0,119,NO,First ledger beginning is not 0
US5661,0,79,NO,,0,0,0,79,NO,Starting balance is 0 or negative
US5663,0,99,YES,2026-01,99,-99,0,99,NO,Starting balance is 0 or negative
US567,1956,1956,YES,2026-02,1956,0,0,1956,NO,First ledger beginning is not 0
US5672,0,13,YES,2026-01,13,-13,0,13,NO,Starting balance is 0 or negative
US5673,0,442,YES,2026-01,442,-442,0,442,NO,Starting balance is 0 or negative
US5674,0,24,YES,2026-01,24,-24,0,24,NO,Starting balance is 0 or negative
US5675,0,147,YES,2026-01,147,-147,0,147,NO,Starting balance is 0 or negative
US5676,0,49,YES,2026-01,49,-49,0,49,NO,Starting balance is 0 or negative
US5677,0,97,YES,2026-01,0,0,0,97,NO,Starting balance is 0 or negative
US5678,0,10,YES,2026-01,10,-10,0,10,NO,Starting balance is 0 or negative
US5679,0,396,YES,2026-01,396,-396,0,396,NO,Starting balance is 0 or negative
US567950,0,0,NO,,0,0,0,0,NO,Starting balance is 0 or negative
US568,6,0,YES,2026-02,0,6,6,6,YES,
US5681,11,11,YES,2026-01,11,0,0,11,NO,First ledger beginning is not 0
US5684,766,0,YES,2026-01,0,766,766,766,YES,
US5685,1417,1417,YES,2026-01,1417,0,0,1417,NO,First ledger beginning is not 0
US5686,0,11,YES,2026-01,11,-11,0,11,NO,Starting balance is 0 or negative
US5687,0,47,YES,2026-01,47,-47,0,47,NO,Starting balance is 0 or negative
US5688,11,11,YES,2026-01,11,0,0,11,NO,First ledger beginning is not 0
US5689,0,56,YES,2026-01,56,-56,0,56,NO,Starting balance is 0 or negative
US569,87,87,YES,2026-02,87,0,0,87,NO,First ledger beginning is not 0
US5690,0,983,YES,2026-01,957,-957,0,983,NO,Starting balance is 0 or negative
US5691,19,19,YES,2026-01,19,0,0,19,NO,First ledger beginning is not 0
US5692,0,45,YES,2026-01,45,-45,0,45,NO,Starting balance is 0 or negative
US5693,67,67,YES,2026-01,67,0,0,67,NO,First ledger beginning is not 0
US5694,99,99,YES,2026-01,99,0,0,99,NO,First ledger beginning is not 0
US5695,45,45,YES,2026-01,45,0,0,45,NO,First ledger beginning is not 0
US5696,442,442,YES,2026-01,442,0,0,442,NO,First ledger beginning is not 0
US5697,0,17,YES,2026-01,17,-17,0,17,NO,Starting balance is 0 or negative
US5698,0,112,YES,2026-01,112,-112,0,112,NO,Starting balance is 0 or negative
US5699,44,44,YES,2026-01,44,0,0,44,NO,First ledger beginning is not 0
US5700,0,20,YES,2026-01,0,0,0,20,NO,Starting balance is 0 or negative
US5701,0,270,YES,2026-01,270,-270,0,270,NO,Starting balance is 0 or negative
US5704,698,698,YES,2026-01,698,0,0,698,NO,First ledger beginning is not 0
US5706,122,122,YES,2026-01,122,0,0,122,NO,First ledger beginning is not 0
US5707,41,41,YES,2026-01,41,0,0,41,NO,First ledger beginning is not 0
US5708,0,10,YES,2026-01,10,-10,0,10,NO,Starting balance is 0 or negative
US5709,569,659,YES,2026-01,569,0,0,659,NO,First ledger beginning is not 0
US571,542,542,YES,2026-02,542,0,0,542,NO,First ledger beginning is not 0
US5711,0,0,YES,2026-01,0,0,0,0,NO,Starting balance is 0 or negative
US5713,0,0,YES,2026-01,0,0,0,0,NO,Starting balance is 0 or negative
US5714,0,68,YES,2026-01,68,-68,0,68,NO,Starting balance is 0 or negative
US5716,20,20,YES,2026-01,20,0,0,20,NO,First ledger beginning is not 0
US571644,0,,NO,,,,0,,NO,Missing SR customer record
US5717,52,52,YES,2026-01,52,0,0,52,NO,First ledger beginning is not 0
US5718,248,248,YES,2026-01,248,0,0,248,NO,First ledger beginning is not 0
US5719,1640,1640,YES,2026-01,1640,0,0,1640,NO,First ledger beginning is not 0
US5721,211,211,YES,2026-01,211,0,0,211,NO,First ledger beginning is not 0
US5722,0,111,YES,2026-01,0,0,0,111,NO,Starting balance is 0 or negative
US5724,0,189,YES,2026-01,189,-189,0,189,NO,Starting balance is 0 or negative
US5725,10,10,YES,2026-01,10,0,0,10,NO,First ledger beginning is not 0
US5727,0,114,YES,2026-01,114,-114,0,114,NO,Starting balance is 0 or negative
US573,174,174,YES,2026-02,174,0,0,174,NO,First ledger beginning is not 0
US5731,28,29,YES,2026-01,0,28,28,57,YES,
US5732,0,10,YES,2026-01,10,-10,0,10,NO,Starting balance is 0 or negative
US5733,0,29,YES,2026-01,0,0,0,29,NO,Starting balance is 0 or negative
US5735,201,201,YES,2026-01,201,0,0,201,NO,First ledger beginning is not 0
US5736,0,10,YES,2026-01,10,-10,0,10,NO,Starting balance is 0 or negative
US5738,30,0,YES,2026-01,0,30,30,30,YES,
US5739,35,63,YES,2026-01,35,0,0,63,NO,First ledger beginning is not 0
US574,360,176,YES,2026-02,0,360,360,536,YES,
US5740,113,113,YES,2026-01,113,0,0,113,NO,First ledger beginning is not 0
US5741,139,139,YES,2026-01,139,0,0,139,NO,First ledger beginning is not 0
US5749,0,467,YES,2026-01,435,-435,0,467,NO,Starting balance is 0 or negative
US575,1477,1477,YES,2026-02,1477,0,0,1477,NO,First ledger beginning is not 0
US5750,11,0,YES,2026-01,0,11,11,11,YES,
US5751,27,27,YES,2026-01,27,0,0,27,NO,First ledger beginning is not 0
US5752,0,256,YES,2026-01,256,-256,0,256,NO,Starting balance is 0 or negative
US5753,26,26,YES,2026-01,26,0,0,26,NO,First ledger beginning is not 0
US5754,0,37,YES,2026-01,37,-37,0,37,NO,Starting balance is 0 or negative
US5756,182,182,YES,2026-01,182,0,0,182,NO,First ledger beginning is not 0
US5757,0,23,YES,2026-01,23,-23,0,23,NO,Starting balance is 0 or negative
US5758,546,546,YES,2026-01,546,0,0,546,NO,First ledger beginning is not 0
US5759,167,0,YES,2026-01,0,167,167,167,YES,
US576,1354,1450,YES,2026-02,1450,-96,0,1450,NO,First ledger beginning is not 0
US5760,13,13,YES,2026-01,13,0,0,13,NO,First ledger beginning is not 0
US5761,0,42,YES,2026-01,42,-42,0,42,NO,Starting balance is 0 or negative
US5762,32,32,YES,2026-01,32,0,0,32,NO,First ledger beginning is not 0
US5763,124,124,YES,2026-01,124,0,0,124,NO,First ledger beginning is not 0
US5764,0,0,YES,2026-01,0,0,0,0,NO,Starting balance is 0 or negative
US5765,0,26,YES,2026-01,26,-26,0,26,NO,Starting balance is 0 or negative
US5766,233,233,YES,2026-01,233,0,0,233,NO,First ledger beginning is not 0
US5768,0,44,YES,2026-01,44,-44,0,44,NO,Starting balance is 0 or negative
US5769,0,359,YES,2026-01,359,-359,0,359,NO,Starting balance is 0 or negative
US577,122,122,YES,2026-02,122,0,0,122,NO,First ledger beginning is not 0
US5771,1031,1031,YES,2026-01,1031,0,0,1031,NO,First ledger beginning is not 0
US5773,508,89,YES,2026-01,0,508,508,597,YES,
US5774,0,196,YES,2026-01,87,-87,0,196,NO,Starting balance is 0 or negative
US5775,75,75,YES,2026-01,75,0,0,75,NO,First ledger beginning is not 0
US5776,120,120,YES,2026-01,120,0,0,120,NO,First ledger beginning is not 0
US5777,60,60,YES,2026-01,60,0,0,60,NO,First ledger beginning is not 0
US5778,154,183,YES,2026-01,154,0,0,183,NO,First ledger beginning is not 0
US5779,0,310,YES,2026-01,310,-310,0,310,NO,Starting balance is 0 or negative
US5780,51,79,YES,2026-01,51,0,0,79,NO,First ledger beginning is not 0
US5781,0,509,YES,2026-01,509,-509,0,509,NO,Starting balance is 0 or negative
US5783,225,225,YES,2026-01,225,0,0,225,NO,First ledger beginning is not 0
US5784,160,160,YES,2026-01,160,0,0,160,NO,First ledger beginning is not 0
US5785,0,89,YES,2026-01,89,-89,0,89,NO,Starting balance is 0 or negative
US5788,850,850,YES,2026-01,850,0,0,850,NO,First ledger beginning is not 0
US5789,0,0,YES,2026-01,0,0,0,0,NO,Starting balance is 0 or negative
US579,127,127,YES,2026-02,127,0,0,127,NO,First ledger beginning is not 0
US5790,0,52,YES,2026-01,52,-52,0,52,NO,Starting balance is 0 or negative
US5791,39,39,YES,2026-01,39,0,0,39,NO,First ledger beginning is not 0
US5792,0,1756,NO,,0,0,0,1756,NO,Starting balance is 0 or negative
US5793,0,0,YES,2026-01,0,0,0,0,NO,Starting balance is 0 or negative
US5794,422,422,YES,2026-01,422,0,0,422,NO,First ledger beginning is not 0
US5795,5362,5481,YES,2026-01,0,5362,5362,10843,YES,
US5796,184,184,YES,2026-01,184,0,0,184,NO,First ledger beginning is not 0
US5797,139,0,YES,2026-01,0,139,139,139,YES,
US5798,200,200,YES,2026-01,200,0,0,200,NO,First ledger beginning is not 0
US580,642,642,YES,2026-02,642,0,0,642,NO,First ledger beginning is not 0
US5800,21,21,YES,2026-01,21,0,0,21,NO,First ledger beginning is not 0
US5801,0,45,YES,2026-01,45,-45,0,45,NO,Starting balance is 0 or negative
US5802,0,23268,YES,2026-01,0,0,0,23268,NO,Starting balance is 0 or negative
US5803,547,547,YES,2026-01,547,0,0,547,NO,First ledger beginning is not 0
US5804,0,76,YES,2026-01,76,-76,0,76,NO,Starting balance is 0 or negative
US5805,383,383,YES,2026-01,383,0,0,383,NO,First ledger beginning is not 0
US5806,0,83,YES,2026-01,83,-83,0,83,NO,Starting balance is 0 or negative
US5807,158,158,YES,2026-01,158,0,0,158,NO,First ledger beginning is not 0
US5808,0,12,YES,2026-01,12,-12,0,12,NO,Starting balance is 0 or negative
US581,2027,2052,YES,2026-02,2052,-25,0,2052,NO,First ledger beginning is not 0
US5810,96,96,YES,2026-01,96,0,0,96,NO,First ledger beginning is not 0
US5812,12,12,YES,2026-01,12,0,0,12,NO,First ledger beginning is not 0
US5813,64,64,YES,2026-01,64,0,0,64,NO,First ledger beginning is not 0
US5814,215,215,YES,2026-01,215,0,0,215,NO,First ledger beginning is not 0
US5815,67,89,YES,2026-01,67,0,0,89,NO,First ledger beginning is not 0
US5817,0,84,YES,2026-01,84,-84,0,84,NO,Starting balance is 0 or negative
US5818,182,182,YES,2026-01,182,0,0,182,NO,First ledger beginning is not 0
US5819,16,16,YES,2026-01,16,0,0,16,NO,First ledger beginning is not 0
US582,88,118,YES,2026-02,118,-30,0,118,NO,First ledger beginning is not 0
US5821,144,144,YES,2026-01,144,0,0,144,NO,First ledger beginning is not 0
US5822,415,415,YES,2026-01,415,0,0,415,NO,First ledger beginning is not 0
US5824,119,136,YES,2026-01,119,0,0,136,NO,First ledger beginning is not 0
US5825,817,817,YES,2026-01,817,0,0,817,NO,First ledger beginning is not 0
US582566,0,0,NO,,0,0,0,0,NO,Starting balance is 0 or negative
US5827,0,555,YES,2026-01,555,-555,0,555,NO,Starting balance is 0 or negative
US5828,49,49,YES,2026-01,49,0,0,49,NO,First ledger beginning is not 0
US5830,3688,25,YES,2026-01,0,3688,3688,3713,YES,
US5831,0,14,YES,2026-01,14,-14,0,14,NO,Starting balance is 0 or negative
US5832,0,16,YES,2026-01,16,-16,0,16,NO,Starting balance is 0 or negative
US5833,0,138,YES,2026-01,138,-138,0,138,NO,Starting balance is 0 or negative
US5834,480,480,YES,2026-01,480,0,0,480,NO,First ledger beginning is not 0
US5835,714,0,YES,2026-01,0,714,714,714,YES,
US5836,58,58,YES,2026-01,58,0,0,58,NO,First ledger beginning is not 0
US5838,486,504,YES,2026-01,486,0,0,504,NO,First ledger beginning is not 0
US584,496,496,YES,2026-02,496,0,0,496,NO,First ledger beginning is not 0
US5840,0,0,YES,2026-01,0,0,0,0,NO,Starting balance is 0 or negative
US5842,0,65,YES,2026-01,65,-65,0,65,NO,Starting balance is 0 or negative
US5845,0,25,YES,2026-01,25,-25,0,25,NO,Starting balance is 0 or negative
US5846,170,316,YES,2026-01,0,170,170,486,YES,
US5847,26,22,YES,2026-01,0,26,26,48,YES,
US5848,0,342,YES,2026-01,342,-342,0,342,NO,Starting balance is 0 or negative
US5849,0,240,YES,2026-01,240,-240,0,240,NO,Starting balance is 0 or negative
US5850,0,801,YES,2026-01,713,-713,0,801,NO,Starting balance is 0 or negative
US5851,1474,1507,YES,2026-01,1474,0,0,1507,NO,First ledger beginning is not 0
US5852,34,34,YES,2026-01,34,0,0,34,NO,First ledger beginning is not 0
US585213,0,0,NO,,0,0,0,0,NO,Starting balance is 0 or negative
US5855,87,87,YES,2026-01,87,0,0,87,NO,First ledger beginning is not 0
US5856,0,197,YES,2026-01,197,-197,0,197,NO,Starting balance is 0 or negative
US5857,35,35,YES,2026-01,35,0,0,35,NO,First ledger beginning is not 0
US5858,10,10,YES,2026-01,10,0,0,10,NO,First ledger beginning is not 0
US5859,0,42,YES,2026-01,42,-42,0,42,NO,Starting balance is 0 or negative
US586,782,799,YES,2026-02,782,0,0,799,NO,First ledger beginning is not 0
US5860,0,0,YES,2026-01,0,0,0,0,NO,Starting balance is 0 or negative
US5861,132,132,YES,2026-01,132,0,0,132,NO,First ledger beginning is not 0
US5865,0,41,YES,2026-01,41,-41,0,41,NO,Starting balance is 0 or negative
US5866,46,46,YES,2026-01,46,0,0,46,NO,First ledger beginning is not 0
US5867,213,213,YES,2026-01,213,0,0,213,NO,First ledger beginning is not 0
US5868,0,10,YES,2026-01,10,-10,0,10,NO,Starting balance is 0 or negative
US5869,0,96,YES,2026-01,96,-96,0,96,NO,Starting balance is 0 or negative
US587,282,282,YES,2026-02,282,0,0,282,NO,First ledger beginning is not 0
US5871,76,76,YES,2026-01,76,0,0,76,NO,First ledger beginning is not 0
US5873,109,109,YES,2026-01,109,0,0,109,NO,First ledger beginning is not 0
US5874,0,0,YES,2026-01,0,0,0,0,NO,Starting balance is 0 or negative
US5875,0,120,YES,2026-01,120,-120,0,120,NO,Starting balance is 0 or negative
US5876,203,203,YES,2026-01,203,0,0,203,NO,First ledger beginning is not 0
US5878,88,88,YES,2026-01,88,0,0,88,NO,First ledger beginning is not 0
US5879,0,11,YES,2026-01,11,-11,0,11,NO,Starting balance is 0 or negative
US588,758,2565,YES,2026-02,0,758,758,3323,YES,
US5880,42,42,YES,2026-01,42,0,0,42,NO,First ledger beginning is not 0
US5881,0,488,YES,2026-01,488,-488,0,488,NO,Starting balance is 0 or negative
US5882,32,20,YES,2026-01,32,0,0,20,NO,First ledger beginning is not 0
US5883,0,34,YES,2026-01,0,0,0,34,NO,Starting balance is 0 or negative
US5884,0,15,YES,2026-01,15,-15,0,15,NO,Starting balance is 0 or negative
US5885,108,108,YES,2026-01,108,0,0,108,NO,First ledger beginning is not 0
US5888,105,105,YES,2026-01,105,0,0,105,NO,First ledger beginning is not 0
US5889,0,258,YES,2026-01,258,-258,0,258,NO,Starting balance is 0 or negative
US589,259,259,YES,2026-02,259,0,0,259,NO,First ledger beginning is not 0
US5890,111,111,YES,2026-01,111,0,0,111,NO,First ledger beginning is not 0
US5891,11,11,YES,2026-01,11,0,0,11,NO,First ledger beginning is not 0
US5893,220,220,YES,2026-01,220,0,0,220,NO,First ledger beginning is not 0
US5895,562,562,YES,2026-01,562,0,0,562,NO,First ledger beginning is not 0
US5897,0,111,YES,2026-01,111,-111,0,111,NO,Starting balance is 0 or negative
US5898,0,210,YES,2026-01,210,-210,0,210,NO,Starting balance is 0 or negative
US5900,61,61,YES,2026-01,61,0,0,61,NO,First ledger beginning is not 0
US5901,509,609,YES,2026-01,509,0,0,609,NO,First ledger beginning is not 0
US5902,0,250,YES,2026-01,250,-250,0,250,NO,Starting balance is 0 or negative
US5903,0,10,YES,2026-01,10,-10,0,10,NO,Starting balance is 0 or negative
US5904,466,466,YES,2026-01,466,0,0,466,NO,First ledger beginning is not 0
US5905,0,0,YES,2026-01,0,0,0,0,NO,Starting balance is 0 or negative
US5906,0,76,YES,2026-01,76,-76,0,76,NO,Starting balance is 0 or negative
US5907,99,99,YES,2026-01,99,0,0,99,NO,First ledger beginning is not 0
US5908,323,323,YES,2026-01,323,0,0,323,NO,First ledger beginning is not 0
US5909,11,11,YES,2026-01,11,0,0,11,NO,First ledger beginning is not 0
US591,142,142,YES,2026-02,142,0,0,142,NO,First ledger beginning is not 0
US5911,0,210,YES,2026-01,168,-168,0,210,NO,Starting balance is 0 or negative
US5912,0,1020,YES,2026-01,1005,-1005,0,1020,NO,Starting balance is 0 or negative
US5913,125,125,YES,2026-01,125,0,0,125,NO,First ledger beginning is not 0
US5914,2,31,YES,2026-01,2,0,0,31,NO,First ledger beginning is not 0
US5917,135,135,YES,2026-01,135,0,0,135,NO,First ledger beginning is not 0
US5918,89,89,YES,2026-01,89,0,0,89,NO,First ledger beginning is not 0
US5919,26,26,YES,2026-01,26,0,0,26,NO,First ledger beginning is not 0
US592,0,25,YES,2026-02,25,-25,0,25,NO,Starting balance is 0 or negative
US5921,23,23,YES,2026-01,23,0,0,23,NO,First ledger beginning is not 0
US5922,0,187,YES,2026-01,187,-187,0,187,NO,Starting balance is 0 or negative
US5923,3821,4144,YES,2026-01,0,3821,3821,7965,YES,
US5924,0,47,YES,2026-01,47,-47,0,47,NO,Starting balance is 0 or negative
US5926,0,48,YES,2026-01,48,-48,0,48,NO,Starting balance is 0 or negative
US5927,0,8,YES,2026-01,8,-8,0,8,NO,Starting balance is 0 or negative
US5928,0,19,YES,2026-01,0,0,0,19,NO,Starting balance is 0 or negative
US5929,23,23,YES,2026-01,23,0,0,23,NO,First ledger beginning is not 0
US5930,80,80,YES,2026-01,80,0,0,80,NO,First ledger beginning is not 0
US5931,0,452,YES,2026-01,452,-452,0,452,NO,Starting balance is 0 or negative
US5932,0,2923,YES,2026-01,2923,-2923,0,2923,NO,Starting balance is 0 or negative
US5933,0,5,YES,2026-01,5,-5,0,5,NO,Starting balance is 0 or negative
US5934,214,214,YES,2026-01,214,0,0,214,NO,First ledger beginning is not 0
US5936,200,200,YES,2026-01,200,0,0,200,NO,First ledger beginning is not 0
US5937,0,2319,YES,2026-01,2319,-2319,0,2319,NO,Starting balance is 0 or negative
US5939,247,247,YES,2026-01,247,0,0,247,NO,First ledger beginning is not 0
US594,45,60,YES,2026-02,36,9,0,60,NO,First ledger beginning is not 0
US5940,32,32,YES,2026-01,32,0,0,32,NO,First ledger beginning is not 0
US5941,211,211,YES,2026-01,211,0,0,211,NO,First ledger beginning is not 0
US5943,13,13,YES,2026-01,13,0,0,13,NO,First ledger beginning is not 0
US5944,14,14,YES,2026-01,14,0,0,14,NO,First ledger beginning is not 0
US5945,1614,0,YES,2026-01,0,1614,1614,1614,YES,
US5946,0,0,YES,2026-01,0,0,0,0,NO,Starting balance is 0 or negative
US5947,131,16,YES,2026-01,0,131,131,147,YES,
US5948,0,168,YES,2026-01,168,-168,0,168,NO,Starting balance is 0 or negative
US595,472,472,YES,2026-02,472,0,0,472,NO,First ledger beginning is not 0
US5950,288,288,YES,2026-01,288,0,0,288,NO,First ledger beginning is not 0
US5951,0,2759,YES,2026-01,2759,-2759,0,2759,NO,Starting balance is 0 or negative
US5952,0,66,YES,2026-01,66,-66,0,66,NO,Starting balance is 0 or negative
US5954,407,407,YES,2026-01,407,0,0,407,NO,First ledger beginning is not 0
US5956,114,114,YES,2026-01,114,0,0,114,NO,First ledger beginning is not 0
US5959,0,15,YES,2026-01,15,-15,0,15,NO,Starting balance is 0 or negative
US596,221,,YES,,,,0,,NO,Missing SR customer record
US5960,0,49,YES,2026-01,49,-49,0,49,NO,Starting balance is 0 or negative
US5962,0,0,YES,2026-01,0,0,0,0,NO,Starting balance is 0 or negative
US5963,0,129,YES,2026-01,129,-129,0,129,NO,Starting balance is 0 or negative
US5964,3,23,YES,2026-01,3,0,0,23,NO,First ledger beginning is not 0
US5965,71,71,YES,2026-01,71,0,0,71,NO,First ledger beginning is not 0
US5967,0,19,YES,2026-01,19,-19,0,19,NO,Starting balance is 0 or negative
US5969,0,528,YES,2026-01,528,-528,0,528,NO,Starting balance is 0 or negative
US597,29,29,YES,2026-02,29,0,0,29,NO,First ledger beginning is not 0
US5973,284,284,YES,2026-01,284,0,0,284,NO,First ledger beginning is not 0
US5974,0,80,YES,2026-01,80,-80,0,80,NO,Starting balance is 0 or negative
US5975,0,20,YES,2026-01,20,-20,0,20,NO,Starting balance is 0 or negative
US5976,0,0,YES,2026-01,0,0,0,0,NO,Starting balance is 0 or negative
US5977,4,4,YES,2026-01,4,0,0,4,NO,First ledger beginning is not 0
US5978,393,393,YES,2026-01,393,0,0,393,NO,First ledger beginning is not 0
US5979,0,251,YES,2026-01,251,-251,0,251,NO,Starting balance is 0 or negative
US5981,0,95,YES,2026-01,95,-95,0,95,NO,Starting balance is 0 or negative
US5986,181,219,YES,2026-01,181,0,0,219,NO,First ledger beginning is not 0
US5987,0,306,YES,2026-01,306,-306,0,306,NO,Starting balance is 0 or negative
US5988,0,75,YES,2026-01,75,-75,0,75,NO,Starting balance is 0 or negative
US5989,0,27,YES,2026-01,27,-27,0,27,NO,Starting balance is 0 or negative
US5990,110,110,YES,2026-01,110,0,0,110,NO,First ledger beginning is not 0
US5993,0,472,YES,2026-01,472,-472,0,472,NO,Starting balance is 0 or negative
US5995,13,13,YES,2026-01,13,0,0,13,NO,First ledger beginning is not 0
US5997,138,138,YES,2026-01,138,0,0,138,NO,First ledger beginning is not 0
US5998,0,4,YES,2026-01,4,-4,0,4,NO,Starting balance is 0 or negative
US600,26,26,YES,2026-02,26,0,0,26,NO,First ledger beginning is not 0
US6000,0,10,YES,2026-01,10,-10,0,10,NO,Starting balance is 0 or negative
US6001,61,61,YES,2026-01,61,0,0,61,NO,First ledger beginning is not 0
US6003,0,15,YES,2026-01,15,-15,0,15,NO,Starting balance is 0 or negative
US6004,955,955,YES,2026-01,955,0,0,955,NO,First ledger beginning is not 0
US6005,9,9,YES,2026-01,9,0,0,9,NO,First ledger beginning is not 0
US6006,144,144,YES,2026-01,144,0,0,144,NO,First ledger beginning is not 0
US6007,399,420,YES,2026-01,399,0,0,420,NO,First ledger beginning is not 0
US6009,249,16,YES,2026-01,0,249,249,265,YES,
US6010,32,32,YES,2026-01,32,0,0,32,NO,First ledger beginning is not 0
US6011,98,98,YES,2026-01,98,0,0,98,NO,First ledger beginning is not 0
US6012,0,0,YES,2026-01,0,0,0,0,NO,Starting balance is 0 or negative
US6013,0,16,YES,2026-01,16,-16,0,16,NO,Starting balance is 0 or negative
US6014,16,16,YES,2026-01,16,0,0,16,NO,First ledger beginning is not 0
US6015,0,579,YES,2026-01,579,-579,0,579,NO,Starting balance is 0 or negative
US6016,57,0,YES,2026-01,0,57,57,57,YES,
US6017,0,68,YES,2026-01,68,-68,0,68,NO,Starting balance is 0 or negative
US602,271,271,YES,2026-02,271,0,0,271,NO,First ledger beginning is not 0
US6022,0,11,YES,2026-01,11,-11,0,11,NO,Starting balance is 0 or negative
US6023,0,53,YES,2026-01,53,-53,0,53,NO,Starting balance is 0 or negative
US6024,220,95,YES,2026-01,220,0,0,95,NO,First ledger beginning is not 0
US6026,0,195,YES,2026-01,195,-195,0,195,NO,Starting balance is 0 or negative
US6027,63,63,YES,2026-01,63,0,0,63,NO,First ledger beginning is not 0
US6028,32,32,YES,2026-01,32,0,0,32,NO,First ledger beginning is not 0
US6029,91,91,YES,2026-01,91,0,0,91,NO,First ledger beginning is not 0
US603,119,119,YES,2026-02,0,119,119,238,YES,
US6031,89,89,YES,2026-01,89,0,0,89,NO,First ledger beginning is not 0
US6036,338,338,YES,2026-01,338,0,0,338,NO,First ledger beginning is not 0
US6037,65,65,YES,2026-01,65,0,0,65,NO,First ledger beginning is not 0
US6039,0,29,YES,2026-01,29,-29,0,29,NO,Starting balance is 0 or negative
US604,248,270,YES,2026-02,270,-22,0,270,NO,First ledger beginning is not 0
US6042,17,17,YES,2026-01,17,0,0,17,NO,First ledger beginning is not 0
US6043,270,270,YES,2026-01,270,0,0,270,NO,First ledger beginning is not 0
US6044,217,16,YES,2026-01,0,217,217,233,YES,
US6046,0,30,YES,2026-01,0,0,0,30,NO,Starting balance is 0 or negative
US6047,80,107,YES,2026-01,80,0,0,107,NO,First ledger beginning is not 0
US6049,163,163,YES,2026-01,163,0,0,163,NO,First ledger beginning is not 0
US605,266,278,YES,2026-02,278,-12,0,278,NO,First ledger beginning is not 0
US6050,256,256,YES,2026-01,256,0,0,256,NO,First ledger beginning is not 0
US6051,28,28,YES,2026-01,28,0,0,28,NO,First ledger beginning is not 0
US6052,0,627,YES,2026-01,627,-627,0,627,NO,Starting balance is 0 or negative
US6053,32,68,YES,2026-01,32,0,0,68,NO,First ledger beginning is not 0
US6054,0,137,YES,2026-01,137,-137,0,137,NO,Starting balance is 0 or negative
US6055,11,11,YES,2026-01,11,0,0,11,NO,First ledger beginning is not 0
US605537,0,0,NO,,0,0,0,0,NO,Starting balance is 0 or negative
US6057,0,0,YES,2026-01,0,0,0,0,NO,Starting balance is 0 or negative
US6058,0,8,YES,2026-01,24,-24,0,8,NO,Starting balance is 0 or negative
US6059,1724,1724,YES,2026-01,1724,0,0,1724,NO,First ledger beginning is not 0
US606,429,444,YES,2026-02,429,0,0,444,NO,First ledger beginning is not 0
US6060,0,179,YES,2026-01,179,-179,0,179,NO,Starting balance is 0 or negative
US6061,0,11,YES,2026-01,11,-11,0,11,NO,Starting balance is 0 or negative
US6062,12,12,YES,2026-01,12,0,0,12,NO,First ledger beginning is not 0
US6064,13,13,YES,2026-01,13,0,0,13,NO,First ledger beginning is not 0
US6065,0,157,YES,2026-01,157,-157,0,157,NO,Starting balance is 0 or negative
US6066,0,281,YES,2026-01,281,-281,0,281,NO,Starting balance is 0 or negative
US6067,373,373,YES,2026-01,373,0,0,373,NO,First ledger beginning is not 0
US6069,496,496,YES,2026-01,496,0,0,496,NO,First ledger beginning is not 0
US607,672,672,YES,2026-02,672,0,0,672,NO,First ledger beginning is not 0
US6070,114,114,YES,2026-01,114,0,0,114,NO,First ledger beginning is not 0
US6071,0,278,YES,2026-01,278,-278,0,278,NO,Starting balance is 0 or negative
US6072,0,181,YES,2026-01,181,-181,0,181,NO,Starting balance is 0 or negative
US6074,307,307,YES,2026-01,307,0,0,307,NO,First ledger beginning is not 0
US6075,0,146,YES,2026-01,130,-130,0,146,NO,Starting balance is 0 or negative
US6076,668,668,YES,2026-01,668,0,0,668,NO,First ledger beginning is not 0
US6077,0,3,YES,2026-01,3,-3,0,3,NO,Starting balance is 0 or negative
US6079,370,1,YES,2026-01,0,370,370,371,YES,
US608,47,47,YES,2026-02,47,0,0,47,NO,First ledger beginning is not 0
US6080,50,4,YES,2026-01,50,0,0,4,NO,First ledger beginning is not 0
US6081,0,0,YES,2026-01,0,0,0,0,NO,Starting balance is 0 or negative
US6085,0,134,YES,2026-01,134,-134,0,134,NO,Starting balance is 0 or negative
US6086,0,0,YES,2026-01,0,0,0,0,NO,Starting balance is 0 or negative
US6087,215,215,YES,2026-01,215,0,0,215,NO,First ledger beginning is not 0
US6088,71,71,YES,2026-01,71,0,0,71,NO,First ledger beginning is not 0
US6089,0,837,YES,2026-01,837,-837,0,837,NO,Starting balance is 0 or negative
US6090,0,103,YES,2026-01,103,-103,0,103,NO,Starting balance is 0 or negative
US6091,0,27,YES,2026-01,0,0,0,27,NO,Starting balance is 0 or negative
US6092,0,0,YES,2026-01,0,0,0,0,NO,Starting balance is 0 or negative
US6093,10,10,YES,2026-01,10,0,0,10,NO,First ledger beginning is not 0
US6095,0,433,YES,2026-01,433,-433,0,433,NO,Starting balance is 0 or negative
US6096,156,156,YES,2026-01,156,0,0,156,NO,First ledger beginning is not 0
US6097,11,11,YES,2026-01,11,0,0,11,NO,First ledger beginning is not 0
US6099,0,218,YES,2026-01,218,-218,0,218,NO,Starting balance is 0 or negative
US610,323,154,YES,2026-02,0,323,323,477,YES,
US6100,0,501,YES,2026-01,501,-501,0,501,NO,Starting balance is 0 or negative
US6101,85,85,YES,2026-01,85,0,0,85,NO,First ledger beginning is not 0
US6102,995,1124,YES,2026-01,995,0,0,1124,NO,First ledger beginning is not 0
US6103,150,150,YES,2026-01,150,0,0,150,NO,First ledger beginning is not 0
US6108,0,0,YES,2026-01,0,0,0,0,NO,Starting balance is 0 or negative
US6109,0,73,YES,2026-01,58,-58,0,73,NO,Starting balance is 0 or negative
US6110,10,10,YES,2026-01,10,0,0,10,NO,First ledger beginning is not 0
US6111,343,343,YES,2026-01,343,0,0,343,NO,First ledger beginning is not 0
US6112,81,81,YES,2026-01,81,0,0,81,NO,First ledger beginning is not 0
US6114,12,0,YES,2026-01,0,12,12,12,YES,
US6115,0,256,YES,2026-01,256,-256,0,256,NO,Starting balance is 0 or negative
US6116,314,314,YES,2026-01,314,0,0,314,NO,First ledger beginning is not 0
US6117,23,23,YES,2026-01,23,0,0,23,NO,First ledger beginning is not 0
US6118,26,1977,YES,2026-01,0,26,26,2003,YES,
US6119,0,0,YES,2026-01,0,0,0,0,NO,Starting balance is 0 or negative
US612,9,9,YES,2026-02,9,0,0,9,NO,First ledger beginning is not 0
US6121,20,20,YES,2026-01,20,0,0,20,NO,First ledger beginning is not 0
US6122,0,142,YES,2026-01,142,-142,0,142,NO,Starting balance is 0 or negative
US6123,0,0,YES,2026-01,0,0,0,0,NO,Starting balance is 0 or negative
US6124,0,13,YES,2026-01,13,-13,0,13,NO,Starting balance is 0 or negative
US6126,0,15,YES,2026-01,15,-15,0,15,NO,Starting balance is 0 or negative
US6127,0,47,YES,2026-01,47,-47,0,47,NO,Starting balance is 0 or negative
US6129,27,27,YES,2026-01,27,0,0,27,NO,First ledger beginning is not 0
US613,426,440,YES,2026-02,440,-14,0,440,NO,First ledger beginning is not 0
US6130,120,120,YES,2026-01,120,0,0,120,NO,First ledger beginning is not 0
US6131,587,587,YES,2026-01,587,0,0,587,NO,First ledger beginning is not 0
US6132,374,374,YES,2026-01,374,0,0,374,NO,First ledger beginning is not 0
US6135,168,1261,YES,2026-01,168,0,0,1261,NO,First ledger beginning is not 0
US6137,73,112,YES,2026-01,73,0,0,112,NO,First ledger beginning is not 0
US6138,173,173,YES,2026-01,173,0,0,173,NO,First ledger beginning is not 0
US6139,20,20,YES,2026-01,20,0,0,20,NO,First ledger beginning is not 0
US614,591,608,YES,2026-02,608,-17,0,608,NO,First ledger beginning is not 0
US6140,6665,5255,YES,2026-01,6665,0,0,5255,NO,First ledger beginning is not 0
US6142,22,22,YES,2026-01,22,0,0,22,NO,First ledger beginning is not 0
US6143,0,1123,YES,2026-01,1123,-1123,0,1123,NO,Starting balance is 0 or negative
US6144,0,13,YES,2026-01,13,-13,0,13,NO,Starting balance is 0 or negative
US6147,306,306,YES,2026-01,306,0,0,306,NO,First ledger beginning is not 0
US6148,107,107,YES,2026-01,107,0,0,107,NO,First ledger beginning is not 0
US615,1,19,YES,2026-02,19,-18,0,19,NO,First ledger beginning is not 0
US6151,263,263,YES,2026-01,263,0,0,263,NO,First ledger beginning is not 0
US6155,381,414,YES,2026-01,381,0,0,414,NO,First ledger beginning is not 0
US6157,0,243,YES,2026-01,243,-243,0,243,NO,Starting balance is 0 or negative
US6158,128,128,YES,2026-01,128,0,0,128,NO,First ledger beginning is not 0
US6159,156,156,YES,2026-01,156,0,0,156,NO,First ledger beginning is not 0
US6161,0,218,YES,2026-01,218,-218,0,218,NO,Starting balance is 0 or negative
US6162,0,843,YES,2026-01,843,-843,0,843,NO,Starting balance is 0 or negative
US6163,1634,1634,YES,2026-01,1634,0,0,1634,NO,First ledger beginning is not 0
US6164,14,30,YES,2026-01,14,0,0,30,NO,First ledger beginning is not 0
US6166,23,23,YES,2026-01,23,0,0,23,NO,First ledger beginning is not 0
US6167,606,606,YES,2026-01,606,0,0,606,NO,First ledger beginning is not 0
US617,1424,1437,YES,2026-02,1437,-13,0,1437,NO,First ledger beginning is not 0
US6170,0,16,YES,2026-01,0,0,0,16,NO,Starting balance is 0 or negative
US6173,46,46,YES,2026-01,46,0,0,46,NO,First ledger beginning is not 0
US6174,24,24,YES,2026-01,24,0,0,24,NO,First ledger beginning is not 0
US6175,175,0,YES,2026-01,0,175,175,175,YES,
US6176,0,227,YES,2026-01,227,-227,0,227,NO,Starting balance is 0 or negative
US6177,0,29,YES,2026-01,0,0,0,29,NO,Starting balance is 0 or negative
US6178,0,268,YES,2026-01,268,-268,0,268,NO,Starting balance is 0 or negative
US6179,0,172,YES,2026-01,157,-157,0,172,NO,Starting balance is 0 or negative
US618,127,184,YES,2026-02,184,-57,0,184,NO,First ledger beginning is not 0
US6180,0,27,YES,2026-01,0,0,0,27,NO,Starting balance is 0 or negative
US6181,0,30,YES,2026-01,30,-30,0,30,NO,Starting balance is 0 or negative
US6182,98,98,YES,2026-01,98,0,0,98,NO,First ledger beginning is not 0
US6183,33,33,YES,2026-01,33,0,0,33,NO,First ledger beginning is not 0
US6184,0,31,YES,2026-01,0,0,0,31,NO,Starting balance is 0 or negative
US6185,21,21,YES,2026-01,21,0,0,21,NO,First ledger beginning is not 0
US6186,0,116,YES,2026-01,116,-116,0,116,NO,Starting balance is 0 or negative
US6187,1101,1101,YES,2026-01,1101,0,0,1101,NO,First ledger beginning is not 0
US6189,0,35,YES,2026-01,35,-35,0,35,NO,Starting balance is 0 or negative
US619,743,250,YES,2026-02,0,743,743,993,YES,
US6190,0,61,YES,2026-01,33,-33,0,61,NO,Starting balance is 0 or negative
US6191,31,31,YES,2026-01,31,0,0,31,NO,First ledger beginning is not 0
US6192,0,327,YES,2026-01,327,-327,0,327,NO,Starting balance is 0 or negative
US6193,29,29,YES,2026-01,29,0,0,29,NO,First ledger beginning is not 0
US6195,96,96,YES,2026-01,96,0,0,96,NO,First ledger beginning is not 0
US6196,12,12,YES,2026-01,12,0,0,12,NO,First ledger beginning is not 0
US6197,82,82,YES,2026-01,82,0,0,82,NO,First ledger beginning is not 0
US6198,129,129,YES,2026-01,129,0,0,129,NO,First ledger beginning is not 0
US6199,0,0,YES,2026-01,0,0,0,0,NO,Starting balance is 0 or negative
US620,6,0,YES,2026-02,0,6,6,6,YES,
US6200,0,0,YES,2026-01,0,0,0,0,NO,Starting balance is 0 or negative
US6201,384,384,YES,2026-01,384,0,0,384,NO,First ledger beginning is not 0
US6202,98,3,YES,2026-01,3,95,0,3,NO,First ledger beginning is not 0
US6203,0,21,YES,2026-01,21,-21,0,21,NO,Starting balance is 0 or negative
US6208,4,4,YES,2026-01,4,0,0,4,NO,First ledger beginning is not 0
US621,48,48,YES,2026-02,48,0,0,48,NO,First ledger beginning is not 0
US6213,0,277,YES,2026-01,277,-277,0,277,NO,Starting balance is 0 or negative
US6214,799,799,YES,2026-01,799,0,0,799,NO,First ledger beginning is not 0
US6215,0,222,YES,2026-01,222,-222,0,222,NO,Starting balance is 0 or negative
US6216,28,28,YES,2026-01,28,0,0,28,NO,First ledger beginning is not 0
US6217,39,39,YES,2026-01,39,0,0,39,NO,First ledger beginning is not 0
US6219,0,72,YES,2026-01,72,-72,0,72,NO,Starting balance is 0 or negative
US622,1,1,YES,2026-02,1,0,0,1,NO,First ledger beginning is not 0
US6220,0,478,YES,2026-01,478,-478,0,478,NO,Starting balance is 0 or negative
US6221,0,359,YES,2026-01,0,0,0,359,NO,Starting balance is 0 or negative
US6223,663,663,YES,2026-01,663,0,0,663,NO,First ledger beginning is not 0
US6225,1350,1350,YES,2026-01,1350,0,0,1350,NO,First ledger beginning is not 0
US6226,155,155,YES,2026-01,155,0,0,155,NO,First ledger beginning is not 0
US6227,1,1,YES,2026-01,1,0,0,1,NO,First ledger beginning is not 0
US6229,11,46,YES,2026-01,11,0,0,46,NO,First ledger beginning is not 0
US6230,0,46,YES,2026-01,46,-46,0,46,NO,Starting balance is 0 or negative
US6231,5,5,YES,2026-01,5,0,0,5,NO,First ledger beginning is not 0
US6234,0,82,YES,2026-01,82,-82,0,82,NO,Starting balance is 0 or negative
US6235,43,43,YES,2026-01,43,0,0,43,NO,First ledger beginning is not 0
US6237,0,83,YES,2026-01,83,-83,0,83,NO,Starting balance is 0 or negative
US6238,563,563,YES,2026-01,563,0,0,563,NO,First ledger beginning is not 0
US6239,0,10,YES,2026-01,10,-10,0,10,NO,Starting balance is 0 or negative
US624,319,561,YES,2026-02,0,319,319,880,YES,
US6240,0,81,YES,2026-01,81,-81,0,81,NO,Starting balance is 0 or negative
US6241,55,55,YES,2026-01,55,0,0,55,NO,First ledger beginning is not 0
US6243,601,601,YES,2026-01,601,0,0,601,NO,First ledger beginning is not 0
US6244,0,0,YES,2026-01,0,0,0,0,NO,Starting balance is 0 or negative
US6245,463,463,YES,2026-01,463,0,0,463,NO,First ledger beginning is not 0
US6246,0,11,YES,2026-01,11,-11,0,11,NO,Starting balance is 0 or negative
US6247,0,104,YES,2026-01,104,-104,0,104,NO,Starting balance is 0 or negative
US6248,120,120,YES,2026-01,120,0,0,120,NO,First ledger beginning is not 0
US6249,14,14,YES,2026-01,14,0,0,14,NO,First ledger beginning is not 0
US625,236,258,YES,2026-02,258,-22,0,258,NO,First ledger beginning is not 0
US6250,0,473,YES,2026-01,473,-473,0,473,NO,Starting balance is 0 or negative
US6251,0,74,YES,2026-01,74,-74,0,74,NO,Starting balance is 0 or negative
US625178,0,0,YES,2026-03,0,0,0,0,NO,Starting balance is 0 or negative
US6252,0,32,YES,2026-01,32,-32,0,32,NO,Starting balance is 0 or negative
US6253,58,58,YES,2026-01,58,0,0,58,NO,First ledger beginning is not 0
US6254,251,251,YES,2026-01,251,0,0,251,NO,First ledger beginning is not 0
US6257,1626,0,YES,2026-01,0,1626,1626,1626,YES,
US6258,0,0,NO,,0,0,0,0,NO,Starting balance is 0 or negative
US6259,8668,8876,YES,2026-01,8668,0,0,8876,NO,First ledger beginning is not 0
US626,271,719,YES,2026-02,858,-587,0,719,NO,First ledger beginning is not 0
US6260,80,80,YES,2026-01,80,0,0,80,NO,First ledger beginning is not 0
US6261,0,110,YES,2026-01,110,-110,0,110,NO,Starting balance is 0 or negative
US6262,0,57,YES,2026-01,57,-57,0,57,NO,Starting balance is 0 or negative
US6263,0,0,YES,2026-01,0,0,0,0,NO,Starting balance is 0 or negative
US6264,197,197,YES,2026-01,197,0,0,197,NO,First ledger beginning is not 0
US6265,398,0,YES,2026-01,0,398,398,398,YES,
US6267,154,25,YES,2026-01,0,154,154,179,YES,
US6268,21,21,YES,2026-01,21,0,0,21,NO,First ledger beginning is not 0
US6269,0,167,YES,2026-01,167,-167,0,167,NO,Starting balance is 0 or negative
US627,207,225,YES,2026-02,225,-18,0,225,NO,First ledger beginning is not 0
US6270,211,211,YES,2026-01,211,0,0,211,NO,First ledger beginning is not 0
US6271,0,38,YES,2026-01,0,0,0,38,NO,Starting balance is 0 or negative
US6272,0,408,YES,2026-01,408,-408,0,408,NO,Starting balance is 0 or negative
US6273,39,39,YES,2026-01,39,0,0,39,NO,First ledger beginning is not 0
US6274,210,210,YES,2026-01,210,0,0,210,NO,First ledger beginning is not 0
US6275,315,0,YES,2026-01,0,315,315,315,YES,
US6276,56,56,YES,2026-01,56,0,0,56,NO,First ledger beginning is not 0
US6277,127,127,YES,2026-01,127,0,0,127,NO,First ledger beginning is not 0
US6278,371,0,YES,2026-01,0,371,371,371,YES,
US628,725,725,YES,2026-02,725,0,0,725,NO,First ledger beginning is not 0
US6280,0,484,YES,2026-01,484,-484,0,484,NO,Starting balance is 0 or negative
US6281,0,501,YES,2026-01,501,-501,0,501,NO,Starting balance is 0 or negative
US6282,0,40,YES,2026-01,40,-40,0,40,NO,Starting balance is 0 or negative
US6283,456,476,YES,2026-01,456,0,0,476,NO,First ledger beginning is not 0
US6284,0,0,YES,2026-01,0,0,0,0,NO,Starting balance is 0 or negative
US6285,62,62,YES,2026-01,62,0,0,62,NO,First ledger beginning is not 0
US6286,369,369,YES,2026-01,369,0,0,369,NO,First ledger beginning is not 0
US6287,134,134,YES,2026-01,134,0,0,134,NO,First ledger beginning is not 0
US6288,0,326,YES,2026-01,326,-326,0,326,NO,Starting balance is 0 or negative
US6289,0,132,YES,2026-01,132,-132,0,132,NO,Starting balance is 0 or negative
US629,450,450,YES,2026-02,450,0,0,450,NO,First ledger beginning is not 0
US6290,0,18,YES,2026-01,0,0,0,18,NO,Starting balance is 0 or negative
US6291,4357,4384,YES,2026-01,4357,0,0,4384,NO,First ledger beginning is not 0
US6292,0,225,YES,2026-01,225,-225,0,225,NO,Starting balance is 0 or negative
US6294,99,99,YES,2026-01,99,0,0,99,NO,First ledger beginning is not 0
US6295,191,191,YES,2026-01,191,0,0,191,NO,First ledger beginning is not 0
US6296,0,61,YES,2026-01,61,-61,0,61,NO,Starting balance is 0 or negative
US6297,0,85,YES,2026-01,85,-85,0,85,NO,Starting balance is 0 or negative
US6298,91,91,YES,2026-01,91,0,0,91,NO,First ledger beginning is not 0
US6299,0,194,YES,2026-01,194,-194,0,194,NO,Starting balance is 0 or negative
US630,731,64,YES,2026-02,0,731,731,795,YES,
US6300,0,13,YES,2026-01,13,-13,0,13,NO,Starting balance is 0 or negative
US6301,0,96,YES,2026-01,0,0,0,96,NO,Starting balance is 0 or negative
US6302,0,0,YES,2026-01,0,0,0,0,NO,Starting balance is 0 or negative
US6303,1828,0,YES,2026-01,0,1828,1828,1828,YES,
US6304,51,106,YES,2026-01,0,51,51,157,YES,
US6305,0,148,YES,2026-01,0,0,0,148,NO,Starting balance is 0 or negative
US6306,367,367,YES,2026-01,367,0,0,367,NO,First ledger beginning is not 0
US6308,0,0,YES,2026-01,0,0,0,0,NO,Starting balance is 0 or negative
US6309,93,93,YES,2026-01,93,0,0,93,NO,First ledger beginning is not 0
US631,287,287,YES,2026-02,287,0,0,287,NO,First ledger beginning is not 0
US6310,0,7,YES,2026-01,7,-7,0,7,NO,Starting balance is 0 or negative
US6311,147,147,YES,2026-01,147,0,0,147,NO,First ledger beginning is not 0
US6313,0,69,YES,2026-01,69,-69,0,69,NO,Starting balance is 0 or negative
US6314,0,43,YES,2026-01,43,-43,0,43,NO,Starting balance is 0 or negative
US6315,227,3,YES,2026-01,3,224,0,3,NO,First ledger beginning is not 0
US6316,0,517,YES,2026-01,386,-386,0,517,NO,Starting balance is 0 or negative
US6317,0,1376,YES,2026-01,1017,-1017,0,1376,NO,Starting balance is 0 or negative
US6318,0,51,YES,2026-01,51,-51,0,51,NO,Starting balance is 0 or negative
US6319,0,13,YES,2026-01,13,-13,0,13,NO,Starting balance is 0 or negative
US632,232,254,YES,2026-02,254,-22,0,254,NO,First ledger beginning is not 0
US6320,0,0,YES,2026-01,0,0,0,0,NO,Starting balance is 0 or negative
US6322,0,0,YES,2026-01,0,0,0,0,NO,Starting balance is 0 or negative
US6323,612,612,YES,2026-01,612,0,0,612,NO,First ledger beginning is not 0
US6325,275,275,YES,2026-01,275,0,0,275,NO,First ledger beginning is not 0
US6326,425,425,YES,2026-01,425,0,0,425,NO,First ledger beginning is not 0
US6327,717,717,YES,2026-01,717,0,0,717,NO,First ledger beginning is not 0
US6328,0,70,YES,2026-01,70,-70,0,70,NO,Starting balance is 0 or negative
US633,5,414,YES,2026-02,0,5,5,419,YES,
US6331,0,59,YES,2026-01,59,-59,0,59,NO,Starting balance is 0 or negative
US6332,0,10,YES,2026-01,10,-10,0,10,NO,Starting balance is 0 or negative
US6333,25,19,YES,2026-01,0,25,25,44,YES,
US6334,0,188,YES,2026-01,188,-188,0,188,NO,Starting balance is 0 or negative
US6335,1441,1545,YES,2026-01,1441,0,0,1545,NO,First ledger beginning is not 0
US6336,0,50,YES,2026-01,13,-13,0,50,NO,Starting balance is 0 or negative
US6337,0,122,YES,2026-01,122,-122,0,122,NO,Starting balance is 0 or negative
US6338,0,306,YES,2026-01,306,-306,0,306,NO,Starting balance is 0 or negative
US6339,0,221,YES,2026-01,221,-221,0,221,NO,Starting balance is 0 or negative
US634,5,5,YES,2026-02,5,0,0,5,NO,First ledger beginning is not 0
US6340,0,13,YES,2026-01,13,-13,0,13,NO,Starting balance is 0 or negative
US6341,20,20,YES,2026-01,20,0,0,20,NO,First ledger beginning is not 0
US6342,0,66,YES,2026-01,66,-66,0,66,NO,Starting balance is 0 or negative
US6343,0,24,YES,2026-01,24,-24,0,24,NO,Starting balance is 0 or negative
US6344,0,339,YES,2026-01,339,-339,0,339,NO,Starting balance is 0 or negative
US6345,31,31,YES,2026-01,31,0,0,31,NO,First ledger beginning is not 0
US6346,455,455,YES,2026-01,455,0,0,455,NO,First ledger beginning is not 0
US6347,2819,134,YES,2026-01,0,2819,2819,2953,YES,
US6350,0,326,YES,2026-01,326,-326,0,326,NO,Starting balance is 0 or negative
US6351,0,488,YES,2026-01,488,-488,0,488,NO,Starting balance is 0 or negative
US6354,1348,15,YES,2026-01,0,1348,1348,1363,YES,
US6355,0,25,YES,2026-01,25,-25,0,25,NO,Starting balance is 0 or negative
US6356,125,125,YES,2026-01,125,0,0,125,NO,First ledger beginning is not 0
US6357,0,176,YES,2026-01,176,-176,0,176,NO,Starting balance is 0 or negative
US6358,0,41,YES,2026-01,41,-41,0,41,NO,Starting balance is 0 or negative
US6359,0,19,YES,2026-01,0,0,0,19,NO,Starting balance is 0 or negative
US636,1311,16,YES,2026-02,0,1311,1311,1327,YES,
US6360,0,23,YES,2026-01,23,-23,0,23,NO,Starting balance is 0 or negative
US6361,68,0,YES,2026-01,0,68,68,68,YES,
US6363,39,17,YES,2026-01,0,39,39,56,YES,
US6364,0,89,YES,2026-01,89,-89,0,89,NO,Starting balance is 0 or negative
US6365,50,50,YES,2026-01,50,0,0,50,NO,First ledger beginning is not 0
US6366,30,30,YES,2026-01,30,0,0,30,NO,First ledger beginning is not 0
US6368,36,36,YES,2026-01,36,0,0,36,NO,First ledger beginning is not 0
US6369,9,9,YES,2026-01,9,0,0,9,NO,First ledger beginning is not 0
US637,633,633,YES,2026-02,633,0,0,633,NO,First ledger beginning is not 0
US6371,0,26,YES,2026-01,26,-26,0,26,NO,Starting balance is 0 or negative
US6372,0,275,YES,2026-01,275,-275,0,275,NO,Starting balance is 0 or negative
US6373,0,0,YES,2026-01,0,0,0,0,NO,Starting balance is 0 or negative
US6374,152,91,YES,2026-01,56,96,0,91,NO,First ledger beginning is not 0
US6378,174,174,YES,2026-01,174,0,0,174,NO,First ledger beginning is not 0
US638,543,571,YES,2026-02,571,-28,0,571,NO,First ledger beginning is not 0
US6380,0,23,YES,2026-01,0,0,0,23,NO,Starting balance is 0 or negative
US6381,0,31,YES,2026-01,31,-31,0,31,NO,Starting balance is 0 or negative
US6382,121,121,YES,2026-01,121,0,0,121,NO,First ledger beginning is not 0
US6383,26,26,YES,2026-01,26,0,0,26,NO,First ledger beginning is not 0
US6385,0,91,YES,2026-01,91,-91,0,91,NO,Starting balance is 0 or negative
US6387,609,609,YES,2026-01,609,0,0,609,NO,First ledger beginning is not 0
US6388,0,135,YES,2026-01,135,-135,0,135,NO,Starting balance is 0 or negative
US6389,0,1980,YES,2026-01,1961,-1961,0,1980,NO,Starting balance is 0 or negative
US639,144,52,YES,2026-02,14,130,0,52,NO,First ledger beginning is not 0
US6390,0,200,YES,2026-01,200,-200,0,200,NO,Starting balance is 0 or negative
US6391,0,119,YES,2026-01,119,-119,0,119,NO,Starting balance is 0 or negative
US6392,0,81,YES,2026-01,81,-81,0,81,NO,Starting balance is 0 or negative
US6393,1423,1442,YES,2026-01,1423,0,0,1442,NO,First ledger beginning is not 0
US6394,0,95,YES,2026-01,95,-95,0,95,NO,Starting balance is 0 or negative
US6395,0,162,YES,2026-01,128,-128,0,162,NO,Starting balance is 0 or negative
US6397,47,73,YES,2026-01,47,0,0,73,NO,First ledger beginning is not 0
US6399,0,242,YES,2026-01,215,-215,0,242,NO,Starting balance is 0 or negative
US640,31,31,YES,2026-03,31,0,0,31,NO,First ledger beginning is not 0
US6400,0,365,YES,2026-01,365,-365,0,365,NO,Starting balance is 0 or negative
US6401,75,75,YES,2026-01,75,0,0,75,NO,First ledger beginning is not 0
US6402,0,13,YES,2026-01,0,0,0,13,NO,Starting balance is 0 or negative
US6403,184,184,YES,2026-01,184,0,0,184,NO,First ledger beginning is not 0
US6404,42,42,YES,2026-01,42,0,0,42,NO,First ledger beginning is not 0
US6405,265,265,YES,2026-01,265,0,0,265,NO,First ledger beginning is not 0
US6406,128,128,YES,2026-01,128,0,0,128,NO,First ledger beginning is not 0
US6407,16,16,YES,2026-01,16,0,0,16,NO,First ledger beginning is not 0
US6408,10,10,YES,2026-01,10,0,0,10,NO,First ledger beginning is not 0
US641,851,878,YES,2026-02,851,0,0,878,NO,First ledger beginning is not 0
US6412,282,282,YES,2026-01,282,0,0,282,NO,First ledger beginning is not 0
US6413,11,11,YES,2026-01,11,0,0,11,NO,First ledger beginning is not 0
US6414,729,729,YES,2026-01,729,0,0,729,NO,First ledger beginning is not 0
US6416,0,547,YES,2026-01,547,-547,0,547,NO,Starting balance is 0 or negative
US6417,0,141,YES,2026-01,99,-99,0,141,NO,Starting balance is 0 or negative
US6419,35,35,YES,2026-01,35,0,0,35,NO,First ledger beginning is not 0
US642,56,30,YES,2026-02,0,56,56,86,YES,
US6420,462,462,YES,2026-01,462,0,0,462,NO,First ledger beginning is not 0
US6421,0,139,YES,2026-01,139,-139,0,139,NO,Starting balance is 0 or negative
US6422,23,22,YES,2026-01,0,23,23,45,YES,
US6424,55,55,YES,2026-01,55,0,0,55,NO,First ledger beginning is not 0
US6425,130,21,YES,2026-01,0,130,130,151,YES,
US6426,47,47,YES,2026-01,47,0,0,47,NO,First ledger beginning is not 0
US643,177,177,YES,2026-02,177,0,0,177,NO,First ledger beginning is not 0
US6430,0,173,YES,2026-01,138,-138,0,173,NO,Starting balance is 0 or negative
US6431,27,50,YES,2026-01,27,0,0,50,NO,First ledger beginning is not 0
US6433,0,3,YES,2026-01,3,-3,0,3,NO,Starting balance is 0 or negative
US6434,0,223,YES,2026-01,223,-223,0,223,NO,Starting balance is 0 or negative
US6435,0,362,YES,2026-01,362,-362,0,362,NO,Starting balance is 0 or negative
US6437,0,93,YES,2026-01,93,-93,0,93,NO,Starting balance is 0 or negative
US6438,146,0,YES,2026-01,0,146,146,146,YES,
US6439,0,110,YES,2026-01,110,-110,0,110,NO,Starting balance is 0 or negative
US6440,0,16,YES,2026-01,0,0,0,16,NO,Starting balance is 0 or negative
US6441,0,153,YES,2026-01,153,-153,0,153,NO,Starting balance is 0 or negative
US6444,104,104,YES,2026-01,104,0,0,104,NO,First ledger beginning is not 0
US6445,0,63,YES,2026-01,63,-63,0,63,NO,Starting balance is 0 or negative
US6446,0,167,YES,2026-01,167,-167,0,167,NO,Starting balance is 0 or negative
US6447,922,922,YES,2026-01,922,0,0,922,NO,First ledger beginning is not 0
US6448,0,189,YES,2026-01,189,-189,0,189,NO,Starting balance is 0 or negative
US6450,61,61,YES,2026-01,61,0,0,61,NO,First ledger beginning is not 0
US6451,10,10,YES,2026-01,10,0,0,10,NO,First ledger beginning is not 0
US6453,0,471,YES,2026-01,454,-454,0,471,NO,Starting balance is 0 or negative
US6454,0,0,YES,2026-01,0,0,0,0,NO,Starting balance is 0 or negative
US6455,0,119,YES,2026-01,22,-22,0,119,NO,Starting balance is 0 or negative
US6456,318,318,YES,2026-01,318,0,0,318,NO,First ledger beginning is not 0
US6457,0,246,YES,2026-01,246,-246,0,246,NO,Starting balance is 0 or negative
US6458,0,405,YES,2026-01,405,-405,0,405,NO,Starting balance is 0 or negative
US6459,34,34,YES,2026-01,34,0,0,34,NO,First ledger beginning is not 0
US646,424,1431,YES,2026-02,0,424,424,1855,YES,
US6461,5269,5485,YES,2026-01,5269,0,0,5485,NO,First ledger beginning is not 0
US6462,141,141,YES,2026-01,141,0,0,141,NO,First ledger beginning is not 0
US6464,157,157,YES,2026-01,157,0,0,157,NO,First ledger beginning is not 0
US6465,0,215,YES,2026-01,215,-215,0,215,NO,Starting balance is 0 or negative
US6466,0,311,YES,2026-01,311,-311,0,311,NO,Starting balance is 0 or negative
US6467,1074,32,YES,2026-01,0,1074,1074,1106,YES,
US6468,0,124,YES,2026-01,124,-124,0,124,NO,Starting balance is 0 or negative
US6469,0,214,YES,2026-01,214,-214,0,214,NO,Starting balance is 0 or negative
US6470,40,24,YES,2026-01,0,40,40,64,YES,
US6471,136,136,YES,2026-01,136,0,0,136,NO,First ledger beginning is not 0
US6472,35,35,YES,2026-01,35,0,0,35,NO,First ledger beginning is not 0
US6473,580,29,YES,2026-01,0,580,580,609,YES,
US6474,241,241,YES,2026-01,241,0,0,241,NO,First ledger beginning is not 0
US6475,247,287,YES,2026-01,247,0,0,287,NO,First ledger beginning is not 0
US6478,27,0,YES,2026-01,0,27,27,27,YES,
US6479,211,211,YES,2026-01,211,0,0,211,NO,First ledger beginning is not 0
US648,3596,0,YES,2026-02,0,3596,3596,3596,YES,
US6482,0,4,YES,2026-01,4,-4,0,4,NO,Starting balance is 0 or negative
US6483,698,698,YES,2026-01,698,0,0,698,NO,First ledger beginning is not 0
US6484,22,22,YES,2026-01,22,0,0,22,NO,First ledger beginning is not 0
US6486,210,210,YES,2026-01,210,0,0,210,NO,First ledger beginning is not 0
US6487,0,22,YES,2026-01,22,-22,0,22,NO,Starting balance is 0 or negative
US6489,0,17,YES,2026-01,17,-17,0,17,NO,Starting balance is 0 or negative
US6490,51,51,YES,2026-01,51,0,0,51,NO,First ledger beginning is not 0
US6491,250,250,YES,2026-01,250,0,0,250,NO,First ledger beginning is not 0
US6493,114,152,YES,2026-01,114,0,0,152,NO,First ledger beginning is not 0
US6494,0,53,YES,2026-01,53,-53,0,53,NO,Starting balance is 0 or negative
US6496,0,12,YES,2026-01,12,-12,0,12,NO,Starting balance is 0 or negative
US6497,35,35,YES,2026-01,35,0,0,35,NO,First ledger beginning is not 0
US6498,0,48,YES,2026-01,48,-48,0,48,NO,Starting balance is 0 or negative
US650,619,39,YES,2026-02,0,619,619,658,YES,
US6500,37,37,YES,2026-01,37,0,0,37,NO,First ledger beginning is not 0
US6502,0,234,YES,2026-01,234,-234,0,234,NO,Starting balance is 0 or negative
US6503,0,397,YES,2026-01,397,-397,0,397,NO,Starting balance is 0 or negative
US6504,129,129,YES,2026-01,129,0,0,129,NO,First ledger beginning is not 0
US6505,25,25,YES,2026-01,25,0,0,25,NO,First ledger beginning is not 0
US6508,0,31,YES,2026-01,31,-31,0,31,NO,Starting balance is 0 or negative
US6509,0,255,YES,2026-01,216,-216,0,255,NO,Starting balance is 0 or negative
US651,1699,1699,YES,2026-02,1699,0,0,1699,NO,First ledger beginning is not 0
US6510,47,47,YES,2026-01,47,0,0,47,NO,First ledger beginning is not 0
US6511,19,19,YES,2026-01,19,0,0,19,NO,First ledger beginning is not 0
US6512,354,354,YES,2026-01,354,0,0,354,NO,First ledger beginning is not 0
US6513,0,0,YES,2026-01,0,0,0,0,NO,Starting balance is 0 or negative
US651312,0,,NO,,,,0,,NO,Missing SR customer record
US6514,516,516,YES,2026-01,516,0,0,516,NO,First ledger beginning is not 0
US6516,0,722,YES,2026-01,722,-722,0,722,NO,Starting balance is 0 or negative
US6519,0,51,YES,2026-01,51,-51,0,51,NO,Starting balance is 0 or negative
US6520,196,294,YES,2026-01,0,196,196,490,YES,
US6521,0,132,YES,2026-01,132,-132,0,132,NO,Starting balance is 0 or negative
US6522,0,130,YES,2026-01,130,-130,0,130,NO,Starting balance is 0 or negative
US6523,0,10,YES,2026-01,10,-10,0,10,NO,Starting balance is 0 or negative
US652344,0,0,YES,2026-03,0,0,0,0,NO,Starting balance is 0 or negative
US6524,10,10,YES,2026-01,10,0,0,10,NO,First ledger beginning is not 0
US6526,123,123,YES,2026-01,123,0,0,123,NO,First ledger beginning is not 0
US6527,0,28,YES,2026-01,28,-28,0,28,NO,Starting balance is 0 or negative
US6528,0,0,YES,2026-01,0,0,0,0,NO,Starting balance is 0 or negative
US6529,407,407,YES,2026-01,407,0,0,407,NO,First ledger beginning is not 0
US653,259,1623,YES,2026-02,0,259,259,1882,YES,
US6531,330,330,YES,2026-01,330,0,0,330,NO,First ledger beginning is not 0
US6532,111,111,YES,2026-01,111,0,0,111,NO,First ledger beginning is not 0
US6533,0,13,YES,2026-01,13,-13,0,13,NO,Starting balance is 0 or negative
US6534,0,18,YES,2026-01,18,-18,0,18,NO,Starting balance is 0 or negative
US6535,0,15,YES,2026-01,15,-15,0,15,NO,Starting balance is 0 or negative
US6536,0,28,YES,2026-01,0,0,0,28,NO,Starting balance is 0 or negative
US6537,0,71,YES,2026-01,71,-71,0,71,NO,Starting balance is 0 or negative
US6538,0,269,YES,2026-01,269,-269,0,269,NO,Starting balance is 0 or negative
US6539,48,48,YES,2026-01,48,0,0,48,NO,First ledger beginning is not 0
US654,82,25,YES,2026-02,25,57,0,25,NO,First ledger beginning is not 0
US6540,0,0,YES,2026-01,0,0,0,0,NO,Starting balance is 0 or negative
US6541,0,13,YES,2026-01,13,-13,0,13,NO,Starting balance is 0 or negative
US6543,41,41,YES,2026-01,41,0,0,41,NO,First ledger beginning is not 0
US6544,1730,0,YES,2026-01,0,1730,1730,1730,YES,
US6546,18,18,YES,2026-01,18,0,0,18,NO,First ledger beginning is not 0
US6547,414,414,YES,2026-01,414,0,0,414,NO,First ledger beginning is not 0
US6549,0,10,YES,2026-01,10,-10,0,10,NO,Starting balance is 0 or negative
US654986,0,,NO,,,,0,,NO,Missing SR customer record
US655,644,529,YES,2026-02,0,644,644,1173,YES,
US6550,0,38,YES,2026-01,38,-38,0,38,NO,Starting balance is 0 or negative
US6552,0,22,YES,2026-01,22,-22,0,22,NO,Starting balance is 0 or negative
US6553,0,0,YES,2026-01,0,0,0,0,NO,Starting balance is 0 or negative
US6555,148,148,YES,2026-01,148,0,0,148,NO,First ledger beginning is not 0
US6556,450,450,YES,2026-01,450,0,0,450,NO,First ledger beginning is not 0
US6557,0,127,YES,2026-01,127,-127,0,127,NO,Starting balance is 0 or negative
US6558,6,95,YES,2026-01,0,6,6,101,YES,
US6559,0,349,YES,2026-01,349,-349,0,349,NO,Starting balance is 0 or negative
US6560,104,104,YES,2026-01,104,0,0,104,NO,First ledger beginning is not 0
US6561,1181,1214,YES,2026-01,1181,0,0,1214,NO,First ledger beginning is not 0
US6562,15,15,YES,2026-01,15,0,0,15,NO,First ledger beginning is not 0
US6564,0,35,YES,2026-01,35,-35,0,35,NO,Starting balance is 0 or negative
US6565,0,0,YES,2026-01,0,0,0,0,NO,Starting balance is 0 or negative
US6567,251,251,YES,2026-01,251,0,0,251,NO,First ledger beginning is not 0
US6568,1075,1095,YES,2026-01,1075,0,0,1095,NO,First ledger beginning is not 0
US6569,0,45,YES,2026-01,45,-45,0,45,NO,Starting balance is 0 or negative
US6570,0,2,YES,2026-01,2,-2,0,2,NO,Starting balance is 0 or negative
US6571,3170,2739,YES,2026-01,2702,468,0,2739,NO,First ledger beginning is not 0
US6572,321,321,YES,2026-01,321,0,0,321,NO,First ledger beginning is not 0
US6573,768,768,YES,2026-01,768,0,0,768,NO,First ledger beginning is not 0
US6574,0,18,YES,2026-01,18,-18,0,18,NO,Starting balance is 0 or negative
US6576,317,317,YES,2026-01,317,0,0,317,NO,First ledger beginning is not 0
US6577,0,35,YES,2026-01,0,0,0,35,NO,Starting balance is 0 or negative
US6578,83,83,YES,2026-01,83,0,0,83,NO,First ledger beginning is not 0
US6579,565,565,YES,2026-01,565,0,0,565,NO,First ledger beginning is not 0
US658,1354,61,YES,2026-02,0,1354,1354,1415,YES,
US6580,10,10,YES,2026-01,10,0,0,10,NO,First ledger beginning is not 0
US6581,0,37,YES,2026-01,37,-37,0,37,NO,Starting balance is 0 or negative
US6582,208,208,YES,2026-01,208,0,0,208,NO,First ledger beginning is not 0
US6583,0,100,YES,2026-01,100,-100,0,100,NO,Starting balance is 0 or negative
US6584,0,165,YES,2026-01,165,-165,0,165,NO,Starting balance is 0 or negative
US6585,0,393,YES,2026-01,393,-393,0,393,NO,Starting balance is 0 or negative
US6586,12,12,YES,2026-01,12,0,0,12,NO,First ledger beginning is not 0
US6587,89,89,YES,2026-01,89,0,0,89,NO,First ledger beginning is not 0
US6588,62,62,YES,2026-01,62,0,0,62,NO,First ledger beginning is not 0
US6589,0,90,YES,2026-01,0,0,0,90,NO,Starting balance is 0 or negative
US6590,40,22,YES,2026-01,0,40,40,62,YES,
US6591,0,290,YES,2026-01,290,-290,0,290,NO,Starting balance is 0 or negative
US6592,0,0,YES,2026-01,0,0,0,0,NO,Starting balance is 0 or negative
US6593,42,42,YES,2026-01,42,0,0,42,NO,First ledger beginning is not 0
US6595,2570,26,YES,2026-01,0,2570,2570,2596,YES,
US6597,868,868,YES,2026-01,868,0,0,868,NO,First ledger beginning is not 0
US6598,0,236,YES,2026-01,236,-236,0,236,NO,Starting balance is 0 or negative
US6599,0,203,YES,2026-01,203,-203,0,203,NO,Starting balance is 0 or negative
US660,286,299,YES,2026-02,299,-13,0,299,NO,First ledger beginning is not 0
US6600,47,0,YES,2026-01,0,47,47,47,YES,
US6601,1272,0,YES,2026-01,0,1272,1272,1272,YES,
US6602,10,10,YES,2026-01,10,0,0,10,NO,First ledger beginning is not 0
US6603,0,18,YES,2026-01,18,-18,0,18,NO,Starting balance is 0 or negative
US6605,0,166,YES,2026-01,166,-166,0,166,NO,Starting balance is 0 or negative
US6606,0,53,YES,2026-01,53,-53,0,53,NO,Starting balance is 0 or negative
US6607,96,96,YES,2026-01,96,0,0,96,NO,First ledger beginning is not 0
US6608,1,20,YES,2026-01,0,1,1,21,YES,
US6609,0,37,YES,2026-01,37,-37,0,37,NO,Starting balance is 0 or negative
US661,440,440,YES,2026-02,440,0,0,440,NO,First ledger beginning is not 0
US6610,0,4013,YES,2026-01,4013,-4013,0,4013,NO,Starting balance is 0 or negative
US6611,400,400,YES,2026-01,400,0,0,400,NO,First ledger beginning is not 0
US6613,131,131,YES,2026-01,131,0,0,131,NO,First ledger beginning is not 0
US6617,0,298,YES,2026-01,298,-298,0,298,NO,Starting balance is 0 or negative
US6618,0,11,YES,2026-01,11,-11,0,11,NO,Starting balance is 0 or negative
US6619,533,312,YES,2026-01,0,533,533,845,YES,
US662,576,694,YES,2026-02,576,0,0,694,NO,First ledger beginning is not 0
US6620,71,71,YES,2026-01,71,0,0,71,NO,First ledger beginning is not 0
US6622,269,269,YES,2026-01,269,0,0,269,NO,First ledger beginning is not 0
US6623,0,105,YES,2026-01,77,-77,0,105,NO,Starting balance is 0 or negative
US6625,19,36,YES,2026-01,19,0,0,36,NO,First ledger beginning is not 0
US6630,0,565,YES,2026-01,294,-294,0,565,NO,Starting balance is 0 or negative
US6632,0,482,YES,2026-01,366,-366,0,482,NO,Starting balance is 0 or negative
US6633,175,175,YES,2026-01,175,0,0,175,NO,First ledger beginning is not 0
US6634,215,215,YES,2026-01,215,0,0,215,NO,First ledger beginning is not 0
US6636,0,42,YES,2026-01,0,0,0,42,NO,Starting balance is 0 or negative
US6637,300,0,YES,2026-01,0,300,300,300,YES,
US6638,24,24,YES,2026-01,24,0,0,24,NO,First ledger beginning is not 0
US6639,26,26,YES,2026-01,26,0,0,26,NO,First ledger beginning is not 0
US664,866,898,YES,2026-02,898,-32,0,898,NO,First ledger beginning is not 0
US6640,22,22,YES,2026-01,22,0,0,22,NO,First ledger beginning is not 0
US6641,54,54,YES,2026-01,54,0,0,54,NO,First ledger beginning is not 0
US6642,560,560,YES,2026-01,560,0,0,560,NO,First ledger beginning is not 0
US6643,0,11,YES,2026-01,11,-11,0,11,NO,Starting balance is 0 or negative
US6645,0,0,YES,2026-01,0,0,0,0,NO,Starting balance is 0 or negative
US6646,13,13,YES,2026-01,13,0,0,13,NO,First ledger beginning is not 0
US6647,290,290,YES,2026-01,290,0,0,290,NO,First ledger beginning is not 0
US6648,587,587,YES,2026-01,587,0,0,587,NO,First ledger beginning is not 0
US6649,0,0,YES,2026-01,0,0,0,0,NO,Starting balance is 0 or negative
US665,595,608,YES,2026-02,608,-13,0,608,NO,First ledger beginning is not 0
US6650,109,109,YES,2026-01,109,0,0,109,NO,First ledger beginning is not 0
US6652,42,42,YES,2026-01,42,0,0,42,NO,First ledger beginning is not 0
US6654,597,597,YES,2026-01,597,0,0,597,NO,First ledger beginning is not 0
US6656,0,51,YES,2026-01,51,-51,0,51,NO,Starting balance is 0 or negative
US6658,1002,112,YES,2026-01,0,1002,1002,1114,YES,
US666,39,39,YES,2026-02,39,0,0,39,NO,First ledger beginning is not 0
US6660,263,13,YES,2026-01,300,-37,0,13,NO,First ledger beginning is not 0
US6662,67,67,YES,2026-01,67,0,0,67,NO,First ledger beginning is not 0
US6663,0,0,YES,2026-01,0,0,0,0,NO,Starting balance is 0 or negative
US6664,0,270,YES,2026-01,270,-270,0,270,NO,Starting balance is 0 or negative
US6667,173,173,YES,2026-01,173,0,0,173,NO,First ledger beginning is not 0
US667,203,41,YES,2026-02,0,203,203,244,YES,
US6670,390,406,YES,2026-01,390,0,0,406,NO,First ledger beginning is not 0
US6671,0,2281,YES,2026-01,2281,-2281,0,2281,NO,Starting balance is 0 or negative
US6672,4067,38,YES,2026-01,0,4067,4067,4105,YES,
US6673,78,122,YES,2026-01,0,78,78,200,YES,
US6674,0,0,YES,2026-01,0,0,0,0,NO,Starting balance is 0 or negative
US6675,0,2,YES,2026-01,2,-2,0,2,NO,Starting balance is 0 or negative
US6676,0,29,YES,2026-01,29,-29,0,29,NO,Starting balance is 0 or negative
US6677,25,25,YES,2026-01,25,0,0,25,NO,First ledger beginning is not 0
US668,224,247,YES,2026-02,247,-23,0,247,NO,First ledger beginning is not 0
US66804163,0,,NO,,,,0,,NO,Missing SR customer record
US6681,0,665,YES,2026-01,649,-649,0,665,NO,Starting balance is 0 or negative
US6682,0,36,YES,2026-01,36,-36,0,36,NO,Starting balance is 0 or negative
US6683,0,26,YES,2026-01,26,-26,0,26,NO,Starting balance is 0 or negative
US6684,3,22,YES,2026-01,3,0,0,22,NO,First ledger beginning is not 0
US6685,322,0,YES,2026-01,0,322,322,322,YES,
US6686,985,1008,YES,2026-01,985,0,0,1008,NO,First ledger beginning is not 0
US6687,39,23,YES,2026-01,0,39,39,62,YES,
US6688,0,96,YES,2026-01,0,0,0,96,NO,Starting balance is 0 or negative
US6689,2916,41,YES,2026-01,0,2916,2916,2957,YES,
US6690,43,43,YES,2026-01,43,0,0,43,NO,First ledger beginning is not 0
US6691,0,79,YES,2026-01,79,-79,0,79,NO,Starting balance is 0 or negative
US6693,0,391,YES,2026-01,391,-391,0,391,NO,Starting balance is 0 or negative
US6695,82,82,YES,2026-01,82,0,0,82,NO,First ledger beginning is not 0
US6698,0,19,YES,2026-01,0,0,0,19,NO,Starting balance is 0 or negative
US6699,0,28,YES,2026-01,28,-28,0,28,NO,Starting balance is 0 or negative
US670,5,129,YES,2026-02,0,5,5,134,YES,
US6700,11,11,YES,2026-01,11,0,0,11,NO,First ledger beginning is not 0
US6701,0,226,YES,2026-01,226,-226,0,226,NO,Starting balance is 0 or negative
US6702,0,9,YES,2026-01,9,-9,0,9,NO,Starting balance is 0 or negative
US6703,0,57,YES,2026-01,57,-57,0,57,NO,Starting balance is 0 or negative
US6704,266,289,YES,2026-01,266,0,0,289,NO,First ledger beginning is not 0
US6705,0,15,YES,2026-01,0,0,0,15,NO,Starting balance is 0 or negative
US6706,11,11,YES,2026-01,11,0,0,11,NO,First ledger beginning is not 0
US6707,35,35,YES,2026-01,35,0,0,35,NO,First ledger beginning is not 0
US6708,308,308,YES,2026-01,308,0,0,308,NO,First ledger beginning is not 0
US6709,107,107,YES,2026-01,107,0,0,107,NO,First ledger beginning is not 0
US671,259,746,YES,2026-02,80,179,0,746,NO,First ledger beginning is not 0
US6711,0,129,YES,2026-01,129,-129,0,129,NO,Starting balance is 0 or negative
US6712,0,296,YES,2026-01,296,-296,0,296,NO,Starting balance is 0 or negative
US671392,0,0,YES,2026-04,0,0,0,0,NO,Starting balance is 0 or negative
US6716,26,26,YES,2026-01,26,0,0,26,NO,First ledger beginning is not 0
US6717,0,0,YES,2026-01,0,0,0,0,NO,Starting balance is 0 or negative
US6718,115,115,YES,2026-01,115,0,0,115,NO,First ledger beginning is not 0
US672,0,0,YES,2026-02,0,0,0,0,NO,Starting balance is 0 or negative
US6720,0,17,YES,2026-01,17,-17,0,17,NO,Starting balance is 0 or negative
US6721,0,29,YES,2026-01,29,-29,0,29,NO,Starting balance is 0 or negative
US6722,0,112,YES,2026-01,112,-112,0,112,NO,Starting balance is 0 or negative
US6723,0,106,YES,2026-01,106,-106,0,106,NO,Starting balance is 0 or negative
US6725,0,0,YES,2026-01,0,0,0,0,NO,Starting balance is 0 or negative
US6726,0,252,YES,2026-01,252,-252,0,252,NO,Starting balance is 0 or negative
US6727,0,12,YES,2026-01,12,-12,0,12,NO,Starting balance is 0 or negative
US6729,0,139,YES,2026-01,139,-139,0,139,NO,Starting balance is 0 or negative
US673,2686,2745,YES,2026-02,2711,-25,0,2745,NO,First ledger beginning is not 0
US6731,1471,0,YES,2026-01,0,1471,1471,1471,YES,
US6732,0,74,YES,2026-01,74,-74,0,74,NO,Starting balance is 0 or negative
US6733,0,38,YES,2026-01,3,-3,0,38,NO,Starting balance is 0 or negative
US6734,3266,3266,YES,2026-01,0,3266,3266,6532,YES,
US6735,49,49,YES,2026-01,49,0,0,49,NO,First ledger beginning is not 0
US6736,0,150,YES,2026-01,150,-150,0,150,NO,Starting balance is 0 or negative
US6737,78,78,YES,2026-01,78,0,0,78,NO,First ledger beginning is not 0
US6738,0,115,YES,2026-01,115,-115,0,115,NO,Starting balance is 0 or negative
US6739,0,64,YES,2026-01,64,-64,0,64,NO,Starting balance is 0 or negative
US674,0,154,YES,2026-02,0,0,0,154,NO,Starting balance is 0 or negative
US6741,292,292,YES,2026-01,292,0,0,292,NO,First ledger beginning is not 0
US6742,0,48,YES,2026-01,48,-48,0,48,NO,Starting balance is 0 or negative
US6743,53,53,YES,2026-01,53,0,0,53,NO,First ledger beginning is not 0
US6745,10,24,YES,2026-01,0,10,10,34,YES,
US6746,0,395,YES,2026-01,395,-395,0,395,NO,Starting balance is 0 or negative
US6747,11,11,YES,2026-01,11,0,0,11,NO,First ledger beginning is not 0
US6748,21,21,YES,2026-01,21,0,0,21,NO,First ledger beginning is not 0
US675,1222,24,YES,2026-02,24,1198,0,24,NO,First ledger beginning is not 0
US6754,12,12,YES,2026-01,12,0,0,12,NO,First ledger beginning is not 0
US6756,296,296,YES,2026-01,296,0,0,296,NO,First ledger beginning is not 0
US6757,0,0,YES,2026-01,0,0,0,0,NO,Starting balance is 0 or negative
US6758,205,205,YES,2026-01,205,0,0,205,NO,First ledger beginning is not 0
US676,7,38,YES,2026-02,38,-31,0,38,NO,First ledger beginning is not 0
US6760,0,93,YES,2026-01,0,0,0,93,NO,Starting balance is 0 or negative
US6762,0,667,YES,2026-01,667,-667,0,667,NO,Starting balance is 0 or negative
US6763,0,1025,YES,2026-01,1025,-1025,0,1025,NO,Starting balance is 0 or negative
US6764,87,87,YES,2026-01,87,0,0,87,NO,First ledger beginning is not 0
US6766,15,15,YES,2026-01,15,0,0,15,NO,First ledger beginning is not 0
US6767,0,16,YES,2026-01,16,-16,0,16,NO,Starting balance is 0 or negative
US6768,0,23,YES,2026-01,23,-23,0,23,NO,Starting balance is 0 or negative
US6769,512,541,YES,2026-01,512,0,0,541,NO,First ledger beginning is not 0
US677,134,134,YES,2026-02,134,0,0,134,NO,First ledger beginning is not 0
US6771,0,21,YES,2026-01,21,-21,0,21,NO,Starting balance is 0 or negative
US6772,0,48,YES,2026-01,48,-48,0,48,NO,Starting balance is 0 or negative
US6773,32,32,YES,2026-01,32,0,0,32,NO,First ledger beginning is not 0
US6774,57,57,YES,2026-01,57,0,0,57,NO,First ledger beginning is not 0
US6776,83,83,YES,2026-01,83,0,0,83,NO,First ledger beginning is not 0
US6777,5922,233,YES,2026-01,0,5922,5922,6155,YES,
US6778,98,30,YES,2026-01,0,98,98,128,YES,
US6779,0,111,YES,2026-01,0,0,0,111,NO,Starting balance is 0 or negative
US678,161,179,YES,2026-02,179,-18,0,179,NO,First ledger beginning is not 0
US6780,0,141,YES,2026-01,113,-113,0,141,NO,Starting balance is 0 or negative
US6781,0,698,YES,2026-01,857,-857,0,698,NO,Starting balance is 0 or negative
US6782,950,24,YES,2026-01,0,950,950,974,YES,
US6783,101,101,YES,2026-01,101,0,0,101,NO,First ledger beginning is not 0
US6784,0,176,YES,2026-01,176,-176,0,176,NO,Starting balance is 0 or negative
US6785,14,14,YES,2026-01,14,0,0,14,NO,First ledger beginning is not 0
US6786,0,0,YES,2026-01,0,0,0,0,NO,Starting balance is 0 or negative
US6787,5893,277,YES,2026-01,0,5893,5893,6170,YES,
US6788,0,20,YES,2026-01,20,-20,0,20,NO,Starting balance is 0 or negative
US679,1,52,YES,2026-02,0,1,1,53,YES,
US6791,11,11,YES,2026-01,11,0,0,11,NO,First ledger beginning is not 0
US6793,0,244,YES,2026-01,244,-244,0,244,NO,Starting balance is 0 or negative
US679307,0,0,NO,,0,0,0,0,NO,Starting balance is 0 or negative
US6794,30,30,YES,2026-01,30,0,0,30,NO,First ledger beginning is not 0
US6796,0,5,YES,2026-01,5,-5,0,5,NO,Starting balance is 0 or negative
US6797,20,20,YES,2026-01,20,0,0,20,NO,First ledger beginning is not 0
US6798,0,209,YES,2026-01,209,-209,0,209,NO,Starting balance is 0 or negative
US679874,0,0,NO,,0,0,0,0,NO,Starting balance is 0 or negative
US6799,40,40,YES,2026-01,40,0,0,40,NO,First ledger beginning is not 0
US680,188,188,YES,2026-02,188,0,0,188,NO,First ledger beginning is not 0
US6800,122,122,YES,2026-01,122,0,0,122,NO,First ledger beginning is not 0
US6801,0,0,YES,2026-01,0,0,0,0,NO,Starting balance is 0 or negative
US6802,0,284,YES,2026-01,284,-284,0,284,NO,Starting balance is 0 or negative
US6803,0,10,YES,2026-01,10,-10,0,10,NO,Starting balance is 0 or negative
US6806,0,0,YES,2026-01,0,0,0,0,NO,Starting balance is 0 or negative
US6807,301,0,YES,2026-01,0,301,301,301,YES,
US6808,72,72,YES,2026-01,72,0,0,72,NO,First ledger beginning is not 0
US6810,0,38,YES,2026-01,38,-38,0,38,NO,Starting balance is 0 or negative
US6811,55,55,YES,2026-01,55,0,0,55,NO,First ledger beginning is not 0
US6813,0,137,YES,2026-01,137,-137,0,137,NO,Starting balance is 0 or negative
US6814,0,469,YES,2026-01,469,-469,0,469,NO,Starting balance is 0 or negative
US6816,29,29,YES,2026-01,29,0,0,29,NO,First ledger beginning is not 0
US6817,560,560,YES,2026-01,560,0,0,560,NO,First ledger beginning is not 0
US6818,244,244,YES,2026-01,244,0,0,244,NO,First ledger beginning is not 0
US6819,0,336,YES,2026-01,336,-336,0,336,NO,Starting balance is 0 or negative
US682,330,584,YES,2026-02,0,330,330,914,YES,
US6820,0,114,YES,2026-01,114,-114,0,114,NO,Starting balance is 0 or negative
US6822,355,355,YES,2026-01,355,0,0,355,NO,First ledger beginning is not 0
US6823,0,81,YES,2026-01,81,-81,0,81,NO,Starting balance is 0 or negative
US6825,42,74,YES,2026-01,42,0,0,74,NO,First ledger beginning is not 0
US6826,267,295,YES,2026-01,267,0,0,295,NO,First ledger beginning is not 0
US6829,0,50,YES,2026-01,50,-50,0,50,NO,Starting balance is 0 or negative
US683,200,301,YES,2026-02,275,-75,0,301,NO,First ledger beginning is not 0
US6831,261,261,YES,2026-01,261,0,0,261,NO,First ledger beginning is not 0
US6832,85,85,YES,2026-01,85,0,0,85,NO,First ledger beginning is not 0
US6834,18,18,YES,2026-01,18,0,0,18,NO,First ledger beginning is not 0
US6836,73,73,YES,2026-01,73,0,0,73,NO,First ledger beginning is not 0
US6837,196,218,YES,2026-01,196,0,0,218,NO,First ledger beginning is not 0
US6838,785,785,YES,2026-01,785,0,0,785,NO,First ledger beginning is not 0
US6839,583,583,YES,2026-01,583,0,0,583,NO,First ledger beginning is not 0
US6841,463,463,YES,2026-01,463,0,0,463,NO,First ledger beginning is not 0
US6842,0,0,YES,2026-01,0,0,0,0,NO,Starting balance is 0 or negative
US6843,0,30,YES,2026-01,30,-30,0,30,NO,Starting balance is 0 or negative
US6845,174,16,YES,2026-01,0,174,174,190,YES,
US6846,575,603,YES,2026-01,575,0,0,603,NO,First ledger beginning is not 0
US6847,0,72,YES,2026-01,72,-72,0,72,NO,Starting balance is 0 or negative
US6848,0,304,YES,2026-01,0,0,0,304,NO,Starting balance is 0 or negative
US6849,11,11,YES,2026-01,11,0,0,11,NO,First ledger beginning is not 0
US685,18851,18996,YES,2026-02,19125,-274,0,18996,NO,First ledger beginning is not 0
US6852,11,11,YES,2026-01,11,0,0,11,NO,First ledger beginning is not 0
US6853,778,778,YES,2026-01,778,0,0,778,NO,First ledger beginning is not 0
US6854,0,362,YES,2026-01,362,-362,0,362,NO,Starting balance is 0 or negative
US6857,0,10,YES,2026-01,10,-10,0,10,NO,Starting balance is 0 or negative
US6858,39,39,YES,2026-01,39,0,0,39,NO,First ledger beginning is not 0
US6860,118,118,YES,2026-01,118,0,0,118,NO,First ledger beginning is not 0
US6861,43,43,YES,2026-01,43,0,0,43,NO,First ledger beginning is not 0
US6862,0,44,YES,2026-01,44,-44,0,44,NO,Starting balance is 0 or negative
US6863,0,74,YES,2026-01,74,-74,0,74,NO,Starting balance is 0 or negative
US6864,0,68,YES,2026-01,68,-68,0,68,NO,Starting balance is 0 or negative
US6865,0,167,YES,2026-01,167,-167,0,167,NO,Starting balance is 0 or negative
US6866,0,71,YES,2026-01,71,-71,0,71,NO,Starting balance is 0 or negative
US6867,0,217,YES,2026-01,217,-217,0,217,NO,Starting balance is 0 or negative
US6871,0,17,YES,2026-01,0,0,0,17,NO,Starting balance is 0 or negative
US6874,0,26,YES,2026-01,26,-26,0,26,NO,Starting balance is 0 or negative
US6875,0,79,YES,2026-01,79,-79,0,79,NO,Starting balance is 0 or negative
US6878,35,109,YES,2026-01,35,0,0,109,NO,First ledger beginning is not 0
US6879,183,183,YES,2026-01,183,0,0,183,NO,First ledger beginning is not 0
US688,103,141,YES,2026-02,120,-17,0,141,NO,First ledger beginning is not 0
US6880,0,531,YES,2026-01,531,-531,0,531,NO,Starting balance is 0 or negative
US6881,0,27,YES,2026-01,0,0,0,27,NO,Starting balance is 0 or negative
US6883,0,104,YES,2026-01,0,0,0,104,NO,Starting balance is 0 or negative
US6884,10,10,YES,2026-01,10,0,0,10,NO,First ledger beginning is not 0
US6886,0,0,YES,2026-01,0,0,0,0,NO,Starting balance is 0 or negative
US6887,37,37,YES,2026-01,37,0,0,37,NO,First ledger beginning is not 0
US6889,194,194,YES,2026-01,194,0,0,194,NO,First ledger beginning is not 0
US689,39,40,YES,2026-02,0,39,39,79,YES,
US6890,0,49,YES,2026-01,49,-49,0,49,NO,Starting balance is 0 or negative
US6892,0,0,YES,2026-01,0,0,0,0,NO,Starting balance is 0 or negative
US6894,603,603,YES,2026-01,603,0,0,603,NO,First ledger beginning is not 0
US6895,734,707,YES,2026-01,0,734,734,1441,YES,
US6896,0,591,YES,2026-01,572,-572,0,591,NO,Starting balance is 0 or negative
US6897,35,21,YES,2026-01,0,35,35,56,YES,
US6898,38,38,YES,2026-01,38,0,0,38,NO,First ledger beginning is not 0
US6900,0,158,YES,2026-01,158,-158,0,158,NO,Starting balance is 0 or negative
US6901,0,40,YES,2026-01,40,-40,0,40,NO,Starting balance is 0 or negative
US6902,365,365,YES,2026-01,365,0,0,365,NO,First ledger beginning is not 0
US6903,83,83,YES,2026-01,83,0,0,83,NO,First ledger beginning is not 0
US6904,70,15,YES,2026-01,0,70,70,85,YES,
US6905,0,24,YES,2026-01,24,-24,0,24,NO,Starting balance is 0 or negative
US6906,143,143,YES,2026-01,143,0,0,143,NO,First ledger beginning is not 0
US6907,0,14,YES,2026-01,14,-14,0,14,NO,Starting balance is 0 or negative
US6908,0,382,YES,2026-01,382,-382,0,382,NO,Starting balance is 0 or negative
US6909,0,55,YES,2026-01,55,-55,0,55,NO,Starting balance is 0 or negative
US691,106,106,YES,2026-02,106,0,0,106,NO,First ledger beginning is not 0
US6910,131,146,YES,2026-01,131,0,0,146,NO,First ledger beginning is not 0
US6912,476,476,YES,2026-01,476,0,0,476,NO,First ledger beginning is not 0
US6915,138,138,YES,2026-01,138,0,0,138,NO,First ledger beginning is not 0
US6916,0,32,YES,2026-01,0,0,0,32,NO,Starting balance is 0 or negative
US6917,7269,370,YES,2026-01,263,7006,0,370,NO,First ledger beginning is not 0
US6918,55,55,YES,2026-01,55,0,0,55,NO,First ledger beginning is not 0
US6919,0,116,YES,2026-01,116,-116,0,116,NO,Starting balance is 0 or negative
US692,5,875,YES,2026-02,0,5,5,880,YES,
US6920,0,528,YES,2026-01,528,-528,0,528,NO,Starting balance is 0 or negative
US6922,0,22,YES,2026-01,0,0,0,22,NO,Starting balance is 0 or negative
US6923,0,26,YES,2026-01,26,-26,0,26,NO,Starting balance is 0 or negative
US6926,33,74,YES,2026-01,0,33,33,107,YES,
US6927,123,123,YES,2026-01,123,0,0,123,NO,First ledger beginning is not 0
US6928,32,32,YES,2026-01,32,0,0,32,NO,First ledger beginning is not 0
US693,1854,389,YES,2026-02,0,1854,1854,2243,YES,
US6931,0,666,YES,2026-01,540,-540,0,666,NO,Starting balance is 0 or negative
US6933,80,80,YES,2026-01,80,0,0,80,NO,First ledger beginning is not 0
US6934,46,350,YES,2026-01,46,0,0,350,NO,First ledger beginning is not 0
US6935,0,116,YES,2026-01,0,0,0,116,NO,Starting balance is 0 or negative
US6936,86,21,YES,2026-01,0,86,86,107,YES,
US6937,0,263,YES,2026-01,247,-247,0,263,NO,Starting balance is 0 or negative
US6938,0,800,YES,2026-01,800,-800,0,800,NO,Starting balance is 0 or negative
US6942,202,202,YES,2026-01,202,0,0,202,NO,First ledger beginning is not 0
US6944,1186,1186,YES,2026-01,1186,0,0,1186,NO,First ledger beginning is not 0
US6945,88,88,YES,2026-01,88,0,0,88,NO,First ledger beginning is not 0
US6948,0,54,YES,2026-01,54,-54,0,54,NO,Starting balance is 0 or negative
US695,974,974,YES,2026-02,974,0,0,974,NO,First ledger beginning is not 0
US6950,0,542,YES,2026-01,525,-525,0,542,NO,Starting balance is 0 or negative
US6951,283,283,YES,2026-01,283,0,0,283,NO,First ledger beginning is not 0
US6953,0,38,YES,2026-01,38,-38,0,38,NO,Starting balance is 0 or negative
US6954,246,15,YES,2026-01,0,246,246,261,YES,
US6955,0,89,YES,2026-01,89,-89,0,89,NO,Starting balance is 0 or negative
US6956,0,11,YES,2026-01,11,-11,0,11,NO,Starting balance is 0 or negative
US695793,0,,NO,,,,0,,NO,Missing SR customer record
US6959,12,51,YES,2026-01,12,0,0,51,NO,First ledger beginning is not 0
US696,248,0,YES,2026-02,0,248,248,248,YES,
US6960,21,21,YES,2026-01,21,0,0,21,NO,First ledger beginning is not 0
US6961,29,29,YES,2026-01,29,0,0,29,NO,First ledger beginning is not 0
US6962,31,0,YES,2026-01,0,31,31,31,YES,
US6963,174,174,YES,2026-01,174,0,0,174,NO,First ledger beginning is not 0
US6964,0,77,YES,2026-01,77,-77,0,77,NO,Starting balance is 0 or negative
US6969,116,116,YES,2026-01,116,0,0,116,NO,First ledger beginning is not 0
US697,459,474,YES,2026-02,459,0,0,474,NO,First ledger beginning is not 0
US6970,19,48,YES,2026-01,19,0,0,48,NO,First ledger beginning is not 0
US6972,1321,1321,YES,2026-01,1321,0,0,1321,NO,First ledger beginning is not 0
US6973,61,0,YES,2026-01,0,61,61,61,YES,
US6976,1174,0,YES,2026-01,0,1174,1174,1174,YES,
US6977,0,19,YES,2026-01,0,0,0,19,NO,Starting balance is 0 or negative
US6979,0,226,YES,2026-01,226,-226,0,226,NO,Starting balance is 0 or negative
US6980,0,21,YES,2026-01,21,-21,0,21,NO,Starting balance is 0 or negative
US6982,0,262,YES,2026-01,262,-262,0,262,NO,Starting balance is 0 or negative
US6983,0,216,YES,2026-01,216,-216,0,216,NO,Starting balance is 0 or negative
US6985,215,231,YES,2026-01,215,0,0,231,NO,First ledger beginning is not 0
US6987,194,0,YES,2026-01,0,194,194,194,YES,
US6988,0,71,YES,2026-01,71,-71,0,71,NO,Starting balance is 0 or negative
US6989,0,541,YES,2026-01,521,-521,0,541,NO,Starting balance is 0 or negative
US699,140,140,YES,2026-02,140,0,0,140,NO,First ledger beginning is not 0
US6990,0,0,YES,2026-01,0,0,0,0,NO,Starting balance is 0 or negative
US6992,37,37,YES,2026-01,37,0,0,37,NO,First ledger beginning is not 0
US6993,0,129,YES,2026-01,129,-129,0,129,NO,Starting balance is 0 or negative
US6994,0,29,YES,2026-01,29,-29,0,29,NO,Starting balance is 0 or negative
US6995,354,354,YES,2026-01,354,0,0,354,NO,First ledger beginning is not 0
US6997,0,237,YES,2026-01,237,-237,0,237,NO,Starting balance is 0 or negative
US7000,0,0,NO,,0,0,0,0,NO,Starting balance is 0 or negative
US7001,2,2,YES,2026-01,2,0,0,2,NO,First ledger beginning is not 0
US7003,6,6,YES,2026-01,6,0,0,6,NO,First ledger beginning is not 0
US7004,0,1079,NO,,0,0,0,1079,NO,Starting balance is 0 or negative
US7005,0,630,YES,2026-01,630,-630,0,630,NO,Starting balance is 0 or negative
US7006,6,6,YES,2026-01,6,0,0,6,NO,First ledger beginning is not 0
US7007,0,151,YES,2026-01,134,-134,0,151,NO,Starting balance is 0 or negative
US7009,11,11,YES,2026-01,11,0,0,11,NO,First ledger beginning is not 0
US701,325,325,YES,2026-02,325,0,0,325,NO,First ledger beginning is not 0
US7010,0,328,YES,2026-01,328,-328,0,328,NO,Starting balance is 0 or negative
US7012,72,37,YES,2026-01,0,72,72,109,YES,
US7013,0,107,YES,2026-01,107,-107,0,107,NO,Starting balance is 0 or negative
US7014,101,31,YES,2026-01,0,101,101,132,YES,
US7015,0,141,YES,2026-01,141,-141,0,141,NO,Starting balance is 0 or negative
US7016,249,249,YES,2026-01,249,0,0,249,NO,First ledger beginning is not 0
US7018,51,73,YES,2026-01,51,0,0,73,NO,First ledger beginning is not 0
US702,851,0,YES,2026-02,0,851,851,851,YES,
US7020,27,27,YES,2026-01,27,0,0,27,NO,First ledger beginning is not 0
US7021,5,5,YES,2026-01,5,0,0,5,NO,First ledger beginning is not 0
US7022,254,254,YES,2026-01,254,0,0,254,NO,First ledger beginning is not 0
US7023,57,57,YES,2026-01,57,0,0,57,NO,First ledger beginning is not 0
US7024,0,370,YES,2026-01,370,-370,0,370,NO,Starting balance is 0 or negative
US7025,222,93,YES,2026-01,93,129,0,93,NO,First ledger beginning is not 0
US7026,80,80,YES,2026-01,80,0,0,80,NO,First ledger beginning is not 0
US7027,266,266,YES,2026-01,266,0,0,266,NO,First ledger beginning is not 0
US7028,27,27,YES,2026-01,27,0,0,27,NO,First ledger beginning is not 0
US703,733,801,YES,2026-02,765,-32,0,801,NO,First ledger beginning is not 0
US7030,152,177,YES,2026-01,152,0,0,177,NO,First ledger beginning is not 0
US7031,0,28,YES,2026-01,28,-28,0,28,NO,Starting balance is 0 or negative
US7034,10,10,YES,2026-01,10,0,0,10,NO,First ledger beginning is not 0
US703482,0,,NO,,,,0,,NO,Missing SR customer record
US7035,0,79,YES,2026-01,79,-79,0,79,NO,Starting balance is 0 or negative
US7036,0,694,YES,2026-01,694,-694,0,694,NO,Starting balance is 0 or negative
US7037,0,0,YES,2026-01,0,0,0,0,NO,Starting balance is 0 or negative
US7038,635,635,YES,2026-01,635,0,0,635,NO,First ledger beginning is not 0
US7039,304,304,YES,2026-01,304,0,0,304,NO,First ledger beginning is not 0
US704,2,116,YES,2026-02,0,2,2,118,YES,
US7041,1211,0,YES,2026-01,0,1211,1211,1211,YES,
US7042,11,11,YES,2026-01,11,0,0,11,NO,First ledger beginning is not 0
US7043,0,44,YES,2026-01,9,-9,0,44,NO,Starting balance is 0 or negative
US7044,38,38,YES,2026-01,38,0,0,38,NO,First ledger beginning is not 0
US7045,62,62,YES,2026-01,62,0,0,62,NO,First ledger beginning is not 0
US7046,43,43,YES,2026-01,43,0,0,43,NO,First ledger beginning is not 0
US7047,0,0,YES,2026-01,0,0,0,0,NO,Starting balance is 0 or negative
US7048,0,10,YES,2026-01,10,-10,0,10,NO,Starting balance is 0 or negative
US7049,0,213,YES,2026-01,188,-188,0,213,NO,Starting balance is 0 or negative
US705,1676,1676,YES,2026-02,1676,0,0,1676,NO,First ledger beginning is not 0
US7051,0,134,YES,2026-01,134,-134,0,134,NO,Starting balance is 0 or negative
US7053,217,208,YES,2026-01,0,217,217,425,YES,
US7054,258,274,YES,2026-01,258,0,0,274,NO,First ledger beginning is not 0
US7055,29,0,YES,2026-01,0,29,29,29,YES,
US7056,272,272,YES,2026-01,272,0,0,272,NO,First ledger beginning is not 0
US7057,65,65,YES,2026-01,65,0,0,65,NO,First ledger beginning is not 0
US7058,159,159,YES,2026-01,159,0,0,159,NO,First ledger beginning is not 0
US7059,0,0,YES,2026-01,0,0,0,0,NO,Starting balance is 0 or negative
US706,5748,405,YES,2026-02,0,5748,5748,6153,YES,
US7062,590,24,YES,2026-01,0,590,590,614,YES,
US7064,513,513,YES,2026-01,513,0,0,513,NO,First ledger beginning is not 0
US706436,0,,NO,,,,0,,NO,Missing SR customer record
US7066,0,353,YES,2026-01,353,-353,0,353,NO,Starting balance is 0 or negative
US7069,0,453,YES,2026-01,453,-453,0,453,NO,Starting balance is 0 or negative
US707,173,553,YES,2026-02,497,-324,0,553,NO,First ledger beginning is not 0
US7070,29,29,YES,2026-01,29,0,0,29,NO,First ledger beginning is not 0
US7071,0,80,YES,2026-01,80,-80,0,80,NO,Starting balance is 0 or negative
US7074,53,53,YES,2026-01,53,0,0,53,NO,First ledger beginning is not 0
US7075,12,12,YES,2026-01,12,0,0,12,NO,First ledger beginning is not 0
US7076,12,12,YES,2026-01,12,0,0,12,NO,First ledger beginning is not 0
US7077,336,336,YES,2026-01,336,0,0,336,NO,First ledger beginning is not 0
US708,52,139,YES,2026-02,67,-15,0,139,NO,First ledger beginning is not 0
US7080,718,718,YES,2026-01,718,0,0,718,NO,First ledger beginning is not 0
US7081,8,8,YES,2026-01,8,0,0,8,NO,First ledger beginning is not 0
US7083,15,15,YES,2026-01,15,0,0,15,NO,First ledger beginning is not 0
US7084,0,146,YES,2026-01,146,-146,0,146,NO,Starting balance is 0 or negative
US7086,0,105,YES,2026-01,105,-105,0,105,NO,Starting balance is 0 or negative
US7087,0,30,YES,2026-01,30,-30,0,30,NO,Starting balance is 0 or negative
US7088,0,60,YES,2026-01,60,-60,0,60,NO,Starting balance is 0 or negative
US7089,236,236,YES,2026-01,236,0,0,236,NO,First ledger beginning is not 0
US709,78,16,YES,2026-02,0,78,78,94,YES,
US7091,0,127,YES,2026-01,127,-127,0,127,NO,Starting balance is 0 or negative
US7093,174,174,YES,2026-01,174,0,0,174,NO,First ledger beginning is not 0
US7098,0,22,YES,2026-01,22,-22,0,22,NO,Starting balance is 0 or negative
US710,1,1,YES,2026-02,1,0,0,1,NO,First ledger beginning is not 0
US7102,0,135,YES,2026-01,135,-135,0,135,NO,Starting balance is 0 or negative
US7103,0,56,YES,2026-01,27,-27,0,56,NO,Starting balance is 0 or negative
US7104,0,670,YES,2026-01,648,-648,0,670,NO,Starting balance is 0 or negative
US7105,10,10,YES,2026-01,10,0,0,10,NO,First ledger beginning is not 0
US7106,0,453,YES,2026-01,419,-419,0,453,NO,Starting balance is 0 or negative
US7109,0,124,YES,2026-01,124,-124,0,124,NO,Starting balance is 0 or negative
US7110,0,603,YES,2026-01,603,-603,0,603,NO,Starting balance is 0 or negative
US7111,759,783,YES,2026-01,759,0,0,783,NO,First ledger beginning is not 0
US7112,17,51,YES,2026-01,17,0,0,51,NO,First ledger beginning is not 0
US7113,30,0,YES,2026-01,0,30,30,30,YES,
US7114,978,978,YES,2026-01,978,0,0,978,NO,First ledger beginning is not 0
US7115,209,209,YES,2026-01,209,0,0,209,NO,First ledger beginning is not 0
US7116,0,556,YES,2026-01,556,-556,0,556,NO,Starting balance is 0 or negative
US7117,0,58,YES,2026-01,58,-58,0,58,NO,Starting balance is 0 or negative
US7118,146,146,YES,2026-01,146,0,0,146,NO,First ledger beginning is not 0
US7119,10,37,YES,2026-01,10,0,0,37,NO,First ledger beginning is not 0
US7120,319,319,YES,2026-01,319,0,0,319,NO,First ledger beginning is not 0
US7121,0,214,YES,2026-01,214,-214,0,214,NO,Starting balance is 0 or negative
US7122,17,10,YES,2026-01,0,17,17,27,YES,
US7125,263,302,YES,2026-01,263,0,0,302,NO,First ledger beginning is not 0
US7126,82,101,YES,2026-01,82,0,0,101,NO,First ledger beginning is not 0
US7127,0,999,YES,2026-01,980,-980,0,999,NO,Starting balance is 0 or negative
US713,141,183,YES,2026-02,165,-24,0,183,NO,First ledger beginning is not 0
US7130,137,137,YES,2026-01,137,0,0,137,NO,First ledger beginning is not 0
US7131,116,116,YES,2026-01,116,0,0,116,NO,First ledger beginning is not 0
US7132,0,72,YES,2026-01,72,-72,0,72,NO,Starting balance is 0 or negative
US7133,46,46,YES,2026-01,46,0,0,46,NO,First ledger beginning is not 0
US7135,0,43,YES,2026-01,43,-43,0,43,NO,Starting balance is 0 or negative
US7137,0,59,YES,2026-01,59,-59,0,59,NO,Starting balance is 0 or negative
US7138,31,31,YES,2026-01,31,0,0,31,NO,First ledger beginning is not 0
US7139,0,131,YES,2026-01,131,-131,0,131,NO,Starting balance is 0 or negative
US7140,0,223,YES,2026-01,223,-223,0,223,NO,Starting balance is 0 or negative
US7141,0,0,YES,2026-01,0,0,0,0,NO,Starting balance is 0 or negative
US7142,165,165,YES,2026-01,165,0,0,165,NO,First ledger beginning is not 0
US7145,0,39,YES,2026-01,21,-21,0,39,NO,Starting balance is 0 or negative
US7147,151,151,YES,2026-01,151,0,0,151,NO,First ledger beginning is not 0
US7149,0,11,YES,2026-01,11,-11,0,11,NO,Starting balance is 0 or negative
US7150,19,19,YES,2026-01,19,0,0,19,NO,First ledger beginning is not 0
US7151,27,27,YES,2026-01,27,0,0,27,NO,First ledger beginning is not 0
US7153,9,31,YES,2026-01,9,0,0,31,NO,First ledger beginning is not 0
US7154,0,0,YES,2026-01,0,0,0,0,NO,Starting balance is 0 or negative
US7156,0,70,YES,2026-01,70,-70,0,70,NO,Starting balance is 0 or negative
US7157,14,32,YES,2026-01,0,14,14,46,YES,
US7158,42,42,YES,2026-01,42,0,0,42,NO,First ledger beginning is not 0
US7159,25,25,YES,2026-01,25,0,0,25,NO,First ledger beginning is not 0
US7160,0,97,YES,2026-01,0,0,0,97,NO,Starting balance is 0 or negative
US7161,0,374,YES,2026-01,345,-345,0,374,NO,Starting balance is 0 or negative
US7162,0,196,YES,2026-01,181,-181,0,196,NO,Starting balance is 0 or negative
US7163,60,60,YES,2026-01,60,0,0,60,NO,First ledger beginning is not 0
US7164,0,185,YES,2026-01,185,-185,0,185,NO,Starting balance is 0 or negative
US7165,377,94,YES,2026-01,0,377,377,471,YES,
US7166,0,52,YES,2026-01,52,-52,0,52,NO,Starting balance is 0 or negative
US7168,29,29,YES,2026-01,29,0,0,29,NO,First ledger beginning is not 0
US7169,158,158,YES,2026-01,158,0,0,158,NO,First ledger beginning is not 0
US717,37,37,YES,2026-01,37,0,0,37,NO,First ledger beginning is not 0
US7170,134,134,YES,2026-01,134,0,0,134,NO,First ledger beginning is not 0
US7171,291,0,YES,2026-01,0,291,291,291,YES,
US7173,291,312,YES,2026-01,291,0,0,312,NO,First ledger beginning is not 0
US717347,0,0,NO,,0,0,0,0,NO,Starting balance is 0 or negative
US7174,0,40,YES,2026-01,25,-25,0,40,NO,Starting balance is 0 or negative
US7175,0,97,YES,2026-01,0,0,0,97,NO,Starting balance is 0 or negative
US7176,46,46,YES,2026-01,46,0,0,46,NO,First ledger beginning is not 0
US7177,54,54,YES,2026-01,54,0,0,54,NO,First ledger beginning is not 0
US7178,0,0,YES,2026-01,0,0,0,0,NO,Starting balance is 0 or negative
US7179,557,557,YES,2026-01,557,0,0,557,NO,First ledger beginning is not 0
US7180,136,136,YES,2026-01,136,0,0,136,NO,First ledger beginning is not 0
US7181,23,23,YES,2026-01,23,0,0,23,NO,First ledger beginning is not 0
US7182,107,20,YES,2026-01,0,107,107,127,YES,
US7183,1588,1603,YES,2026-01,1588,0,0,1603,NO,First ledger beginning is not 0
US7185,108,108,YES,2026-01,108,0,0,108,NO,First ledger beginning is not 0
US7186,2,2,YES,2026-01,2,0,0,2,NO,First ledger beginning is not 0
US7187,153,153,YES,2026-01,153,0,0,153,NO,First ledger beginning is not 0
US7188,0,22,YES,2026-01,22,-22,0,22,NO,Starting balance is 0 or negative
US7189,60,60,YES,2026-01,60,0,0,60,NO,First ledger beginning is not 0
US719,33,33,YES,2026-01,33,0,0,33,NO,First ledger beginning is not 0
US7191,0,138,YES,2026-01,138,-138,0,138,NO,Starting balance is 0 or negative
US7192,26,26,YES,2026-01,26,0,0,26,NO,First ledger beginning is not 0
US7193,0,111,YES,2026-01,111,-111,0,111,NO,Starting balance is 0 or negative
US7194,0,149,YES,2026-01,149,-149,0,149,NO,Starting balance is 0 or negative
US7195,358,358,YES,2026-01,358,0,0,358,NO,First ledger beginning is not 0
US7196,0,0,YES,2026-01,0,0,0,0,NO,Starting balance is 0 or negative
US7198,100,100,YES,2026-01,100,0,0,100,NO,First ledger beginning is not 0
US7199,263,263,YES,2026-01,263,0,0,263,NO,First ledger beginning is not 0
US7200,0,84,YES,2026-01,84,-84,0,84,NO,Starting balance is 0 or negative
US7202,217,9,YES,2026-01,9,208,0,9,NO,First ledger beginning is not 0
US7203,11,11,YES,2026-01,11,0,0,11,NO,First ledger beginning is not 0
US7204,333,128,YES,2026-01,0,333,333,461,YES,
US7205,0,11,YES,2026-01,11,-11,0,11,NO,Starting balance is 0 or negative
US7206,20,20,YES,2026-01,20,0,0,20,NO,First ledger beginning is not 0
US7207,0,986,YES,2026-01,986,-986,0,986,NO,Starting balance is 0 or negative
US7208,0,0,YES,2026-01,0,0,0,0,NO,Starting balance is 0 or negative
US7209,0,26,YES,2026-01,26,-26,0,26,NO,Starting balance is 0 or negative
US7210,785,0,YES,2026-01,0,785,785,785,YES,
US7211,0,557,YES,2026-01,541,-541,0,557,NO,Starting balance is 0 or negative
US7212,10,10,YES,2026-01,10,0,0,10,NO,First ledger beginning is not 0
US7213,1897,0,YES,2026-01,0,1897,1897,1897,YES,
US7217,42,42,YES,2026-01,42,0,0,42,NO,First ledger beginning is not 0
US7218,0,0,YES,2026-01,0,0,0,0,NO,Starting balance is 0 or negative
US7219,0,95,YES,2026-01,95,-95,0,95,NO,Starting balance is 0 or negative
US7223,91,91,YES,2026-01,91,0,0,91,NO,First ledger beginning is not 0
US7224,0,597,YES,2026-01,597,-597,0,597,NO,Starting balance is 0 or negative
US7225,12,0,YES,2026-01,0,12,12,12,YES,
US7226,0,320,YES,2026-01,10,-10,0,320,NO,Starting balance is 0 or negative
US7227,0,155,YES,2026-01,155,-155,0,155,NO,Starting balance is 0 or negative
US7229,0,285,YES,2026-01,285,-285,0,285,NO,Starting balance is 0 or negative
US7232,14,29,YES,2026-01,14,0,0,29,NO,First ledger beginning is not 0
US7234,0,0,YES,2026-01,0,0,0,0,NO,Starting balance is 0 or negative
US7235,520,520,YES,2026-01,520,0,0,520,NO,First ledger beginning is not 0
US7236,75,75,YES,2026-01,75,0,0,75,NO,First ledger beginning is not 0
US7237,0,11,YES,2026-01,11,-11,0,11,NO,Starting balance is 0 or negative
US7239,882,21,YES,2026-01,0,882,882,903,YES,
US724,812,831,YES,2026-01,812,0,0,831,NO,First ledger beginning is not 0
US7240,26,0,YES,2026-01,0,26,26,26,YES,
US7241,40,40,YES,2026-01,40,0,0,40,NO,First ledger beginning is not 0
US7242,522,522,YES,2026-01,522,0,0,522,NO,First ledger beginning is not 0
US7243,470,470,YES,2026-01,470,0,0,470,NO,First ledger beginning is not 0
US7245,131,131,YES,2026-01,131,0,0,131,NO,First ledger beginning is not 0
US7246,79,79,YES,2026-01,79,0,0,79,NO,First ledger beginning is not 0
US7247,313,313,YES,2026-01,313,0,0,313,NO,First ledger beginning is not 0
US7248,2375,0,YES,2026-01,0,2375,2375,2375,YES,
US7249,905,38,YES,2026-01,0,905,905,943,YES,
US725,110,110,YES,2026-01,110,0,0,110,NO,First ledger beginning is not 0
US7250,379,379,YES,2026-01,379,0,0,379,NO,First ledger beginning is not 0
US7251,466,228,YES,2026-01,0,466,466,694,YES,
US7252,0,137,YES,2026-01,137,-137,0,137,NO,Starting balance is 0 or negative
US7253,848,848,YES,2026-01,848,0,0,848,NO,First ledger beginning is not 0
US7254,24,24,YES,2026-01,24,0,0,24,NO,First ledger beginning is not 0
US7255,85,85,YES,2026-01,85,0,0,85,NO,First ledger beginning is not 0
US7256,456,0,YES,2026-01,0,456,456,456,YES,
US7257,839,839,YES,2026-01,839,0,0,839,NO,First ledger beginning is not 0
US7258,0,485,YES,2026-01,485,-485,0,485,NO,Starting balance is 0 or negative
US7259,247,247,YES,2026-01,247,0,0,247,NO,First ledger beginning is not 0
US7260,6457,40,YES,2026-01,0,6457,6457,6497,YES,
US7261,27,27,YES,2026-01,27,0,0,27,NO,First ledger beginning is not 0
US7262,0,325,YES,2026-01,297,-297,0,325,NO,Starting balance is 0 or negative
US7263,0,326,YES,2026-01,326,-326,0,326,NO,Starting balance is 0 or negative
US7264,0,37,YES,2026-01,0,0,0,37,NO,Starting balance is 0 or negative
US7265,153,153,YES,2026-01,153,0,0,153,NO,First ledger beginning is not 0
US7266,86,86,YES,2026-01,86,0,0,86,NO,First ledger beginning is not 0
US7267,0,797,YES,2026-01,776,-776,0,797,NO,Starting balance is 0 or negative
US7269,0,330,YES,2026-01,330,-330,0,330,NO,Starting balance is 0 or negative
US7270,164,0,YES,2026-01,0,164,164,164,YES,
US7271,248,248,YES,2026-01,248,0,0,248,NO,First ledger beginning is not 0
US7272,0,694,YES,2026-01,694,-694,0,694,NO,Starting balance is 0 or negative
US7273,0,354,YES,2026-01,321,-321,0,354,NO,Starting balance is 0 or negative
US7274,59,59,YES,2026-01,59,0,0,59,NO,First ledger beginning is not 0
US7275,0,157,YES,2026-01,27,-27,0,157,NO,Starting balance is 0 or negative
US7276,0,3654,YES,2026-01,3630,-3630,0,3654,NO,Starting balance is 0 or negative
US7277,32,82,YES,2026-01,0,32,32,114,YES,
US7279,0,36,YES,2026-01,0,0,0,36,NO,Starting balance is 0 or negative
US728,276,276,YES,2026-01,276,0,0,276,NO,First ledger beginning is not 0
US7280,307,307,YES,2026-01,307,0,0,307,NO,First ledger beginning is not 0
US7281,455,455,YES,2026-01,455,0,0,455,NO,First ledger beginning is not 0
US7283,0,571,YES,2026-01,571,-571,0,571,NO,Starting balance is 0 or negative
US7284,0,296,YES,2026-01,296,-296,0,296,NO,Starting balance is 0 or negative
US7285,244,244,YES,2026-01,244,0,0,244,NO,First ledger beginning is not 0
US7286,31,31,YES,2026-01,31,0,0,31,NO,First ledger beginning is not 0
US7288,125,125,YES,2026-01,125,0,0,125,NO,First ledger beginning is not 0
US7289,560,0,YES,2026-01,0,560,560,560,YES,
US7290,595,595,YES,2026-01,595,0,0,595,NO,First ledger beginning is not 0
US7291,1161,1193,YES,2026-01,1161,0,0,1193,NO,First ledger beginning is not 0
US7292,4286,27,YES,2026-01,0,4286,4286,4313,YES,
US7293,0,108,YES,2026-01,108,-108,0,108,NO,Starting balance is 0 or negative
US7294,313,313,YES,2026-01,313,0,0,313,NO,First ledger beginning is not 0
US7296,382,0,YES,2026-01,0,382,382,382,YES,
US7297,49,49,YES,2026-01,49,0,0,49,NO,First ledger beginning is not 0
US7298,59,103,YES,2026-01,0,59,59,162,YES,
US7299,1240,1240,YES,2026-01,1240,0,0,1240,NO,First ledger beginning is not 0
US7300,0,188,YES,2026-01,188,-188,0,188,NO,Starting balance is 0 or negative
US7301,51,51,YES,2026-01,51,0,0,51,NO,First ledger beginning is not 0
US7302,251,251,YES,2026-01,251,0,0,251,NO,First ledger beginning is not 0
US7303,333,333,YES,2026-01,333,0,0,333,NO,First ledger beginning is not 0
US7304,153,169,YES,2026-01,153,0,0,169,NO,First ledger beginning is not 0
US7305,0,37,YES,2026-01,37,-37,0,37,NO,Starting balance is 0 or negative
US7306,209,209,YES,2026-01,209,0,0,209,NO,First ledger beginning is not 0
US7307,445,0,YES,2026-01,0,445,445,445,YES,
US7308,2713,2713,YES,2026-01,2713,0,0,2713,NO,First ledger beginning is not 0
US7309,315,315,YES,2026-01,315,0,0,315,NO,First ledger beginning is not 0
US7310,0,181,YES,2026-01,181,-181,0,181,NO,Starting balance is 0 or negative
US7311,0,1733,YES,2026-01,1715,-1715,0,1733,NO,Starting balance is 0 or negative
US7312,168,168,YES,2026-01,168,0,0,168,NO,First ledger beginning is not 0
US7313,445,445,YES,2026-01,445,0,0,445,NO,First ledger beginning is not 0
US7314,0,1592,YES,2026-01,1592,-1592,0,1592,NO,Starting balance is 0 or negative
US7315,90,90,YES,2026-01,90,0,0,90,NO,First ledger beginning is not 0
US7316,2132,33,YES,2026-01,0,2132,2132,2165,YES,
US7317,127,127,YES,2026-01,127,0,0,127,NO,First ledger beginning is not 0
US7319,152,186,YES,2026-01,152,0,0,186,NO,First ledger beginning is not 0
US732,3101,25,YES,2026-01,0,3101,3101,3126,YES,
US7320,93,110,YES,2026-01,93,0,0,110,NO,First ledger beginning is not 0
US7321,363,363,YES,2026-01,363,0,0,363,NO,First ledger beginning is not 0
US7322,0,36,YES,2026-01,36,-36,0,36,NO,Starting balance is 0 or negative
US7324,467,467,YES,2026-01,467,0,0,467,NO,First ledger beginning is not 0
US7325,0,890,YES,2026-01,875,-875,0,890,NO,Starting balance is 0 or negative
US7327,219,219,YES,2026-01,219,0,0,219,NO,First ledger beginning is not 0
US7328,22,22,YES,2026-01,22,0,0,22,NO,First ledger beginning is not 0
US7329,97,0,YES,2026-01,0,97,97,97,YES,
US7330,13,0,YES,2026-01,0,13,13,13,YES,
US7331,314,314,YES,2026-01,314,0,0,314,NO,First ledger beginning is not 0
US7332,439,439,YES,2026-01,439,0,0,439,NO,First ledger beginning is not 0
US7333,1010,1010,YES,2026-01,1010,0,0,1010,NO,First ledger beginning is not 0
US7334,1641,1676,YES,2026-01,1641,0,0,1676,NO,First ledger beginning is not 0
US7335,0,25,YES,2026-01,25,-25,0,25,NO,Starting balance is 0 or negative
US7336,98,98,YES,2026-01,98,0,0,98,NO,First ledger beginning is not 0
US7337,449,449,YES,2026-01,449,0,0,449,NO,First ledger beginning is not 0
US7340,790,790,YES,2026-01,790,0,0,790,NO,First ledger beginning is not 0
US7341,0,151,YES,2026-01,151,-151,0,151,NO,Starting balance is 0 or negative
US7342,2000,2021,YES,2026-01,2000,0,0,2021,NO,First ledger beginning is not 0
US7343,213,213,YES,2026-01,213,0,0,213,NO,First ledger beginning is not 0
US7344,91,91,YES,2026-01,91,0,0,91,NO,First ledger beginning is not 0
US7345,325,325,YES,2026-01,325,0,0,325,NO,First ledger beginning is not 0
US7346,38,38,YES,2026-01,38,0,0,38,NO,First ledger beginning is not 0
US7347,0,183,YES,2026-01,183,-183,0,183,NO,Starting balance is 0 or negative
US7348,66,66,YES,2026-01,66,0,0,66,NO,First ledger beginning is not 0
US7349,2009,2009,YES,2026-01,2009,0,0,2009,NO,First ledger beginning is not 0
US7350,548,565,YES,2026-01,548,0,0,565,NO,First ledger beginning is not 0
US7351,0,798,YES,2026-01,798,-798,0,798,NO,Starting balance is 0 or negative
US7352,66,66,YES,2026-01,66,0,0,66,NO,First ledger beginning is not 0
US7353,24,24,YES,2026-01,24,0,0,24,NO,First ledger beginning is not 0
US7354,0,393,YES,2026-01,393,-393,0,393,NO,Starting balance is 0 or negative
US7355,88,88,YES,2026-01,88,0,0,88,NO,First ledger beginning is not 0
US7356,409,409,YES,2026-01,409,0,0,409,NO,First ledger beginning is not 0
US7357,0,791,YES,2026-01,791,-791,0,791,NO,Starting balance is 0 or negative
US7358,1,1,YES,2026-01,1,0,0,1,NO,First ledger beginning is not 0
US7359,131,131,YES,2026-01,131,0,0,131,NO,First ledger beginning is not 0
US7361,17,17,YES,2026-01,17,0,0,17,NO,First ledger beginning is not 0
US7362,355,355,YES,2026-01,355,0,0,355,NO,First ledger beginning is not 0
US7364,85,85,YES,2026-01,85,0,0,85,NO,First ledger beginning is not 0
US7366,149,149,YES,2026-01,149,0,0,149,NO,First ledger beginning is not 0
US7367,0,121,YES,2026-01,121,-121,0,121,NO,Starting balance is 0 or negative
US7368,890,890,YES,2026-01,890,0,0,890,NO,First ledger beginning is not 0
US7369,23,23,YES,2026-01,23,0,0,23,NO,First ledger beginning is not 0
US737,1465,1491,YES,2026-01,1491,-26,0,1491,NO,First ledger beginning is not 0
US7370,282,282,YES,2026-01,282,0,0,282,NO,First ledger beginning is not 0
US7371,242,242,YES,2026-01,242,0,0,242,NO,First ledger beginning is not 0
US7373,0,355,YES,2026-01,355,-355,0,355,NO,Starting balance is 0 or negative
US7374,0,3664,YES,2026-01,3648,-3648,0,3664,NO,Starting balance is 0 or negative
US7375,1758,1758,YES,2026-01,1758,0,0,1758,NO,First ledger beginning is not 0
US7376,1693,0,YES,2026-01,0,1693,1693,1693,YES,
US7377,0,189,YES,2026-01,189,-189,0,189,NO,Starting balance is 0 or negative
US7379,0,948,YES,2026-01,909,-909,0,948,NO,Starting balance is 0 or negative
US7380,45,45,YES,2026-01,45,0,0,45,NO,First ledger beginning is not 0
US7381,285,285,YES,2026-01,285,0,0,285,NO,First ledger beginning is not 0
US7382,150,150,YES,2026-01,150,0,0,150,NO,First ledger beginning is not 0
US738301,0,25,YES,2026-03,0,0,0,25,NO,Starting balance is 0 or negative
US7384,0,188,YES,2026-01,188,-188,0,188,NO,Starting balance is 0 or negative
US7386,770,770,YES,2026-01,770,0,0,770,NO,First ledger beginning is not 0
US7387,0,76,YES,2026-01,76,-76,0,76,NO,Starting balance is 0 or negative
US7389,18,18,YES,2026-01,18,0,0,18,NO,First ledger beginning is not 0
US7390,186,186,YES,2026-01,186,0,0,186,NO,First ledger beginning is not 0
US7392,0,479,YES,2026-01,479,-479,0,479,NO,Starting balance is 0 or negative
US7393,0,132,YES,2026-01,132,-132,0,132,NO,Starting balance is 0 or negative
US7394,0,516,YES,2026-01,516,-516,0,516,NO,Starting balance is 0 or negative
US7395,0,233,YES,2026-01,233,-233,0,233,NO,Starting balance is 0 or negative
US7396,116,116,YES,2026-01,116,0,0,116,NO,First ledger beginning is not 0
US7397,3755,132,YES,2026-01,0,3755,3755,3887,YES,
US7398,0,177,YES,2026-01,177,-177,0,177,NO,Starting balance is 0 or negative
US740,747,767,YES,2026-01,747,0,0,767,NO,First ledger beginning is not 0
US7400,440,440,YES,2026-01,440,0,0,440,NO,First ledger beginning is not 0
US7401,378,378,YES,2026-01,378,0,0,378,NO,First ledger beginning is not 0
US7402,0,358,YES,2026-01,358,-358,0,358,NO,Starting balance is 0 or negative
US7403,1786,1786,YES,2026-01,1786,0,0,1786,NO,First ledger beginning is not 0
US7404,0,1133,YES,2026-01,1133,-1133,0,1133,NO,Starting balance is 0 or negative
US7405,95,95,YES,2026-01,95,0,0,95,NO,First ledger beginning is not 0
US7406,211,211,YES,2026-01,211,0,0,211,NO,First ledger beginning is not 0
US7407,0,441,YES,2026-01,441,-441,0,441,NO,Starting balance is 0 or negative
US7408,212,212,YES,2026-01,212,0,0,212,NO,First ledger beginning is not 0
US7409,174,174,YES,2026-01,174,0,0,174,NO,First ledger beginning is not 0
US7410,0,62,YES,2026-01,62,-62,0,62,NO,Starting balance is 0 or negative
US7412,0,2612,YES,2026-01,2612,-2612,0,2612,NO,Starting balance is 0 or negative
US7413,146,146,YES,2026-01,146,0,0,146,NO,First ledger beginning is not 0
US7414,0,954,YES,2026-01,954,-954,0,954,NO,Starting balance is 0 or negative
US7415,284,284,YES,2026-01,284,0,0,284,NO,First ledger beginning is not 0
US7416,12,12,YES,2026-01,12,0,0,12,NO,First ledger beginning is not 0
US7417,0,1451,YES,2026-01,1451,-1451,0,1451,NO,Starting balance is 0 or negative
US7418,0,94,YES,2026-01,94,-94,0,94,NO,Starting balance is 0 or negative
US7419,0,61,YES,2026-01,61,-61,0,61,NO,Starting balance is 0 or negative
US742,50,50,YES,2026-01,50,0,0,50,NO,First ledger beginning is not 0
US7420,0,221,YES,2026-01,221,-221,0,221,NO,Starting balance is 0 or negative
US7421,1501,1594,YES,2026-01,1501,0,0,1594,NO,First ledger beginning is not 0
US7422,218,247,YES,2026-01,218,0,0,247,NO,First ledger beginning is not 0
US7423,34,0,YES,2026-01,0,34,34,34,YES,
US7424,17,17,YES,2026-01,17,0,0,17,NO,First ledger beginning is not 0
US7425,0,85,YES,2026-01,85,-85,0,85,NO,Starting balance is 0 or negative
US7426,326,326,YES,2026-01,326,0,0,326,NO,First ledger beginning is not 0
US7427,25,25,YES,2026-01,25,0,0,25,NO,First ledger beginning is not 0
US7429,0,220,YES,2026-01,220,-220,0,220,NO,Starting balance is 0 or negative
US743,9,26,YES,2026-01,26,-17,0,26,NO,First ledger beginning is not 0
US7430,340,340,YES,2026-01,340,0,0,340,NO,First ledger beginning is not 0
US7431,353,353,YES,2026-01,353,0,0,353,NO,First ledger beginning is not 0
US7432,0,728,YES,2026-01,728,-728,0,728,NO,Starting balance is 0 or negative
US7435,8048,116,YES,2026-01,0,8048,8048,8164,YES,
US7436,1451,1451,YES,2026-01,1451,0,0,1451,NO,First ledger beginning is not 0
US7437,0,4,YES,2026-01,4,-4,0,4,NO,Starting balance is 0 or negative
US7438,0,19,YES,2026-01,19,-19,0,19,NO,Starting balance is 0 or negative
US7439,124,124,YES,2026-01,124,0,0,124,NO,First ledger beginning is not 0
US7441,13,13,YES,2026-01,13,0,0,13,NO,First ledger beginning is not 0
US7442,0,401,YES,2026-01,401,-401,0,401,NO,Starting balance is 0 or negative
US7444,0,211,YES,2026-01,211,-211,0,211,NO,Starting balance is 0 or negative
US7445,0,177,YES,2026-01,177,-177,0,177,NO,Starting balance is 0 or negative
US7446,0,106,YES,2026-01,77,-77,0,106,NO,Starting balance is 0 or negative
US7447,21,21,YES,2026-01,21,0,0,21,NO,First ledger beginning is not 0
US7448,203,203,YES,2026-01,203,0,0,203,NO,First ledger beginning is not 0
US7450,30,30,YES,2026-01,30,0,0,30,NO,First ledger beginning is not 0
US7451,463,463,YES,2026-01,463,0,0,463,NO,First ledger beginning is not 0
US7452,3,3,YES,2026-01,3,0,0,3,NO,First ledger beginning is not 0
US7453,89,89,YES,2026-01,89,0,0,89,NO,First ledger beginning is not 0
US7454,15,15,YES,2026-01,15,0,0,15,NO,First ledger beginning is not 0
US7455,35,35,YES,2026-01,35,0,0,35,NO,First ledger beginning is not 0
US7456,0,188,YES,2026-01,154,-154,0,188,NO,Starting balance is 0 or negative
US7457,0,1,YES,2026-01,1,-1,0,1,NO,Starting balance is 0 or negative
US7458,45,45,YES,2026-01,45,0,0,45,NO,First ledger beginning is not 0
US7459,0,81,YES,2026-01,81,-81,0,81,NO,Starting balance is 0 or negative
US746,50,50,YES,2026-01,50,0,0,50,NO,First ledger beginning is not 0
US7460,0,245,YES,2026-01,245,-245,0,245,NO,Starting balance is 0 or negative
US7461,442,442,YES,2026-01,442,0,0,442,NO,First ledger beginning is not 0
US7462,164,164,YES,2026-01,164,0,0,164,NO,First ledger beginning is not 0
US7463,313,313,YES,2026-01,313,0,0,313,NO,First ledger beginning is not 0
US7464,12,12,YES,2026-01,12,0,0,12,NO,First ledger beginning is not 0
US7465,1089,1128,YES,2026-01,1089,0,0,1128,NO,First ledger beginning is not 0
US7466,0,1278,YES,2026-01,1278,-1278,0,1278,NO,Starting balance is 0 or negative
US7467,880,29,YES,2026-01,0,880,880,909,YES,
US7468,18,43,YES,2026-01,18,0,0,43,NO,First ledger beginning is not 0
US7469,0,68,YES,2026-01,68,-68,0,68,NO,Starting balance is 0 or negative
US747,11,17,YES,2026-01,0,11,11,28,YES,
US7471,148,148,YES,2026-01,148,0,0,148,NO,First ledger beginning is not 0
US7472,0,9,YES,2026-01,9,-9,0,9,NO,Starting balance is 0 or negative
US7473,0,2462,YES,2026-01,2462,-2462,0,2462,NO,Starting balance is 0 or negative
US7474,947,947,YES,2026-01,947,0,0,947,NO,First ledger beginning is not 0
US7475,15,15,YES,2026-01,15,0,0,15,NO,First ledger beginning is not 0
US7476,560,560,YES,2026-01,560,0,0,560,NO,First ledger beginning is not 0
US7478,403,403,YES,2026-01,403,0,0,403,NO,First ledger beginning is not 0
US7479,0,74,YES,2026-01,74,-74,0,74,NO,Starting balance is 0 or negative
US7480,894,910,YES,2026-01,894,0,0,910,NO,First ledger beginning is not 0
US7481,0,247,YES,2026-01,247,-247,0,247,NO,Starting balance is 0 or negative
US7482,107,107,YES,2026-01,107,0,0,107,NO,First ledger beginning is not 0
US7483,157,157,YES,2026-01,157,0,0,157,NO,First ledger beginning is not 0
US7484,208,208,YES,2026-01,208,0,0,208,NO,First ledger beginning is not 0
US7489,1884,1884,YES,2026-01,1884,0,0,1884,NO,First ledger beginning is not 0
US749,379,379,YES,2026-01,379,0,0,379,NO,First ledger beginning is not 0
US7490,236,236,YES,2026-01,236,0,0,236,NO,First ledger beginning is not 0
US7491,0,442,YES,2026-01,442,-442,0,442,NO,Starting balance is 0 or negative
US749115,0,0,YES,2026-03,0,0,0,0,NO,Starting balance is 0 or negative
US7492,373,373,YES,2026-01,373,0,0,373,NO,First ledger beginning is not 0
US749268,0,1547,YES,2026-03,1529,-1529,0,1547,NO,Starting balance is 0 or negative
US7493,0,19,YES,2026-01,19,-19,0,19,NO,Starting balance is 0 or negative
US7494,16,950,YES,2026-01,0,16,16,966,YES,
US7495,10,10,YES,2026-01,10,0,0,10,NO,First ledger beginning is not 0
US7497,0,35,YES,2026-01,35,-35,0,35,NO,Starting balance is 0 or negative
US7498,281,281,YES,2026-01,281,0,0,281,NO,First ledger beginning is not 0
US7499,45,45,YES,2026-01,45,0,0,45,NO,First ledger beginning is not 0
US7500,0,586,YES,2026-01,586,-586,0,586,NO,Starting balance is 0 or negative
US7501,0,91,YES,2026-01,91,-91,0,91,NO,Starting balance is 0 or negative
US7502,0,43,YES,2026-01,43,-43,0,43,NO,Starting balance is 0 or negative
US7503,38,38,YES,2026-01,38,0,0,38,NO,First ledger beginning is not 0
US7504,479,479,YES,2026-01,479,0,0,479,NO,First ledger beginning is not 0
US7505,0,48,YES,2026-01,48,-48,0,48,NO,Starting balance is 0 or negative
US7507,0,338,YES,2026-01,338,-338,0,338,NO,Starting balance is 0 or negative
US7508,0,94,YES,2026-01,94,-94,0,94,NO,Starting balance is 0 or negative
US7509,10,10,YES,2026-01,10,0,0,10,NO,First ledger beginning is not 0
US751,84,84,YES,2026-01,84,0,0,84,NO,First ledger beginning is not 0
US7510,1478,0,YES,2026-01,0,1478,1478,1478,YES,
US7511,241,241,YES,2026-01,241,0,0,241,NO,First ledger beginning is not 0
US7512,0,567,YES,2026-01,533,-533,0,567,NO,Starting balance is 0 or negative
US7513,0,103,YES,2026-01,103,-103,0,103,NO,Starting balance is 0 or negative
US7514,27,27,YES,2026-01,27,0,0,27,NO,First ledger beginning is not 0
US7515,252,0,YES,2026-01,0,252,252,252,YES,
US7517,0,1,YES,2026-01,1,-1,0,1,NO,Starting balance is 0 or negative
US7518,15,15,YES,2026-01,15,0,0,15,NO,First ledger beginning is not 0
US7519,0,346,YES,2026-01,314,-314,0,346,NO,Starting balance is 0 or negative
US752,378,378,YES,2026-01,378,0,0,378,NO,First ledger beginning is not 0
US7520,3,3,YES,2026-01,3,0,0,3,NO,First ledger beginning is not 0
US7521,33,62,YES,2026-01,33,0,0,62,NO,First ledger beginning is not 0
US7522,719,719,YES,2026-01,719,0,0,719,NO,First ledger beginning is not 0
US7523,77,77,YES,2026-01,0,77,77,154,YES,
US7524,334,334,YES,2026-01,334,0,0,334,NO,First ledger beginning is not 0
US7525,81,0,YES,2026-01,0,81,81,81,YES,
US7526,315,315,YES,2026-01,315,0,0,315,NO,First ledger beginning is not 0
US7527,274,302,YES,2026-01,274,0,0,302,NO,First ledger beginning is not 0
US7528,181,181,YES,2026-01,181,0,0,181,NO,First ledger beginning is not 0
US753,395,395,YES,2026-01,395,0,0,395,NO,First ledger beginning is not 0
US7530,242,242,YES,2026-01,242,0,0,242,NO,First ledger beginning is not 0
US7531,193,193,YES,2026-01,193,0,0,193,NO,First ledger beginning is not 0
US7532,0,4932,YES,2026-01,4932,-4932,0,4932,NO,Starting balance is 0 or negative
US7533,841,19,YES,2026-01,0,841,841,860,YES,
US7534,58,87,YES,2026-01,58,0,0,87,NO,First ledger beginning is not 0
US7535,152,152,YES,2026-01,152,0,0,152,NO,First ledger beginning is not 0
US7536,2665,2665,YES,2026-01,2665,0,0,2665,NO,First ledger beginning is not 0
US7537,662,662,YES,2026-01,662,0,0,662,NO,First ledger beginning is not 0
US7538,0,1260,YES,2026-01,1260,-1260,0,1260,NO,Starting balance is 0 or negative
US7539,944,944,YES,2026-01,944,0,0,944,NO,First ledger beginning is not 0
US754,30,30,YES,2026-01,30,0,0,30,NO,First ledger beginning is not 0
US7541,0,33,YES,2026-01,0,0,0,33,NO,Starting balance is 0 or negative
US7542,81,81,YES,2026-01,81,0,0,81,NO,First ledger beginning is not 0
US754255,0,0,NO,,0,0,0,0,NO,Starting balance is 0 or negative
US7543,0,145,YES,2026-01,145,-145,0,145,NO,Starting balance is 0 or negative
US7544,0,2013,YES,2026-01,2013,-2013,0,2013,NO,Starting balance is 0 or negative
US7545,0,250,YES,2026-01,250,-250,0,250,NO,Starting balance is 0 or negative
US7546,96,114,YES,2026-01,96,0,0,114,NO,First ledger beginning is not 0
US7547,77,77,YES,2026-01,77,0,0,77,NO,First ledger beginning is not 0
US7548,0,78,YES,2026-01,78,-78,0,78,NO,Starting balance is 0 or negative
US7549,636,636,YES,2026-01,636,0,0,636,NO,First ledger beginning is not 0
US755,14,37,YES,2026-01,20,-6,0,37,NO,First ledger beginning is not 0
US7550,187,187,YES,2026-01,187,0,0,187,NO,First ledger beginning is not 0
US7551,0,96,YES,2026-01,67,-67,0,96,NO,Starting balance is 0 or negative
US7552,43,43,YES,2026-01,43,0,0,43,NO,First ledger beginning is not 0
US7553,0,1,YES,2026-01,1,-1,0,1,NO,Starting balance is 0 or negative
US7554,146,174,YES,2026-01,146,0,0,174,NO,First ledger beginning is not 0
US7555,0,490,YES,2026-01,490,-490,0,490,NO,Starting balance is 0 or negative
US7556,0,26,YES,2026-01,8,-8,0,26,NO,Starting balance is 0 or negative
US7558,0,230,YES,2026-01,230,-230,0,230,NO,Starting balance is 0 or negative
US7559,0,83,YES,2026-01,83,-83,0,83,NO,Starting balance is 0 or negative
US7560,0,1053,YES,2026-01,1053,-1053,0,1053,NO,Starting balance is 0 or negative
US7561,118,118,YES,2026-01,118,0,0,118,NO,First ledger beginning is not 0
US7562,191,191,YES,2026-01,191,0,0,191,NO,First ledger beginning is not 0
US7563,0,0,YES,2026-01,0,0,0,0,NO,Starting balance is 0 or negative
US7564,0,50,YES,2026-01,50,-50,0,50,NO,Starting balance is 0 or negative
US7565,61,61,YES,2026-01,61,0,0,61,NO,First ledger beginning is not 0
US7566,210,210,YES,2026-01,210,0,0,210,NO,First ledger beginning is not 0
US7568,0,723,YES,2026-01,689,-689,0,723,NO,Starting balance is 0 or negative
US7569,0,285,YES,2026-01,262,-262,0,285,NO,Starting balance is 0 or negative
US757,1390,1390,YES,2026-01,1390,0,0,1390,NO,First ledger beginning is not 0
US7570,53,53,YES,2026-01,53,0,0,53,NO,First ledger beginning is not 0
US7571,236,236,YES,2026-01,236,0,0,236,NO,First ledger beginning is not 0
US7572,0,1324,YES,2026-01,1324,-1324,0,1324,NO,Starting balance is 0 or negative
US7573,0,125,YES,2026-01,125,-125,0,125,NO,Starting balance is 0 or negative
US7574,0,215,YES,2026-01,215,-215,0,215,NO,Starting balance is 0 or negative
US7575,532,532,YES,2026-01,532,0,0,532,NO,First ledger beginning is not 0
US7577,0,700,YES,2026-01,700,-700,0,700,NO,Starting balance is 0 or negative
US7578,0,69,YES,2026-01,69,-69,0,69,NO,Starting balance is 0 or negative
US7579,0,162,YES,2026-01,162,-162,0,162,NO,Starting balance is 0 or negative
US758,99,99,YES,2026-01,99,0,0,99,NO,First ledger beginning is not 0
US7580,133,133,YES,2026-01,133,0,0,133,NO,First ledger beginning is not 0
US7582,0,133,YES,2026-01,133,-133,0,133,NO,Starting balance is 0 or negative
US7583,536,552,YES,2026-01,536,0,0,552,NO,First ledger beginning is not 0
US7585,0,41,YES,2026-01,41,-41,0,41,NO,Starting balance is 0 or negative
US7586,0,94,YES,2026-01,94,-94,0,94,NO,Starting balance is 0 or negative
US7589,0,544,YES,2026-01,544,-544,0,544,NO,Starting balance is 0 or negative
US759,179,179,YES,2026-01,179,0,0,179,NO,First ledger beginning is not 0
US7590,233,233,YES,2026-01,233,0,0,233,NO,First ledger beginning is not 0
US7591,0,228,YES,2026-01,228,-228,0,228,NO,Starting balance is 0 or negative
US7593,0,300,YES,2026-01,300,-300,0,300,NO,Starting balance is 0 or negative
US7594,99,99,YES,2026-01,99,0,0,99,NO,First ledger beginning is not 0
US7595,0,40,YES,2026-01,40,-40,0,40,NO,Starting balance is 0 or negative
US7596,186,186,YES,2026-01,186,0,0,186,NO,First ledger beginning is not 0
US7597,149,149,YES,2026-01,149,0,0,149,NO,First ledger beginning is not 0
US7598,0,207,YES,2026-01,207,-207,0,207,NO,Starting balance is 0 or negative
US7599,0,74,YES,2026-01,74,-74,0,74,NO,Starting balance is 0 or negative
US7600,0,1057,YES,2026-01,1057,-1057,0,1057,NO,Starting balance is 0 or negative
US7601,0,524,YES,2026-01,524,-524,0,524,NO,Starting balance is 0 or negative
US7602,0,0,YES,2026-01,0,0,0,0,NO,Starting balance is 0 or negative
US7603,0,112,YES,2026-01,112,-112,0,112,NO,Starting balance is 0 or negative
US7604,0,109,YES,2026-01,109,-109,0,109,NO,Starting balance is 0 or negative
US7605,0,1123,YES,2026-01,1123,-1123,0,1123,NO,Starting balance is 0 or negative
US7606,1089,1089,YES,2026-01,1089,0,0,1089,NO,First ledger beginning is not 0
US7607,191,191,YES,2026-01,191,0,0,191,NO,First ledger beginning is not 0
US7608,0,25,YES,2026-01,25,-25,0,25,NO,Starting balance is 0 or negative
US7609,280,280,YES,2026-01,280,0,0,280,NO,First ledger beginning is not 0
US7610,0,892,YES,2026-01,892,-892,0,892,NO,Starting balance is 0 or negative
US7611,3,3,YES,2026-01,3,0,0,3,NO,First ledger beginning is not 0
US7613,0,118,YES,2026-01,118,-118,0,118,NO,Starting balance is 0 or negative
US7614,278,278,YES,2026-01,278,0,0,278,NO,First ledger beginning is not 0
US7615,95,0,YES,2026-01,0,95,95,95,YES,
US7616,4306,0,YES,2026-01,0,4306,4306,4306,YES,
US7618,0,776,YES,2026-01,776,-776,0,776,NO,Starting balance is 0 or negative
US7619,88,88,YES,2026-01,88,0,0,88,NO,First ledger beginning is not 0
US7620,404,404,YES,2026-01,404,0,0,404,NO,First ledger beginning is not 0
US7622,0,227,YES,2026-01,227,-227,0,227,NO,Starting balance is 0 or negative
US7623,6,6,YES,2026-01,6,0,0,6,NO,First ledger beginning is not 0
US7624,172,172,YES,2026-01,172,0,0,172,NO,First ledger beginning is not 0
US7626,3,3,YES,2026-01,3,0,0,3,NO,First ledger beginning is not 0
US7627,174,174,YES,2026-01,174,0,0,174,NO,First ledger beginning is not 0
US7629,0,297,YES,2026-01,297,-297,0,297,NO,Starting balance is 0 or negative
US7630,95,95,YES,2026-01,95,0,0,95,NO,First ledger beginning is not 0
US7631,1826,42,YES,2026-01,0,1826,1826,1868,YES,
US7632,0,127,YES,2026-01,127,-127,0,127,NO,Starting balance is 0 or negative
US7633,0,344,YES,2026-01,344,-344,0,344,NO,Starting balance is 0 or negative
US7634,189,189,YES,2026-01,189,0,0,189,NO,First ledger beginning is not 0
US7635,825,825,YES,2026-01,825,0,0,825,NO,First ledger beginning is not 0
US7636,0,3370,YES,2026-01,3337,-3337,0,3370,NO,Starting balance is 0 or negative
US7637,0,531,YES,2026-01,531,-531,0,531,NO,Starting balance is 0 or negative
US7638,115,115,YES,2026-01,115,0,0,115,NO,First ledger beginning is not 0
US7640,387,387,YES,2026-01,387,0,0,387,NO,First ledger beginning is not 0
US7641,19,19,YES,2026-01,19,0,0,19,NO,First ledger beginning is not 0
US7642,367,367,YES,2026-01,367,0,0,367,NO,First ledger beginning is not 0
US7643,183,183,YES,2026-01,183,0,0,183,NO,First ledger beginning is not 0
US7644,777,777,YES,2026-01,777,0,0,777,NO,First ledger beginning is not 0
US7645,25,35,YES,2026-01,0,25,25,60,YES,
US7646,320,320,YES,2026-01,320,0,0,320,NO,First ledger beginning is not 0
US765,57,98,YES,2026-01,0,57,57,155,YES,
US7650,27,27,YES,2026-01,27,0,0,27,NO,First ledger beginning is not 0
US7651,0,153,YES,2026-01,119,-119,0,153,NO,Starting balance is 0 or negative
US7652,1587,1587,YES,2026-01,1587,0,0,1587,NO,First ledger beginning is not 0
US7653,0,2,YES,2026-01,2,-2,0,2,NO,Starting balance is 0 or negative
US7654,356,356,YES,2026-01,356,0,0,356,NO,First ledger beginning is not 0
US7655,0,184,YES,2026-01,184,-184,0,184,NO,Starting balance is 0 or negative
US7656,141,141,YES,2026-01,141,0,0,141,NO,First ledger beginning is not 0
US7658,333,333,YES,2026-01,333,0,0,333,NO,First ledger beginning is not 0
US7659,67,67,YES,2026-01,67,0,0,67,NO,First ledger beginning is not 0
US766,1841,1856,YES,2026-01,1841,0,0,1856,NO,First ledger beginning is not 0
US7660,619,619,YES,2026-01,619,0,0,619,NO,First ledger beginning is not 0
US7661,11,11,YES,2026-01,11,0,0,11,NO,First ledger beginning is not 0
US7664,0,229,YES,2026-01,229,-229,0,229,NO,Starting balance is 0 or negative
US7666,0,347,YES,2026-01,347,-347,0,347,NO,Starting balance is 0 or negative
US7668,367,40,YES,2026-01,0,367,367,407,YES,
US7669,713,731,YES,2026-01,713,0,0,731,NO,First ledger beginning is not 0
US767,142,142,YES,2026-01,142,0,0,142,NO,First ledger beginning is not 0
US7671,1386,1404,YES,2026-01,1386,0,0,1404,NO,First ledger beginning is not 0
US7672,435,435,YES,2026-01,435,0,0,435,NO,First ledger beginning is not 0
US7673,0,209,YES,2026-01,209,-209,0,209,NO,Starting balance is 0 or negative
US7674,187,187,YES,2026-01,187,0,0,187,NO,First ledger beginning is not 0
US7675,10,0,YES,2026-01,0,10,10,10,YES,
US7676,0,669,YES,2026-01,669,-669,0,669,NO,Starting balance is 0 or negative
US7677,11,11,YES,2026-01,11,0,0,11,NO,First ledger beginning is not 0
US7678,0,616,YES,2026-01,616,-616,0,616,NO,Starting balance is 0 or negative
US7679,2456,2456,YES,2026-01,2456,0,0,2456,NO,First ledger beginning is not 0
US7680,0,1761,YES,2026-01,1761,-1761,0,1761,NO,Starting balance is 0 or negative
US7681,86,86,YES,2026-01,86,0,0,86,NO,First ledger beginning is not 0
US7682,0,91,YES,2026-01,91,-91,0,91,NO,Starting balance is 0 or negative
US7684,957,957,YES,2026-01,957,0,0,957,NO,First ledger beginning is not 0
US7686,431,431,YES,2026-01,431,0,0,431,NO,First ledger beginning is not 0
US7687,0,676,YES,2026-01,676,-676,0,676,NO,Starting balance is 0 or negative
US7688,0,9,YES,2026-01,9,-9,0,9,NO,Starting balance is 0 or negative
US7689,0,169,YES,2026-01,169,-169,0,169,NO,Starting balance is 0 or negative
US7690,137,137,YES,2026-01,137,0,0,137,NO,First ledger beginning is not 0
US7691,0,313,YES,2026-01,313,-313,0,313,NO,Starting balance is 0 or negative
US7693,0,10,YES,2026-01,10,-10,0,10,NO,Starting balance is 0 or negative
US7695,230,230,YES,2026-01,230,0,0,230,NO,First ledger beginning is not 0
US7696,815,815,YES,2026-01,815,0,0,815,NO,First ledger beginning is not 0
US7697,0,84,YES,2026-01,84,-84,0,84,NO,Starting balance is 0 or negative
US7698,0,157,YES,2026-01,157,-157,0,157,NO,Starting balance is 0 or negative
US7699,0,84,YES,2026-01,55,-55,0,84,NO,Starting balance is 0 or negative
US770,230,230,YES,2026-01,230,0,0,230,NO,First ledger beginning is not 0
US7700,0,499,YES,2026-01,499,-499,0,499,NO,Starting balance is 0 or negative
US7701,79,79,YES,2026-01,79,0,0,79,NO,First ledger beginning is not 0
US7703,354,354,YES,2026-01,354,0,0,354,NO,First ledger beginning is not 0
US7704,1161,1161,YES,2026-01,1161,0,0,1161,NO,First ledger beginning is not 0
US7705,292,292,YES,2026-01,292,0,0,292,NO,First ledger beginning is not 0
US7706,0,552,YES,2026-01,552,-552,0,552,NO,Starting balance is 0 or negative
US7707,0,472,YES,2026-01,472,-472,0,472,NO,Starting balance is 0 or negative
US7708,145,145,YES,2026-01,145,0,0,145,NO,First ledger beginning is not 0
US7709,0,828,YES,2026-01,828,-828,0,828,NO,Starting balance is 0 or negative
US771,27,27,YES,2026-01,27,0,0,27,NO,First ledger beginning is not 0
US7710,237,237,YES,2026-01,237,0,0,237,NO,First ledger beginning is not 0
US7712,955,955,YES,2026-01,955,0,0,955,NO,First ledger beginning is not 0
US7714,0,107,YES,2026-01,107,-107,0,107,NO,Starting balance is 0 or negative
US7715,9,0,YES,2026-01,0,9,9,9,YES,
US7716,0,0,YES,2026-01,0,0,0,0,NO,Starting balance is 0 or negative
US7717,150,150,YES,2026-01,150,0,0,150,NO,First ledger beginning is not 0
US7718,759,759,YES,2026-01,759,0,0,759,NO,First ledger beginning is not 0
US7720,0,776,YES,2026-01,776,-776,0,776,NO,Starting balance is 0 or negative
US7721,133,133,YES,2026-01,133,0,0,133,NO,First ledger beginning is not 0
US7722,336,336,YES,2026-01,336,0,0,336,NO,First ledger beginning is not 0
US7723,0,44,YES,2026-01,44,-44,0,44,NO,Starting balance is 0 or negative
US7725,0,296,YES,2026-01,296,-296,0,296,NO,Starting balance is 0 or negative
US7726,354,354,YES,2026-01,354,0,0,354,NO,First ledger beginning is not 0
US7727,0,298,YES,2026-01,298,-298,0,298,NO,Starting balance is 0 or negative
US7729,144,0,YES,2026-01,0,144,144,144,YES,
US7730,0,205,YES,2026-01,205,-205,0,205,NO,Starting balance is 0 or negative
US7731,122,122,YES,2026-01,122,0,0,122,NO,First ledger beginning is not 0
US7732,379,379,YES,2026-01,379,0,0,379,NO,First ledger beginning is not 0
US7733,0,19,YES,2026-01,0,0,0,19,NO,Starting balance is 0 or negative
US7734,11,11,YES,2026-01,11,0,0,11,NO,First ledger beginning is not 0
US7735,46,46,YES,2026-01,46,0,0,46,NO,First ledger beginning is not 0
US7737,1482,18,YES,2026-01,0,1482,1482,1500,YES,
US7738,1,103,YES,2026-01,0,1,1,104,YES,
US7739,257,274,YES,2026-01,257,0,0,274,NO,First ledger beginning is not 0
US774,320,342,YES,2026-01,320,0,0,342,NO,First ledger beginning is not 0
US7740,22,22,YES,2026-01,22,0,0,22,NO,First ledger beginning is not 0
US774061,0,0,YES,2026-03,0,0,0,0,NO,Starting balance is 0 or negative
US7741,0,0,YES,2026-01,0,0,0,0,NO,Starting balance is 0 or negative
US7742,357,357,YES,2026-01,357,0,0,357,NO,First ledger beginning is not 0
US7743,7300,7080,YES,2026-01,7200,100,0,7080,NO,First ledger beginning is not 0
US7744,251,251,YES,2026-01,251,0,0,251,NO,First ledger beginning is not 0
US7745,450,450,YES,2026-01,450,0,0,450,NO,First ledger beginning is not 0
US7746,0,225,YES,2026-01,225,-225,0,225,NO,Starting balance is 0 or negative
US7747,0,1735,YES,2026-01,1735,-1735,0,1735,NO,Starting balance is 0 or negative
US7748,4224,4244,YES,2026-01,4224,0,0,4244,NO,First ledger beginning is not 0
US7749,265,265,YES,2026-01,265,0,0,265,NO,First ledger beginning is not 0
US7750,0,42,YES,2026-01,42,-42,0,42,NO,Starting balance is 0 or negative
US775078,0,0,NO,,0,0,0,0,NO,Starting balance is 0 or negative
US7751,61,61,YES,2026-01,61,0,0,61,NO,First ledger beginning is not 0
US7752,159,159,YES,2026-01,159,0,0,159,NO,First ledger beginning is not 0
US7753,538,538,YES,2026-01,538,0,0,538,NO,First ledger beginning is not 0
US7754,0,11,YES,2026-01,11,-11,0,11,NO,Starting balance is 0 or negative
US7755,0,475,YES,2026-01,475,-475,0,475,NO,Starting balance is 0 or negative
US7757,48,48,YES,2026-01,48,0,0,48,NO,First ledger beginning is not 0
US7758,212,212,YES,2026-01,212,0,0,212,NO,First ledger beginning is not 0
US7759,0,475,YES,2026-01,475,-475,0,475,NO,Starting balance is 0 or negative
US776,25,25,YES,2026-01,25,0,0,25,NO,First ledger beginning is not 0
US7760,0,73,YES,2026-01,73,-73,0,73,NO,Starting balance is 0 or negative
US7761,722,722,YES,2026-01,722,0,0,722,NO,First ledger beginning is not 0
US7763,0,146,YES,2026-01,146,-146,0,146,NO,Starting balance is 0 or negative
US7765,0,77,YES,2026-01,77,-77,0,77,NO,Starting balance is 0 or negative
US7766,0,368,YES,2026-01,368,-368,0,368,NO,Starting balance is 0 or negative
US7767,0,131,YES,2026-01,131,-131,0,131,NO,Starting balance is 0 or negative
US7768,237,237,YES,2026-01,237,0,0,237,NO,First ledger beginning is not 0
US7771,0,94,YES,2026-01,94,-94,0,94,NO,Starting balance is 0 or negative
US7772,0,0,YES,2026-01,0,0,0,0,NO,Starting balance is 0 or negative
US7773,0,687,YES,2026-01,687,-687,0,687,NO,Starting balance is 0 or negative
US7774,106,106,YES,2026-01,106,0,0,106,NO,First ledger beginning is not 0
US7775,745,745,YES,2026-01,745,0,0,745,NO,First ledger beginning is not 0
US7777,63,63,YES,2026-01,63,0,0,63,NO,First ledger beginning is not 0
US7779,47,47,YES,2026-01,47,0,0,47,NO,First ledger beginning is not 0
US778,1637,1637,YES,2026-01,1637,0,0,1637,NO,First ledger beginning is not 0
US7780,674,978,YES,2026-01,674,0,0,978,NO,First ledger beginning is not 0
US7781,652,652,YES,2026-01,652,0,0,652,NO,First ledger beginning is not 0
US7782,0,185,YES,2026-01,157,-157,0,185,NO,Starting balance is 0 or negative
US7783,561,561,YES,2026-01,561,0,0,561,NO,First ledger beginning is not 0
US7784,48,48,YES,2026-01,48,0,0,48,NO,First ledger beginning is not 0
US7785,0,20,YES,2026-01,0,0,0,20,NO,Starting balance is 0 or negative
US7787,0,0,YES,2026-01,0,0,0,0,NO,Starting balance is 0 or negative
US7789,63,63,YES,2026-01,63,0,0,63,NO,First ledger beginning is not 0
US779,96,96,YES,2026-01,96,0,0,96,NO,First ledger beginning is not 0
US7790,0,13,YES,2026-01,13,-13,0,13,NO,Starting balance is 0 or negative
US7791,0,257,YES,2026-01,257,-257,0,257,NO,Starting balance is 0 or negative
US7792,198,198,YES,2026-01,198,0,0,198,NO,First ledger beginning is not 0
US7794,1,20,YES,2026-01,0,1,1,21,YES,
US7795,0,362,YES,2026-01,362,-362,0,362,NO,Starting balance is 0 or negative
US7796,0,268,YES,2026-01,239,-239,0,268,NO,Starting balance is 0 or negative
US7797,1913,1172,YES,2026-01,1913,0,0,1172,NO,First ledger beginning is not 0
US7798,433,1599,YES,2026-01,433,0,0,1599,NO,First ledger beginning is not 0
US7799,801,801,YES,2026-01,801,0,0,801,NO,First ledger beginning is not 0
US7801,2163,24,YES,2026-01,0,2163,2163,2187,YES,
US7802,46,46,YES,2026-01,46,0,0,46,NO,First ledger beginning is not 0
US7803,62,62,YES,2026-01,62,0,0,62,NO,First ledger beginning is not 0
US7804,285,285,YES,2026-01,285,0,0,285,NO,First ledger beginning is not 0
US7805,0,92,YES,2026-01,92,-92,0,92,NO,Starting balance is 0 or negative
US7806,77,116,YES,2026-01,77,0,0,116,NO,First ledger beginning is not 0
US7807,14,14,YES,2026-01,14,0,0,14,NO,First ledger beginning is not 0
US7809,0,575,YES,2026-01,575,-575,0,575,NO,Starting balance is 0 or negative
US780991,0,0,NO,,0,0,0,0,NO,Starting balance is 0 or negative
US781,110,127,YES,2026-01,95,15,0,127,NO,First ledger beginning is not 0
US7810,152,152,YES,2026-01,152,0,0,152,NO,First ledger beginning is not 0
US7812,0,32,YES,2026-01,32,-32,0,32,NO,Starting balance is 0 or negative
US7813,917,917,YES,2026-01,917,0,0,917,NO,First ledger beginning is not 0
US7814,0,1288,YES,2026-01,1265,-1265,0,1288,NO,Starting balance is 0 or negative
US7815,192,192,YES,2026-01,192,0,0,192,NO,First ledger beginning is not 0
US7816,0,74,YES,2026-01,74,-74,0,74,NO,Starting balance is 0 or negative
US7817,811,20,YES,2026-01,0,811,811,831,YES,
US7818,1014,1032,YES,2026-01,1014,0,0,1032,NO,First ledger beginning is not 0
US781828,0,0,YES,2026-03,0,0,0,0,NO,Starting balance is 0 or negative
US7819,0,383,YES,2026-01,383,-383,0,383,NO,Starting balance is 0 or negative
US7820,0,27,YES,2026-01,27,-27,0,27,NO,Starting balance is 0 or negative
US7822,0,1320,YES,2026-01,1320,-1320,0,1320,NO,Starting balance is 0 or negative
US7823,729,729,YES,2026-01,729,0,0,729,NO,First ledger beginning is not 0
US7824,0,10,YES,2026-01,10,-10,0,10,NO,Starting balance is 0 or negative
US7825,161,161,YES,2026-01,161,0,0,161,NO,First ledger beginning is not 0
US7826,0,299,YES,2026-01,299,-299,0,299,NO,Starting balance is 0 or negative
US7827,0,491,YES,2026-01,491,-491,0,491,NO,Starting balance is 0 or negative
US7828,504,504,YES,2026-01,504,0,0,504,NO,First ledger beginning is not 0
US7829,0,402,YES,2026-01,402,-402,0,402,NO,Starting balance is 0 or negative
US7830,0,242,YES,2026-01,242,-242,0,242,NO,Starting balance is 0 or negative
US7831,23,23,YES,2026-01,23,0,0,23,NO,First ledger beginning is not 0
US7832,170,0,YES,2026-01,0,170,170,170,YES,
US7833,99,99,YES,2026-01,99,0,0,99,NO,First ledger beginning is not 0
US7835,0,90,YES,2026-01,90,-90,0,90,NO,Starting balance is 0 or negative
US7837,292,292,YES,2026-01,292,0,0,292,NO,First ledger beginning is not 0
US7838,22,22,YES,2026-01,22,0,0,22,NO,First ledger beginning is not 0
US7839,0,1101,YES,2026-01,1101,-1101,0,1101,NO,Starting balance is 0 or negative
US784,1187,1477,YES,2026-01,1477,-290,0,1477,NO,First ledger beginning is not 0
US7840,0,202,YES,2026-01,202,-202,0,202,NO,Starting balance is 0 or negative
US7841,0,111,YES,2026-01,0,0,0,111,NO,Starting balance is 0 or negative
US7843,185,83,YES,2026-01,0,185,185,268,YES,
US7844,123,123,YES,2026-01,123,0,0,123,NO,First ledger beginning is not 0
US7845,924,924,YES,2026-01,924,0,0,924,NO,First ledger beginning is not 0
US7846,1564,43,YES,2026-01,0,1564,1564,1607,YES,
US7847,2825,43,YES,2026-01,0,2825,2825,2868,YES,
US7848,0,29,YES,2026-01,0,0,0,29,NO,Starting balance is 0 or negative
US7849,443,443,YES,2026-01,443,0,0,443,NO,First ledger beginning is not 0
US7851,0,99,YES,2026-01,99,-99,0,99,NO,Starting balance is 0 or negative
US7853,49,49,YES,2026-01,49,0,0,49,NO,First ledger beginning is not 0
US7854,170,170,YES,2026-01,170,0,0,170,NO,First ledger beginning is not 0
US7855,794,794,YES,2026-01,794,0,0,794,NO,First ledger beginning is not 0
US7856,0,234,YES,2026-01,234,-234,0,234,NO,Starting balance is 0 or negative
US7857,433,23,YES,2026-01,0,433,433,456,YES,
US7858,215,215,YES,2026-01,215,0,0,215,NO,First ledger beginning is not 0
US7859,34,34,YES,2026-01,34,0,0,34,NO,First ledger beginning is not 0
US7860,0,158,YES,2026-01,158,-158,0,158,NO,Starting balance is 0 or negative
US7861,0,161,YES,2026-01,161,-161,0,161,NO,Starting balance is 0 or negative
US7862,2338,90,YES,2026-01,0,2338,2338,2428,YES,
US7863,0,553,YES,2026-01,553,-553,0,553,NO,Starting balance is 0 or negative
US7865,0,0,YES,2026-01,0,0,0,0,NO,Starting balance is 0 or negative
US7866,0,331,YES,2026-01,331,-331,0,331,NO,Starting balance is 0 or negative
US7867,990,990,YES,2026-01,990,0,0,990,NO,First ledger beginning is not 0
US7868,0,116,YES,2026-01,116,-116,0,116,NO,Starting balance is 0 or negative
US7869,276,276,YES,2026-01,276,0,0,276,NO,First ledger beginning is not 0
US7870,0,29,YES,2026-01,0,0,0,29,NO,Starting balance is 0 or negative
US7871,51,51,YES,2026-01,51,0,0,51,NO,First ledger beginning is not 0
US7872,237,237,YES,2026-01,237,0,0,237,NO,First ledger beginning is not 0
US7873,9,9,YES,2026-01,9,0,0,9,NO,First ledger beginning is not 0
US7874,422,422,YES,2026-01,422,0,0,422,NO,First ledger beginning is not 0
US7875,0,335,YES,2026-01,335,-335,0,335,NO,Starting balance is 0 or negative
US7876,806,823,YES,2026-01,806,0,0,823,NO,First ledger beginning is not 0
US7877,0,345,YES,2026-01,345,-345,0,345,NO,Starting balance is 0 or negative
US7878,32,0,YES,2026-01,0,32,32,32,YES,
US7879,296,296,YES,2026-01,296,0,0,296,NO,First ledger beginning is not 0
US788,429,429,YES,2026-01,429,0,0,429,NO,First ledger beginning is not 0
US7880,374,374,YES,2026-01,374,0,0,374,NO,First ledger beginning is not 0
US7882,472,472,YES,2026-01,472,0,0,472,NO,First ledger beginning is not 0
US7884,0,226,YES,2026-01,198,-198,0,226,NO,Starting balance is 0 or negative
US7885,0,319,YES,2026-01,290,-290,0,319,NO,Starting balance is 0 or negative
US7887,2121,2121,YES,2026-01,2121,0,0,2121,NO,First ledger beginning is not 0
US7888,718,737,YES,2026-01,718,0,0,737,NO,First ledger beginning is not 0
US7889,249,249,YES,2026-01,249,0,0,249,NO,First ledger beginning is not 0
US789,47,21,YES,2026-01,293,-246,0,21,NO,First ledger beginning is not 0
US7890,301,301,YES,2026-01,301,0,0,301,NO,First ledger beginning is not 0
US7892,9,38,YES,2026-01,9,0,0,38,NO,First ledger beginning is not 0
US7894,0,134,YES,2026-01,134,-134,0,134,NO,Starting balance is 0 or negative
US7895,474,490,YES,2026-01,474,0,0,490,NO,First ledger beginning is not 0
US7896,14,14,YES,2026-01,14,0,0,14,NO,First ledger beginning is not 0
US7897,49,49,YES,2026-01,49,0,0,49,NO,First ledger beginning is not 0
US7898,0,0,YES,2026-01,0,0,0,0,NO,Starting balance is 0 or negative
US7899,168,168,YES,2026-01,168,0,0,168,NO,First ledger beginning is not 0
US7900,0,208,YES,2026-01,208,-208,0,208,NO,Starting balance is 0 or negative
US7901,44,44,YES,2026-01,44,0,0,44,NO,First ledger beginning is not 0
US7903,305,305,YES,2026-01,305,0,0,305,NO,First ledger beginning is not 0
US7904,0,435,YES,2026-01,435,-435,0,435,NO,Starting balance is 0 or negative
US7905,105,105,YES,2026-01,105,0,0,105,NO,First ledger beginning is not 0
US7906,3,17,YES,2026-01,0,3,3,20,YES,
US7907,254,254,YES,2026-01,254,0,0,254,NO,First ledger beginning is not 0
US7909,263,263,YES,2026-01,263,0,0,263,NO,First ledger beginning is not 0
US791,1975,258,YES,2026-01,0,1975,1975,2233,YES,
US7910,38,38,YES,2026-01,38,0,0,38,NO,First ledger beginning is not 0
US7911,0,75,YES,2026-01,75,-75,0,75,NO,Starting balance is 0 or negative
US7912,53,53,YES,2026-01,53,0,0,53,NO,First ledger beginning is not 0
US7913,0,56,YES,2026-01,56,-56,0,56,NO,Starting balance is 0 or negative
US7914,82,82,YES,2026-01,82,0,0,82,NO,First ledger beginning is not 0
US7915,10,10,YES,2026-01,10,0,0,10,NO,First ledger beginning is not 0
US7916,0,22,YES,2026-01,22,-22,0,22,NO,Starting balance is 0 or negative
US7918,474,474,YES,2026-01,474,0,0,474,NO,First ledger beginning is not 0
US7919,15,15,YES,2026-01,15,0,0,15,NO,First ledger beginning is not 0
US792,1152,1152,YES,2026-01,1152,0,0,1152,NO,First ledger beginning is not 0
US7920,128,128,YES,2026-01,128,0,0,128,NO,First ledger beginning is not 0
US7921,17,17,YES,2026-01,17,0,0,17,NO,First ledger beginning is not 0
US7923,563,563,YES,2026-01,563,0,0,563,NO,First ledger beginning is not 0
US7924,0,131,YES,2026-01,131,-131,0,131,NO,Starting balance is 0 or negative
US7926,0,162,YES,2026-01,162,-162,0,162,NO,Starting balance is 0 or negative
US7927,191,191,YES,2026-01,191,0,0,191,NO,First ledger beginning is not 0
US7928,1471,1471,YES,2026-01,1471,0,0,1471,NO,First ledger beginning is not 0
US7929,98,98,YES,2026-01,98,0,0,98,NO,First ledger beginning is not 0
US7930,28,28,YES,2026-01,28,0,0,28,NO,First ledger beginning is not 0
US7932,727,0,YES,2026-01,0,727,727,727,YES,
US7933,0,407,YES,2026-01,407,-407,0,407,NO,Starting balance is 0 or negative
US7934,61,94,YES,2026-01,61,0,0,94,NO,First ledger beginning is not 0
US7935,84,84,YES,2026-01,84,0,0,84,NO,First ledger beginning is not 0
US7936,0,0,YES,2026-01,0,0,0,0,NO,Starting balance is 0 or negative
US7938,421,421,YES,2026-01,421,0,0,421,NO,First ledger beginning is not 0
US7939,0,93,YES,2026-01,93,-93,0,93,NO,Starting balance is 0 or negative
US7940,518,518,YES,2026-01,518,0,0,518,NO,First ledger beginning is not 0
US7941,278,278,YES,2026-01,278,0,0,278,NO,First ledger beginning is not 0
US7942,0,209,YES,2026-01,209,-209,0,209,NO,Starting balance is 0 or negative
US7943,542,542,YES,2026-01,542,0,0,542,NO,First ledger beginning is not 0
US7944,0,10,YES,2026-01,10,-10,0,10,NO,Starting balance is 0 or negative
US7945,641,641,YES,2026-01,641,0,0,641,NO,First ledger beginning is not 0
US7947,565,604,YES,2026-01,565,0,0,604,NO,First ledger beginning is not 0
US7949,0,161,YES,2026-01,161,-161,0,161,NO,Starting balance is 0 or negative
US795,39,39,YES,2026-01,39,0,0,39,NO,First ledger beginning is not 0
US7950,0,1332,YES,2026-01,1332,-1332,0,1332,NO,Starting balance is 0 or negative
US7951,43,43,YES,2026-01,43,0,0,43,NO,First ledger beginning is not 0
US7953,0,810,YES,2026-01,810,-810,0,810,NO,Starting balance is 0 or negative
US7954,256,256,YES,2026-01,256,0,0,256,NO,First ledger beginning is not 0
US7955,0,436,YES,2026-01,436,-436,0,436,NO,Starting balance is 0 or negative
US7956,725,725,YES,2026-01,725,0,0,725,NO,First ledger beginning is not 0
US7958,173,173,YES,2026-01,173,0,0,173,NO,First ledger beginning is not 0
US7959,1038,1038,YES,2026-01,1038,0,0,1038,NO,First ledger beginning is not 0
US7960,0,48,YES,2026-01,14,-14,0,48,NO,Starting balance is 0 or negative
US7961,0,121,YES,2026-01,121,-121,0,121,NO,Starting balance is 0 or negative
US7962,116,116,YES,2026-01,116,0,0,116,NO,First ledger beginning is not 0
US7963,0,2,YES,2026-01,2,-2,0,2,NO,Starting balance is 0 or negative
US7964,561,596,YES,2026-01,561,0,0,596,NO,First ledger beginning is not 0
US7965,0,173,YES,2026-01,173,-173,0,173,NO,Starting balance is 0 or negative
US7966,0,175,YES,2026-01,175,-175,0,175,NO,Starting balance is 0 or negative
US7967,0,439,YES,2026-01,439,-439,0,439,NO,Starting balance is 0 or negative
US7969,150,150,YES,2026-01,150,0,0,150,NO,First ledger beginning is not 0
US7970,190,190,YES,2026-01,190,0,0,190,NO,First ledger beginning is not 0
US7971,65,65,YES,2026-01,65,0,0,65,NO,First ledger beginning is not 0
US7972,0,204,YES,2026-01,204,-204,0,204,NO,Starting balance is 0 or negative
US7973,99,99,YES,2026-01,99,0,0,99,NO,First ledger beginning is not 0
US7974,0,51,YES,2026-01,12,-12,0,51,NO,Starting balance is 0 or negative
US7975,790,790,YES,2026-01,790,0,0,790,NO,First ledger beginning is not 0
US7976,0,242,YES,2026-01,242,-242,0,242,NO,Starting balance is 0 or negative
US7977,93,93,YES,2026-01,93,0,0,93,NO,First ledger beginning is not 0
US7978,0,0,YES,2026-01,0,0,0,0,NO,Starting balance is 0 or negative
US7979,0,446,YES,2026-01,446,-446,0,446,NO,Starting balance is 0 or negative
US798,34,34,YES,2026-01,34,0,0,34,NO,First ledger beginning is not 0
US7981,0,504,YES,2026-01,483,-483,0,504,NO,Starting balance is 0 or negative
US7982,9241,104,YES,2026-01,0,9241,9241,9345,YES,
US7983,0,697,YES,2026-01,697,-697,0,697,NO,Starting balance is 0 or negative
US7984,0,494,YES,2026-01,494,-494,0,494,NO,Starting balance is 0 or negative
US7986,0,293,YES,2026-01,293,-293,0,293,NO,Starting balance is 0 or negative
US7987,0,382,YES,2026-01,382,-382,0,382,NO,Starting balance is 0 or negative
US7988,196,196,YES,2026-01,196,0,0,196,NO,First ledger beginning is not 0
US7989,88,88,YES,2026-01,88,0,0,88,NO,First ledger beginning is not 0
US799,37,37,YES,2026-01,37,0,0,37,NO,First ledger beginning is not 0
US7991,0,101,YES,2026-01,101,-101,0,101,NO,Starting balance is 0 or negative
US7992,1329,1329,YES,2026-01,1329,0,0,1329,NO,First ledger beginning is not 0
US7993,151,151,YES,2026-01,151,0,0,151,NO,First ledger beginning is not 0
US7996,0,90,YES,2026-01,71,-71,0,90,NO,Starting balance is 0 or negative
US7997,688,0,YES,2026-01,0,688,688,688,YES,
US7998,0,192,YES,2026-01,192,-192,0,192,NO,Starting balance is 0 or negative
US7999,0,4430,YES,2026-01,0,0,0,4430,NO,Starting balance is 0 or negative
US8000,0,95,YES,2026-01,5,-5,0,95,NO,Starting balance is 0 or negative
US8001,0,223,YES,2026-01,223,-223,0,223,NO,Starting balance is 0 or negative
US8002,274,274,YES,2026-01,274,0,0,274,NO,First ledger beginning is not 0
US8004,0,96,YES,2026-01,96,-96,0,96,NO,Starting balance is 0 or negative
US8006,0,785,YES,2026-01,785,-785,0,785,NO,Starting balance is 0 or negative
US8007,47,47,YES,2026-01,47,0,0,47,NO,First ledger beginning is not 0
US8013,0,169,YES,2026-01,169,-169,0,169,NO,Starting balance is 0 or negative
US8014,0,71,YES,2026-01,71,-71,0,71,NO,Starting balance is 0 or negative
US8015,593,593,YES,2026-01,593,0,0,593,NO,First ledger beginning is not 0
US8017,0,200,YES,2026-01,200,-200,0,200,NO,Starting balance is 0 or negative
US8018,0,19,YES,2026-01,0,0,0,19,NO,Starting balance is 0 or negative
US8019,0,0,YES,2026-01,0,0,0,0,NO,Starting balance is 0 or negative
US802,520,256,YES,2026-01,159,361,0,256,NO,First ledger beginning is not 0
US8022,183,183,YES,2026-01,183,0,0,183,NO,First ledger beginning is not 0
US8023,125,147,YES,2026-01,125,0,0,147,NO,First ledger beginning is not 0
US8024,179,179,YES,2026-01,179,0,0,179,NO,First ledger beginning is not 0
US8027,308,308,YES,2026-01,308,0,0,308,NO,First ledger beginning is not 0
US8028,0,161,YES,2026-01,161,-161,0,161,NO,Starting balance is 0 or negative
US8029,0,95,YES,2026-01,95,-95,0,95,NO,Starting balance is 0 or negative
US8030,209,209,YES,2026-01,209,0,0,209,NO,First ledger beginning is not 0
US8031,60,60,YES,2026-01,60,0,0,60,NO,First ledger beginning is not 0
US8033,1733,0,YES,2026-01,0,1733,1733,1733,YES,
US8034,218,218,YES,2026-01,218,0,0,218,NO,First ledger beginning is not 0
US8036,590,590,YES,2026-01,590,0,0,590,NO,First ledger beginning is not 0
US8037,0,182,YES,2026-01,182,-182,0,182,NO,Starting balance is 0 or negative
US8038,25,25,YES,2026-01,25,0,0,25,NO,First ledger beginning is not 0
US8039,602,602,YES,2026-01,602,0,0,602,NO,First ledger beginning is not 0
US8040,187,187,YES,2026-01,187,0,0,187,NO,First ledger beginning is not 0
US8041,550,550,YES,2026-01,550,0,0,550,NO,First ledger beginning is not 0
US8042,26,26,YES,2026-01,26,0,0,26,NO,First ledger beginning is not 0
US8043,1235,26,YES,2026-01,0,1235,1235,1261,YES,
US8044,169,169,YES,2026-01,169,0,0,169,NO,First ledger beginning is not 0
US8045,0,105,YES,2026-01,105,-105,0,105,NO,Starting balance is 0 or negative
US8046,0,263,YES,2026-01,263,-263,0,263,NO,Starting balance is 0 or negative
US8047,1,16,YES,2026-01,1,0,0,16,NO,First ledger beginning is not 0
US8048,170,170,YES,2026-01,170,0,0,170,NO,First ledger beginning is not 0
US8049,115,35,YES,2026-01,0,115,115,150,YES,
US805,1825,0,YES,2026-01,0,1825,1825,1825,YES,
US8050,1607,1607,YES,2026-01,1607,0,0,1607,NO,First ledger beginning is not 0
US8051,0,593,YES,2026-01,593,-593,0,593,NO,Starting balance is 0 or negative
US8053,629,629,YES,2026-01,629,0,0,629,NO,First ledger beginning is not 0
US8054,0,59,YES,2026-01,59,-59,0,59,NO,Starting balance is 0 or negative
US8055,293,24,YES,2026-01,0,293,293,317,YES,
US805562,0,,NO,,,,0,,NO,Missing SR customer record
US8056,18,18,YES,2026-01,18,0,0,18,NO,First ledger beginning is not 0
US8057,282,282,YES,2026-01,282,0,0,282,NO,First ledger beginning is not 0
US8058,0,270,YES,2026-01,270,-270,0,270,NO,Starting balance is 0 or negative
US8060,51,51,YES,2026-01,51,0,0,51,NO,First ledger beginning is not 0
US8061,236,236,YES,2026-01,236,0,0,236,NO,First ledger beginning is not 0
US8062,26,26,YES,2026-01,26,0,0,26,NO,First ledger beginning is not 0
US8063,432,0,YES,2026-01,0,432,432,432,YES,
US8064,290,290,YES,2026-01,290,0,0,290,NO,First ledger beginning is not 0
US8065,0,265,YES,2026-01,265,-265,0,265,NO,Starting balance is 0 or negative
US8066,1277,33,YES,2026-01,0,1277,1277,1310,YES,
US8067,0,174,YES,2026-01,174,-174,0,174,NO,Starting balance is 0 or negative
US8068,316,316,YES,2026-01,316,0,0,316,NO,First ledger beginning is not 0
US8069,0,260,YES,2026-01,225,-225,0,260,NO,Starting balance is 0 or negative
US807,220,220,YES,2026-01,220,0,0,220,NO,First ledger beginning is not 0
US8071,579,579,YES,2026-01,579,0,0,579,NO,First ledger beginning is not 0
US8072,0,139,YES,2026-01,106,-106,0,139,NO,Starting balance is 0 or negative
US8073,209,209,YES,2026-01,209,0,0,209,NO,First ledger beginning is not 0
US8074,406,406,YES,2026-01,406,0,0,406,NO,First ledger beginning is not 0
US8075,19,19,YES,2026-01,19,0,0,19,NO,First ledger beginning is not 0
US8076,0,268,YES,2026-01,268,-268,0,268,NO,Starting balance is 0 or negative
US8077,221,0,YES,2026-01,0,221,221,221,YES,
US8078,0,254,YES,2026-01,254,-254,0,254,NO,Starting balance is 0 or negative
US8079,310,310,YES,2026-01,310,0,0,310,NO,First ledger beginning is not 0
US808,911,911,YES,2026-01,911,0,0,911,NO,First ledger beginning is not 0
US8080,853,853,YES,2026-01,853,0,0,853,NO,First ledger beginning is not 0
US8081,0,485,YES,2026-01,485,-485,0,485,NO,Starting balance is 0 or negative
US8082,309,309,YES,2026-01,309,0,0,309,NO,First ledger beginning is not 0
US8083,51,51,YES,2026-01,51,0,0,51,NO,First ledger beginning is not 0
US8085,602,602,YES,2026-01,602,0,0,602,NO,First ledger beginning is not 0
US8086,20,20,YES,2026-01,20,0,0,20,NO,First ledger beginning is not 0
US8087,165,165,YES,2026-01,165,0,0,165,NO,First ledger beginning is not 0
US8088,89,89,YES,2026-01,89,0,0,89,NO,First ledger beginning is not 0
US8089,152,152,YES,2026-01,152,0,0,152,NO,First ledger beginning is not 0
US809,519,519,YES,2026-01,519,0,0,519,NO,First ledger beginning is not 0
US8090,138,138,YES,2026-01,138,0,0,138,NO,First ledger beginning is not 0
US8092,0,140,YES,2026-01,140,-140,0,140,NO,Starting balance is 0 or negative
US8093,1,33,YES,2026-01,0,1,1,34,YES,
US8094,4807,88,YES,2026-01,0,4807,4807,4895,YES,
US8095,0,71,YES,2026-01,71,-71,0,71,NO,Starting balance is 0 or negative
US8096,0,35,YES,2026-01,35,-35,0,35,NO,Starting balance is 0 or negative
US8098,13,13,YES,2026-01,13,0,0,13,NO,First ledger beginning is not 0
US8099,164,164,YES,2026-01,164,0,0,164,NO,First ledger beginning is not 0
US810,71,71,YES,2026-01,71,0,0,71,NO,First ledger beginning is not 0
US8100,83,83,YES,2026-01,83,0,0,83,NO,First ledger beginning is not 0
US8101,103,103,YES,2026-01,103,0,0,103,NO,First ledger beginning is not 0
US8102,0,11,YES,2026-01,11,-11,0,11,NO,Starting balance is 0 or negative
US8103,23,23,YES,2026-01,23,0,0,23,NO,First ledger beginning is not 0
US8104,57,57,YES,2026-01,57,0,0,57,NO,First ledger beginning is not 0
US8105,0,178,YES,2026-01,178,-178,0,178,NO,Starting balance is 0 or negative
US8106,150,150,YES,2026-01,150,0,0,150,NO,First ledger beginning is not 0
US8107,302,302,YES,2026-01,302,0,0,302,NO,First ledger beginning is not 0
US8108,440,440,YES,2026-01,440,0,0,440,NO,First ledger beginning is not 0
US8109,11,11,YES,2026-01,11,0,0,11,NO,First ledger beginning is not 0
US811,33,33,YES,2026-01,33,0,0,33,NO,First ledger beginning is not 0
US8110,15,15,YES,2026-01,15,0,0,15,NO,First ledger beginning is not 0
US8111,181,181,YES,2026-01,181,0,0,181,NO,First ledger beginning is not 0
US8112,14,14,YES,2026-01,14,0,0,14,NO,First ledger beginning is not 0
US8114,411,411,YES,2026-01,411,0,0,411,NO,First ledger beginning is not 0
US8115,111,111,YES,2026-01,111,0,0,111,NO,First ledger beginning is not 0
US8116,0,24,YES,2026-01,0,0,0,24,NO,Starting balance is 0 or negative
US8117,74,74,YES,2026-01,74,0,0,74,NO,First ledger beginning is not 0
US8118,849,849,YES,2026-01,849,0,0,849,NO,First ledger beginning is not 0
US8119,112,112,YES,2026-01,112,0,0,112,NO,First ledger beginning is not 0
US812,72,72,YES,2026-01,72,0,0,72,NO,First ledger beginning is not 0
US8120,41,41,YES,2026-01,41,0,0,41,NO,First ledger beginning is not 0
US8121,19,19,YES,2026-01,19,0,0,19,NO,First ledger beginning is not 0
US8122,0,556,YES,2026-01,556,-556,0,556,NO,Starting balance is 0 or negative
US8124,405,405,YES,2026-01,405,0,0,405,NO,First ledger beginning is not 0
US8125,0,165,YES,2026-01,165,-165,0,165,NO,Starting balance is 0 or negative
US8126,48,48,YES,2026-01,48,0,0,48,NO,First ledger beginning is not 0
US8127,291,291,YES,2026-01,291,0,0,291,NO,First ledger beginning is not 0
US8128,10,10,YES,2026-01,10,0,0,10,NO,First ledger beginning is not 0
US8129,222,222,YES,2026-01,222,0,0,222,NO,First ledger beginning is not 0
US8131,1317,1317,YES,2026-01,1317,0,0,1317,NO,First ledger beginning is not 0
US8132,0,60,YES,2026-01,60,-60,0,60,NO,Starting balance is 0 or negative
US8133,112,0,YES,2026-01,0,112,112,112,YES,
US8134,1139,1139,YES,2026-01,1139,0,0,1139,NO,First ledger beginning is not 0
US8135,114,114,YES,2026-01,114,0,0,114,NO,First ledger beginning is not 0
US8136,110,110,YES,2026-01,110,0,0,110,NO,First ledger beginning is not 0
US8137,1264,1264,YES,2026-01,1264,0,0,1264,NO,First ledger beginning is not 0
US8138,307,307,YES,2026-01,307,0,0,307,NO,First ledger beginning is not 0
US814,1343,1343,YES,2026-01,1343,0,0,1343,NO,First ledger beginning is not 0
US8140,547,547,YES,2026-01,547,0,0,547,NO,First ledger beginning is not 0
US8141,629,629,YES,2026-01,629,0,0,629,NO,First ledger beginning is not 0
US8142,0,42,YES,2026-01,0,0,0,42,NO,Starting balance is 0 or negative
US8143,188,0,YES,2026-01,0,188,188,188,YES,
US8144,4580,4686,YES,2026-01,4580,0,0,4686,NO,First ledger beginning is not 0
US8145,150,150,YES,2026-01,150,0,0,150,NO,First ledger beginning is not 0
US8146,98,115,YES,2026-01,98,0,0,115,NO,First ledger beginning is not 0
US8147,96,96,YES,2026-01,96,0,0,96,NO,First ledger beginning is not 0
US8148,2268,15,YES,2026-01,0,2268,2268,2283,YES,
US8149,288,288,YES,2026-01,288,0,0,288,NO,First ledger beginning is not 0
US815,220,93,YES,2026-01,0,220,220,313,YES,
US8150,8,8,YES,2026-01,8,0,0,8,NO,First ledger beginning is not 0
US8151,19,19,YES,2026-01,19,0,0,19,NO,First ledger beginning is not 0
US8152,111,111,YES,2026-01,111,0,0,111,NO,First ledger beginning is not 0
US8153,1250,1250,YES,2026-01,1250,0,0,1250,NO,First ledger beginning is not 0
US8154,3299,3321,YES,2026-01,3299,0,0,3321,NO,First ledger beginning is not 0
US8155,85,85,YES,2026-01,85,0,0,85,NO,First ledger beginning is not 0
US8157,243,243,YES,2026-01,243,0,0,243,NO,First ledger beginning is not 0
US8158,1027,1043,YES,2026-01,1027,0,0,1043,NO,First ledger beginning is not 0
US8159,646,646,YES,2026-01,646,0,0,646,NO,First ledger beginning is not 0
US8160,142,142,YES,2026-01,142,0,0,142,NO,First ledger beginning is not 0
US8161,536,536,YES,2026-01,536,0,0,536,NO,First ledger beginning is not 0
US8162,80,80,YES,2026-01,80,0,0,80,NO,First ledger beginning is not 0
US8163,2167,0,YES,2026-01,0,2167,2167,2167,YES,
US8164,288,288,YES,2026-01,288,0,0,288,NO,First ledger beginning is not 0
US8165,142,142,YES,2026-01,142,0,0,142,NO,First ledger beginning is not 0
US8166,1029,1029,YES,2026-01,1029,0,0,1029,NO,First ledger beginning is not 0
US8167,42,42,YES,2026-01,42,0,0,42,NO,First ledger beginning is not 0
US8168,85,85,YES,2026-01,85,0,0,85,NO,First ledger beginning is not 0
US8169,132,132,YES,2026-01,132,0,0,132,NO,First ledger beginning is not 0
US8170,46,46,YES,2026-01,46,0,0,46,NO,First ledger beginning is not 0
US8171,241,241,YES,2026-01,241,0,0,241,NO,First ledger beginning is not 0
US8172,354,354,YES,2026-01,354,0,0,354,NO,First ledger beginning is not 0
US8173,1238,1238,YES,2026-01,1238,0,0,1238,NO,First ledger beginning is not 0
US8174,406,406,YES,2026-01,406,0,0,406,NO,First ledger beginning is not 0
US8175,147,147,YES,2026-01,147,0,0,147,NO,First ledger beginning is not 0
US8176,261,261,YES,2026-01,261,0,0,261,NO,First ledger beginning is not 0
US8178,68,68,YES,2026-01,68,0,0,68,NO,First ledger beginning is not 0
US8179,131,131,YES,2026-01,131,0,0,131,NO,First ledger beginning is not 0
US8180,813,813,YES,2026-01,813,0,0,813,NO,First ledger beginning is not 0
US8181,289,20,YES,2026-01,0,289,289,309,YES,
US8182,953,953,YES,2026-01,953,0,0,953,NO,First ledger beginning is not 0
US8183,148,148,YES,2026-01,148,0,0,148,NO,First ledger beginning is not 0
US8184,331,331,YES,2026-01,331,0,0,331,NO,First ledger beginning is not 0
US8185,410,410,YES,2026-01,410,0,0,410,NO,First ledger beginning is not 0
US8186,38,38,YES,2026-01,38,0,0,38,NO,First ledger beginning is not 0
US8187,11,11,YES,2026-01,11,0,0,11,NO,First ledger beginning is not 0
US8188,301,301,YES,2026-01,301,0,0,301,NO,First ledger beginning is not 0
US8189,161,161,YES,2026-01,161,0,0,161,NO,First ledger beginning is not 0
US819,290,290,YES,2026-01,290,0,0,290,NO,First ledger beginning is not 0
US8190,449,449,YES,2026-01,449,0,0,449,NO,First ledger beginning is not 0
US8191,56,56,YES,2026-01,56,0,0,56,NO,First ledger beginning is not 0
US8192,0,1787,YES,2026-01,1768,-1768,0,1787,NO,Starting balance is 0 or negative
US8193,0,599,YES,2026-01,599,-599,0,599,NO,Starting balance is 0 or negative
US8195,0,2,YES,2026-01,2,-2,0,2,NO,Starting balance is 0 or negative
US8196,0,522,YES,2026-01,522,-522,0,522,NO,Starting balance is 0 or negative
US8197,780,780,YES,2026-01,780,0,0,780,NO,First ledger beginning is not 0
US8198,10,10,YES,2026-01,10,0,0,10,NO,First ledger beginning is not 0
US8199,629,629,YES,2026-01,629,0,0,629,NO,First ledger beginning is not 0
US8200,96,96,YES,2026-01,96,0,0,96,NO,First ledger beginning is not 0
US8201,40,79,YES,2026-01,40,0,0,79,NO,First ledger beginning is not 0
US8202,519,561,YES,2026-01,519,0,0,561,NO,First ledger beginning is not 0
US8203,0,24,YES,2026-01,0,0,0,24,NO,Starting balance is 0 or negative
US8204,384,384,YES,2026-01,384,0,0,384,NO,First ledger beginning is not 0
US8205,1165,1165,YES,2026-01,1165,0,0,1165,NO,First ledger beginning is not 0
US8206,0,1356,NO,,0,0,0,1356,NO,Starting balance is 0 or negative
US8208,751,751,YES,2026-01,751,0,0,751,NO,First ledger beginning is not 0
US8210,310,0,YES,2026-01,0,310,310,310,YES,
US8211,1507,1533,YES,2026-01,1507,0,0,1533,NO,First ledger beginning is not 0
US8212,75,75,YES,2026-01,75,0,0,75,NO,First ledger beginning is not 0
US8213,80,80,YES,2026-01,80,0,0,80,NO,First ledger beginning is not 0
US821390,0,0,NO,,0,0,0,0,NO,Starting balance is 0 or negative
US8214,455,455,YES,2026-01,455,0,0,455,NO,First ledger beginning is not 0
US8217,201,201,YES,2026-01,201,0,0,201,NO,First ledger beginning is not 0
US8218,170,186,YES,2026-01,170,0,0,186,NO,First ledger beginning is not 0
US8219,662,662,YES,2026-01,662,0,0,662,NO,First ledger beginning is not 0
US822,238,238,YES,2026-01,238,0,0,238,NO,First ledger beginning is not 0
US8220,0,234,YES,2026-01,234,-234,0,234,NO,Starting balance is 0 or negative
US8221,729,729,YES,2026-01,729,0,0,729,NO,First ledger beginning is not 0
US8222,0,12,YES,2026-01,12,-12,0,12,NO,Starting balance is 0 or negative
US8224,756,756,YES,2026-01,756,0,0,756,NO,First ledger beginning is not 0
US8225,8,8,YES,2026-01,8,0,0,8,NO,First ledger beginning is not 0
US8226,823,823,YES,2026-01,823,0,0,823,NO,First ledger beginning is not 0
US8227,0,1326,YES,2026-01,1284,-1284,0,1326,NO,Starting balance is 0 or negative
US8230,3,3,YES,2026-01,3,0,0,3,NO,First ledger beginning is not 0
US8231,267,267,YES,2026-01,267,0,0,267,NO,First ledger beginning is not 0
US8232,7,7,YES,2026-01,7,0,0,7,NO,First ledger beginning is not 0
US8233,52,52,YES,2026-01,52,0,0,52,NO,First ledger beginning is not 0
US8234,189,189,YES,2026-01,189,0,0,189,NO,First ledger beginning is not 0
US8235,0,76,YES,2026-01,76,-76,0,76,NO,Starting balance is 0 or negative
US8236,0,231,YES,2026-01,231,-231,0,231,NO,Starting balance is 0 or negative
US8237,102,35,YES,2026-01,0,102,102,137,YES,
US8238,32,32,YES,2026-01,32,0,0,32,NO,First ledger beginning is not 0
US8240,214,214,YES,2026-01,214,0,0,214,NO,First ledger beginning is not 0
US8241,673,673,YES,2026-01,673,0,0,673,NO,First ledger beginning is not 0
US8242,14,14,YES,2026-01,14,0,0,14,NO,First ledger beginning is not 0
US8243,161,161,YES,2026-01,161,0,0,161,NO,First ledger beginning is not 0
US8244,365,365,YES,2026-01,365,0,0,365,NO,First ledger beginning is not 0
US8245,0,376,YES,2026-01,376,-376,0,376,NO,Starting balance is 0 or negative
US8246,73,0,YES,2026-01,0,73,73,73,YES,
US8247,0,35,YES,2026-01,0,0,0,35,NO,Starting balance is 0 or negative
US8248,399,399,YES,2026-01,399,0,0,399,NO,First ledger beginning is not 0
US8249,216,216,YES,2026-01,216,0,0,216,NO,First ledger beginning is not 0
US825,258,258,YES,2026-01,258,0,0,258,NO,First ledger beginning is not 0
US8250,128,128,YES,2026-01,128,0,0,128,NO,First ledger beginning is not 0
US825023,0,25,NO,,0,0,0,25,NO,Starting balance is 0 or negative
US8253,70,70,YES,2026-01,70,0,0,70,NO,First ledger beginning is not 0
US8254,0,5,YES,2026-01,5,-5,0,5,NO,Starting balance is 0 or negative
US8255,0,1465,YES,2026-01,1465,-1465,0,1465,NO,Starting balance is 0 or negative
US8256,0,865,YES,2026-01,865,-865,0,865,NO,Starting balance is 0 or negative
US8257,0,443,YES,2026-01,404,-404,0,443,NO,Starting balance is 0 or negative
US8258,666,682,YES,2026-01,666,0,0,682,NO,First ledger beginning is not 0
US8259,0,154,YES,2026-01,154,-154,0,154,NO,Starting balance is 0 or negative
US8262,332,332,YES,2026-01,332,0,0,332,NO,First ledger beginning is not 0
US8263,4698,4698,YES,2026-01,4698,0,0,4698,NO,First ledger beginning is not 0
US8264,51,51,YES,2026-01,51,0,0,51,NO,First ledger beginning is not 0
US8265,0,428,YES,2026-01,428,-428,0,428,NO,Starting balance is 0 or negative
US8266,909,924,YES,2026-01,909,0,0,924,NO,First ledger beginning is not 0
US8267,1404,0,YES,2026-01,0,1404,1404,1404,YES,
US8268,238,238,YES,2026-01,238,0,0,238,NO,First ledger beginning is not 0
US8269,1414,1414,YES,2026-01,1414,0,0,1414,NO,First ledger beginning is not 0
US8270,216,216,YES,2026-01,216,0,0,216,NO,First ledger beginning is not 0
US8271,53,53,YES,2026-01,53,0,0,53,NO,First ledger beginning is not 0
US827107,0,0,NO,,0,0,0,0,NO,Starting balance is 0 or negative
US8272,0,1561,YES,2026-01,1561,-1561,0,1561,NO,Starting balance is 0 or negative
US8274,144,144,YES,2026-01,144,0,0,144,NO,First ledger beginning is not 0
US8275,205,205,YES,2026-01,205,0,0,205,NO,First ledger beginning is not 0
US8276,85,85,YES,2026-01,85,0,0,85,NO,First ledger beginning is not 0
US8277,0,94,YES,2026-01,94,-94,0,94,NO,Starting balance is 0 or negative
US8278,61,61,YES,2026-01,61,0,0,61,NO,First ledger beginning is not 0
US8280,21,21,YES,2026-01,21,0,0,21,NO,First ledger beginning is not 0
US8281,113,113,YES,2026-01,113,0,0,113,NO,First ledger beginning is not 0
US8282,678,678,YES,2026-01,678,0,0,678,NO,First ledger beginning is not 0
US8283,513,513,YES,2026-01,513,0,0,513,NO,First ledger beginning is not 0
US8284,540,0,YES,2026-01,0,540,540,540,YES,
US8286,228,228,YES,2026-01,228,0,0,228,NO,First ledger beginning is not 0
US8287,509,509,YES,2026-01,509,0,0,509,NO,First ledger beginning is not 0
US8288,100,100,YES,2026-01,100,0,0,100,NO,First ledger beginning is not 0
US829,33,75,YES,2026-01,33,0,0,75,NO,First ledger beginning is not 0
US8290,64,64,YES,2026-01,64,0,0,64,NO,First ledger beginning is not 0
US8291,0,101,YES,2026-01,101,-101,0,101,NO,Starting balance is 0 or negative
US8292,0,61,YES,2026-01,61,-61,0,61,NO,Starting balance is 0 or negative
US8293,133,133,YES,2026-01,133,0,0,133,NO,First ledger beginning is not 0
US8294,38,38,YES,2026-01,38,0,0,38,NO,First ledger beginning is not 0
US8295,0,315,YES,2026-01,315,-315,0,315,NO,Starting balance is 0 or negative
US8296,608,608,YES,2026-01,608,0,0,608,NO,First ledger beginning is not 0
US8297,0,41,YES,2026-01,41,-41,0,41,NO,Starting balance is 0 or negative
US8298,39,39,YES,2026-01,39,0,0,39,NO,First ledger beginning is not 0
US8300,462,462,YES,2026-01,462,0,0,462,NO,First ledger beginning is not 0
US8301,0,32,YES,2026-01,0,0,0,32,NO,Starting balance is 0 or negative
US8302,10,45,YES,2026-01,0,10,10,55,YES,
US8303,0,129,YES,2026-01,129,-129,0,129,NO,Starting balance is 0 or negative
US8304,1564,1581,YES,2026-01,1564,0,0,1581,NO,First ledger beginning is not 0
US8305,314,314,YES,2026-01,314,0,0,314,NO,First ledger beginning is not 0
US8306,0,115,YES,2026-01,115,-115,0,115,NO,Starting balance is 0 or negative
US8307,0,410,YES,2026-01,410,-410,0,410,NO,Starting balance is 0 or negative
US8308,30,30,YES,2026-01,30,0,0,30,NO,First ledger beginning is not 0
US8309,0,210,YES,2026-01,210,-210,0,210,NO,Starting balance is 0 or negative
US831,12,28,YES,2026-01,12,0,0,28,NO,First ledger beginning is not 0
US8310,26,26,YES,2026-01,26,0,0,26,NO,First ledger beginning is not 0
US8311,192,192,YES,2026-01,192,0,0,192,NO,First ledger beginning is not 0
US8312,114,114,YES,2026-01,114,0,0,114,NO,First ledger beginning is not 0
US8313,0,587,YES,2026-01,587,-587,0,587,NO,Starting balance is 0 or negative
US8314,169,169,YES,2026-01,169,0,0,169,NO,First ledger beginning is not 0
US8316,180,180,YES,2026-01,180,0,0,180,NO,First ledger beginning is not 0
US8317,0,13,YES,2026-01,13,-13,0,13,NO,Starting balance is 0 or negative
US8319,75,75,YES,2026-01,75,0,0,75,NO,First ledger beginning is not 0
US832,46,46,YES,2026-01,46,0,0,46,NO,First ledger beginning is not 0
US8320,344,344,YES,2026-01,344,0,0,344,NO,First ledger beginning is not 0
US8321,0,506,YES,2026-01,506,-506,0,506,NO,Starting balance is 0 or negative
US8322,0,27,YES,2026-01,27,-27,0,27,NO,Starting balance is 0 or negative
US832200,0,0,NO,,0,0,0,0,NO,Starting balance is 0 or negative
US8323,0,383,YES,2026-01,383,-383,0,383,NO,Starting balance is 0 or negative
US8327,0,604,YES,2026-01,565,-565,0,604,NO,Starting balance is 0 or negative
US8328,0,116,YES,2026-01,0,0,0,116,NO,Starting balance is 0 or negative
US8329,250,250,YES,2026-01,250,0,0,250,NO,First ledger beginning is not 0
US833,132,132,YES,2026-01,132,0,0,132,NO,First ledger beginning is not 0
US8330,0,172,YES,2026-01,172,-172,0,172,NO,Starting balance is 0 or negative
US8331,0,143,YES,2026-01,143,-143,0,143,NO,Starting balance is 0 or negative
US8332,281,281,YES,2026-01,281,0,0,281,NO,First ledger beginning is not 0
US8333,0,144,YES,2026-01,144,-144,0,144,NO,Starting balance is 0 or negative
US8334,402,402,YES,2026-01,402,0,0,402,NO,First ledger beginning is not 0
US8335,0,108,YES,2026-01,108,-108,0,108,NO,Starting balance is 0 or negative
US8336,231,231,YES,2026-01,231,0,0,231,NO,First ledger beginning is not 0
US8337,0,95,YES,2026-01,95,-95,0,95,NO,Starting balance is 0 or negative
US8338,384,384,YES,2026-01,384,0,0,384,NO,First ledger beginning is not 0
US8339,0,712,YES,2026-01,712,-712,0,712,NO,Starting balance is 0 or negative
US834,36,60,YES,2026-01,36,0,0,60,NO,First ledger beginning is not 0
US8340,162,162,YES,2026-01,162,0,0,162,NO,First ledger beginning is not 0
US8341,48,48,YES,2026-01,48,0,0,48,NO,First ledger beginning is not 0
US8342,94,113,YES,2026-01,94,0,0,113,NO,First ledger beginning is not 0
US8343,0,352,YES,2026-01,313,-313,0,352,NO,Starting balance is 0 or negative
US8344,0,14,YES,2026-01,14,-14,0,14,NO,Starting balance is 0 or negative
US8346,0,187,YES,2026-01,187,-187,0,187,NO,Starting balance is 0 or negative
US8347,0,248,YES,2026-01,248,-248,0,248,NO,Starting balance is 0 or negative
US8349,0,37,YES,2026-01,0,0,0,37,NO,Starting balance is 0 or negative
US8350,453,453,YES,2026-01,453,0,0,453,NO,First ledger beginning is not 0
US835018,0,0,NO,,0,0,0,0,NO,Starting balance is 0 or negative
US8353,0,114,YES,2026-01,114,-114,0,114,NO,Starting balance is 0 or negative
US8354,206,206,YES,2026-01,206,0,0,206,NO,First ledger beginning is not 0
US8355,307,307,YES,2026-01,307,0,0,307,NO,First ledger beginning is not 0
US8356,0,8,YES,2026-01,0,0,0,8,NO,Starting balance is 0 or negative
US835671,0,0,NO,,0,0,0,0,NO,Starting balance is 0 or negative
US8357,0,3,YES,2026-01,3,-3,0,3,NO,Starting balance is 0 or negative
US8359,536,536,YES,2026-01,536,0,0,536,NO,First ledger beginning is not 0
US8360,0,556,YES,2026-01,556,-556,0,556,NO,Starting balance is 0 or negative
US8361,261,261,YES,2026-01,261,0,0,261,NO,First ledger beginning is not 0
US8363,26,26,YES,2026-01,26,0,0,26,NO,First ledger beginning is not 0
US8364,0,1026,YES,2026-01,1026,-1026,0,1026,NO,Starting balance is 0 or negative
US8365,672,672,YES,2026-01,672,0,0,672,NO,First ledger beginning is not 0
US8367,406,441,YES,2026-01,0,406,406,847,YES,
US8368,61,61,YES,2026-01,61,0,0,61,NO,First ledger beginning is not 0
US8369,0,91,YES,2026-01,91,-91,0,91,NO,Starting balance is 0 or negative
US8370,0,273,YES,2026-01,273,-273,0,273,NO,Starting balance is 0 or negative
US8371,0,338,YES,2026-01,338,-338,0,338,NO,Starting balance is 0 or negative
US8372,1142,0,YES,2026-01,0,1142,1142,1142,YES,
US8373,769,16,YES,2026-01,0,769,769,785,YES,
US8374,34,34,YES,2026-01,34,0,0,34,NO,First ledger beginning is not 0
US8375,0,46,YES,2026-01,46,-46,0,46,NO,Starting balance is 0 or negative
US8376,0,31,YES,2026-01,31,-31,0,31,NO,Starting balance is 0 or negative
US8377,0,45,YES,2026-01,45,-45,0,45,NO,Starting balance is 0 or negative
US8378,398,0,YES,2026-01,0,398,398,398,YES,
US8379,0,1129,YES,2026-01,1129,-1129,0,1129,NO,Starting balance is 0 or negative
US8380,0,77,YES,2026-01,77,-77,0,77,NO,Starting balance is 0 or negative
US8381,0,66,YES,2026-01,66,-66,0,66,NO,Starting balance is 0 or negative
US8382,488,488,YES,2026-01,488,0,0,488,NO,First ledger beginning is not 0
US8383,280,280,YES,2026-01,280,0,0,280,NO,First ledger beginning is not 0
US8384,73,73,YES,2026-01,73,0,0,73,NO,First ledger beginning is not 0
US8385,601,601,YES,2026-01,601,0,0,601,NO,First ledger beginning is not 0
US8386,459,478,YES,2026-01,459,0,0,478,NO,First ledger beginning is not 0
US8388,294,294,YES,2026-01,294,0,0,294,NO,First ledger beginning is not 0
US8390,333,333,YES,2026-01,333,0,0,333,NO,First ledger beginning is not 0
US8391,123,123,YES,2026-01,123,0,0,123,NO,First ledger beginning is not 0
US8392,0,217,YES,2026-01,217,-217,0,217,NO,Starting balance is 0 or negative
US8393,110,110,YES,2026-01,110,0,0,110,NO,First ledger beginning is not 0
US8394,0,165,YES,2026-01,165,-165,0,165,NO,Starting balance is 0 or negative
US8395,85,85,YES,2026-01,85,0,0,85,NO,First ledger beginning is not 0
US8396,679,679,YES,2026-01,679,0,0,679,NO,First ledger beginning is not 0
US8397,130,130,YES,2026-01,130,0,0,130,NO,First ledger beginning is not 0
US8398,157,157,YES,2026-01,157,0,0,157,NO,First ledger beginning is not 0
US8399,115,115,YES,2026-01,115,0,0,115,NO,First ledger beginning is not 0
US8400,191,191,YES,2026-01,191,0,0,191,NO,First ledger beginning is not 0
US8401,84,84,YES,2026-01,84,0,0,84,NO,First ledger beginning is not 0
US8402,618,19,YES,2026-01,0,618,618,637,YES,
US8403,88,88,YES,2026-01,88,0,0,88,NO,First ledger beginning is not 0
US8404,169,169,YES,2026-01,169,0,0,169,NO,First ledger beginning is not 0
US8407,618,618,YES,2026-01,618,0,0,618,NO,First ledger beginning is not 0
US8408,376,376,YES,2026-01,376,0,0,376,NO,First ledger beginning is not 0
US8410,482,482,YES,2026-01,482,0,0,482,NO,First ledger beginning is not 0
US8411,0,0,YES,2026-01,0,0,0,0,NO,Starting balance is 0 or negative
US8412,892,0,YES,2026-01,0,892,892,892,YES,
US8414,39,39,YES,2026-01,39,0,0,39,NO,First ledger beginning is not 0
US8415,248,248,YES,2026-01,248,0,0,248,NO,First ledger beginning is not 0
US8417,64,64,YES,2026-01,64,0,0,64,NO,First ledger beginning is not 0
US8418,113,113,YES,2026-01,113,0,0,113,NO,First ledger beginning is not 0
US8419,160,25,YES,2026-01,0,160,160,185,YES,
US842,232,232,YES,2026-01,232,0,0,232,NO,First ledger beginning is not 0
US8420,122,122,YES,2026-01,122,0,0,122,NO,First ledger beginning is not 0
US8421,388,23,YES,2026-01,0,388,388,411,YES,
US8422,0,44,YES,2026-01,44,-44,0,44,NO,Starting balance is 0 or negative
US8425,737,737,YES,2026-01,737,0,0,737,NO,First ledger beginning is not 0
US8426,13,33,YES,2026-01,0,13,13,46,YES,
US8427,148,167,YES,2026-01,148,0,0,167,NO,First ledger beginning is not 0
US8428,74,74,YES,2026-01,74,0,0,74,NO,First ledger beginning is not 0
US8430,31,31,YES,2026-01,31,0,0,31,NO,First ledger beginning is not 0
US8431,300,300,YES,2026-01,300,0,0,300,NO,First ledger beginning is not 0
US8432,408,424,YES,2026-01,408,0,0,424,NO,First ledger beginning is not 0
US8433,735,735,YES,2026-01,735,0,0,735,NO,First ledger beginning is not 0
US8434,251,251,YES,2026-01,251,0,0,251,NO,First ledger beginning is not 0
US8435,51,51,YES,2026-01,51,0,0,51,NO,First ledger beginning is not 0
US8436,21,60,YES,2026-01,21,0,0,60,NO,First ledger beginning is not 0
US8437,279,279,YES,2026-01,279,0,0,279,NO,First ledger beginning is not 0
US8438,725,725,YES,2026-01,725,0,0,725,NO,First ledger beginning is not 0
US8439,336,370,YES,2026-01,336,0,0,370,NO,First ledger beginning is not 0
US844,121,121,YES,2026-01,121,0,0,121,NO,First ledger beginning is not 0
US8440,1737,310,YES,2026-01,0,1737,1737,2047,YES,
US8441,48,48,YES,2026-01,48,0,0,48,NO,First ledger beginning is not 0
US8442,1,0,YES,2026-01,0,1,1,1,YES,
US8443,842,842,YES,2026-01,842,0,0,842,NO,First ledger beginning is not 0
US8444,30,30,YES,2026-01,30,0,0,30,NO,First ledger beginning is not 0
US8445,252,252,YES,2026-01,252,0,0,252,NO,First ledger beginning is not 0
US8446,197,236,YES,2026-01,197,0,0,236,NO,First ledger beginning is not 0
US8447,0,65,YES,2026-01,65,-65,0,65,NO,Starting balance is 0 or negative
US8448,174,174,YES,2026-01,174,0,0,174,NO,First ledger beginning is not 0
US8449,305,305,YES,2026-01,305,0,0,305,NO,First ledger beginning is not 0
US8450,0,75,YES,2026-01,75,-75,0,75,NO,Starting balance is 0 or negative
US8451,1,21,YES,2026-01,0,1,1,22,YES,
US8452,3897,3897,YES,2026-01,3897,0,0,3897,NO,First ledger beginning is not 0
US8453,0,1074,YES,2026-01,1074,-1074,0,1074,NO,Starting balance is 0 or negative
US8454,254,254,YES,2026-01,254,0,0,254,NO,First ledger beginning is not 0
US8455,0,0,YES,2026-01,0,0,0,0,NO,Starting balance is 0 or negative
US8456,1584,0,YES,2026-01,0,1584,1584,1584,YES,
US8457,13,13,YES,2026-01,13,0,0,13,NO,First ledger beginning is not 0
US8458,0,72,YES,2026-01,72,-72,0,72,NO,Starting balance is 0 or negative
US8459,178,178,YES,2026-01,178,0,0,178,NO,First ledger beginning is not 0
US846,337,337,YES,2026-01,337,0,0,337,NO,First ledger beginning is not 0
US8460,25,25,YES,2026-01,25,0,0,25,NO,First ledger beginning is not 0
US8461,0,3,YES,2026-01,3,-3,0,3,NO,Starting balance is 0 or negative
US8462,63,63,YES,2026-01,63,0,0,63,NO,First ledger beginning is not 0
US8464,0,1486,YES,2026-01,1457,-1457,0,1486,NO,Starting balance is 0 or negative
US8465,274,274,YES,2026-01,274,0,0,274,NO,First ledger beginning is not 0
US8466,65,65,YES,2026-01,65,0,0,65,NO,First ledger beginning is not 0
US8467,167,167,YES,2026-01,167,0,0,167,NO,First ledger beginning is not 0
US8468,0,19,YES,2026-01,19,-19,0,19,NO,Starting balance is 0 or negative
US8469,6,6,YES,2026-01,6,0,0,6,NO,First ledger beginning is not 0
US8470,0,1951,YES,2026-01,0,0,0,1951,NO,Starting balance is 0 or negative
US8471,62,62,YES,2026-01,62,0,0,62,NO,First ledger beginning is not 0
US8473,0,178,YES,2026-01,178,-178,0,178,NO,Starting balance is 0 or negative
US8474,41,41,YES,2026-01,41,0,0,41,NO,First ledger beginning is not 0
US8475,0,0,YES,2026-01,0,0,0,0,NO,Starting balance is 0 or negative
US8476,1027,1027,YES,2026-01,1027,0,0,1027,NO,First ledger beginning is not 0
US8478,58,58,YES,2026-01,58,0,0,58,NO,First ledger beginning is not 0
US8479,0,525,YES,2026-01,525,-525,0,525,NO,Starting balance is 0 or negative
US848,34,19,YES,2026-01,19,15,0,19,NO,First ledger beginning is not 0
US8480,0,453,YES,2026-01,453,-453,0,453,NO,Starting balance is 0 or negative
US8481,1127,1127,YES,2026-01,1127,0,0,1127,NO,First ledger beginning is not 0
US8482,150,150,YES,2026-01,150,0,0,150,NO,First ledger beginning is not 0
US8484,0,0,YES,2026-01,0,0,0,0,NO,Starting balance is 0 or negative
US8485,1,1,YES,2026-01,1,0,0,1,NO,First ledger beginning is not 0
US8486,0,174,YES,2026-01,174,-174,0,174,NO,Starting balance is 0 or negative
US8487,30,30,YES,2026-01,30,0,0,30,NO,First ledger beginning is not 0
US8488,0,3488,YES,2026-01,3488,-3488,0,3488,NO,Starting balance is 0 or negative
US8489,272,272,YES,2026-01,272,0,0,272,NO,First ledger beginning is not 0
US8492,0,493,YES,2026-01,493,-493,0,493,NO,Starting balance is 0 or negative
US8493,0,136,YES,2026-01,136,-136,0,136,NO,Starting balance is 0 or negative
US8494,0,208,YES,2026-01,176,-176,0,208,NO,Starting balance is 0 or negative
US8495,0,119,YES,2026-01,119,-119,0,119,NO,Starting balance is 0 or negative
US8496,0,15,YES,2026-01,15,-15,0,15,NO,Starting balance is 0 or negative
US8497,299,299,YES,2026-01,299,0,0,299,NO,First ledger beginning is not 0
US8498,57,57,YES,2026-01,57,0,0,57,NO,First ledger beginning is not 0
US8499,531,531,YES,2026-01,531,0,0,531,NO,First ledger beginning is not 0
US8502,745,745,YES,2026-01,745,0,0,745,NO,First ledger beginning is not 0
US8503,0,3668,YES,2026-01,3580,-3580,0,3668,NO,Starting balance is 0 or negative
US8504,42,42,YES,2026-01,42,0,0,42,NO,First ledger beginning is not 0
US8505,309,309,YES,2026-01,309,0,0,309,NO,First ledger beginning is not 0
US8506,0,508,YES,2026-01,508,-508,0,508,NO,Starting balance is 0 or negative
US8507,153,153,YES,2026-01,153,0,0,153,NO,First ledger beginning is not 0
US8508,2272,2272,YES,2026-01,2272,0,0,2272,NO,First ledger beginning is not 0
US8509,22,22,YES,2026-01,22,0,0,22,NO,First ledger beginning is not 0
US851,1381,1381,YES,2026-01,1381,0,0,1381,NO,First ledger beginning is not 0
US8510,684,701,YES,2026-01,684,0,0,701,NO,First ledger beginning is not 0
US8511,507,507,YES,2026-01,507,0,0,507,NO,First ledger beginning is not 0
US8512,276,276,YES,2026-01,276,0,0,276,NO,First ledger beginning is not 0
US8514,0,13,YES,2026-01,13,-13,0,13,NO,Starting balance is 0 or negative
US8515,100,100,YES,2026-01,100,0,0,100,NO,First ledger beginning is not 0
US8516,1633,1633,YES,2026-01,1633,0,0,1633,NO,First ledger beginning is not 0
US8519,0,151,YES,2026-01,151,-151,0,151,NO,Starting balance is 0 or negative
US8521,197,197,YES,2026-01,197,0,0,197,NO,First ledger beginning is not 0
US8522,31,31,YES,2026-01,31,0,0,31,NO,First ledger beginning is not 0
US8523,1255,1255,YES,2026-01,1255,0,0,1255,NO,First ledger beginning is not 0
US8525,354,354,YES,2026-01,354,0,0,354,NO,First ledger beginning is not 0
US8526,153,153,YES,2026-01,153,0,0,153,NO,First ledger beginning is not 0
US8527,0,180,YES,2026-01,180,-180,0,180,NO,Starting balance is 0 or negative
US8528,21,21,YES,2026-01,21,0,0,21,NO,First ledger beginning is not 0
US8529,0,919,YES,2026-01,919,-919,0,919,NO,Starting balance is 0 or negative
US8530,0,4139,YES,2026-01,4139,-4139,0,4139,NO,Starting balance is 0 or negative
US8531,164,164,YES,2026-01,164,0,0,164,NO,First ledger beginning is not 0
US8533,158,158,YES,2026-01,158,0,0,158,NO,First ledger beginning is not 0
US8534,264,297,YES,2026-01,264,0,0,297,NO,First ledger beginning is not 0
US8535,1184,1184,YES,2026-01,1184,0,0,1184,NO,First ledger beginning is not 0
US8536,124,124,YES,2026-01,124,0,0,124,NO,First ledger beginning is not 0
US8537,1200,0,YES,2026-01,0,1200,1200,1200,YES,
US8538,164,164,YES,2026-01,164,0,0,164,NO,First ledger beginning is not 0
US8539,0,381,YES,2026-01,381,-381,0,381,NO,Starting balance is 0 or negative
US8540,0,578,YES,2026-01,578,-578,0,578,NO,Starting balance is 0 or negative
US8541,216,216,YES,2026-01,216,0,0,216,NO,First ledger beginning is not 0
US8542,532,560,YES,2026-01,532,0,0,560,NO,First ledger beginning is not 0
US8543,0,135,YES,2026-01,135,-135,0,135,NO,Starting balance is 0 or negative
US8544,55,55,YES,2026-01,55,0,0,55,NO,First ledger beginning is not 0
US8545,1358,0,YES,2026-01,0,1358,1358,1358,YES,
US8546,237,237,YES,2026-01,237,0,0,237,NO,First ledger beginning is not 0
US8547,419,419,YES,2026-01,419,0,0,419,NO,First ledger beginning is not 0
US8548,45,45,YES,2026-01,45,0,0,45,NO,First ledger beginning is not 0
US8549,221,221,YES,2026-01,221,0,0,221,NO,First ledger beginning is not 0
US855,434,27,YES,2026-01,0,434,434,461,YES,
US8550,359,359,YES,2026-01,359,0,0,359,NO,First ledger beginning is not 0
US8551,43,43,YES,2026-01,43,0,0,43,NO,First ledger beginning is not 0
US8552,0,113,YES,2026-01,113,-113,0,113,NO,Starting balance is 0 or negative
US8555,208,208,YES,2026-01,208,0,0,208,NO,First ledger beginning is not 0
US8556,227,227,YES,2026-01,227,0,0,227,NO,First ledger beginning is not 0
US855614,0,24,NO,,0,0,0,24,NO,Starting balance is 0 or negative
US8557,0,33,YES,2026-01,0,0,0,33,NO,Starting balance is 0 or negative
US8558,141,141,YES,2026-01,141,0,0,141,NO,First ledger beginning is not 0
US8559,274,293,YES,2026-01,274,0,0,293,NO,First ledger beginning is not 0
US856,861,889,YES,2026-01,861,0,0,889,NO,First ledger beginning is not 0
US8560,18,18,YES,2026-01,18,0,0,18,NO,First ledger beginning is not 0
US8561,7,24,YES,2026-01,0,7,7,31,YES,
US8562,0,454,YES,2026-01,454,-454,0,454,NO,Starting balance is 0 or negative
US8563,217,241,YES,2026-01,217,0,0,241,NO,First ledger beginning is not 0
US8564,32,32,YES,2026-01,32,0,0,32,NO,First ledger beginning is not 0
US856464,0,0,NO,,0,0,0,0,NO,Starting balance is 0 or negative
US8566,311,311,YES,2026-01,311,0,0,311,NO,First ledger beginning is not 0
US8567,72,72,YES,2026-01,72,0,0,72,NO,First ledger beginning is not 0
US8568,0,75,YES,2026-01,75,-75,0,75,NO,Starting balance is 0 or negative
US8569,0,135,YES,2026-01,135,-135,0,135,NO,Starting balance is 0 or negative
US857,11,11,YES,2026-01,11,0,0,11,NO,First ledger beginning is not 0
US8570,1339,1355,YES,2026-01,1339,0,0,1355,NO,First ledger beginning is not 0
US8571,0,10,YES,2026-01,10,-10,0,10,NO,Starting balance is 0 or negative
US8572,836,18,YES,2026-01,18,818,0,18,NO,First ledger beginning is not 0
US8573,2627,24,YES,2026-01,0,2627,2627,2651,YES,
US8574,217,217,YES,2026-01,217,0,0,217,NO,First ledger beginning is not 0
US8575,299,299,YES,2026-01,299,0,0,299,NO,First ledger beginning is not 0
US8576,72,72,YES,2026-01,72,0,0,72,NO,First ledger beginning is not 0
US8577,0,1121,YES,2026-01,1121,-1121,0,1121,NO,Starting balance is 0 or negative
US8578,482,482,YES,2026-01,482,0,0,482,NO,First ledger beginning is not 0
US8579,0,362,YES,2026-01,362,-362,0,362,NO,Starting balance is 0 or negative
US8580,52,52,YES,2026-01,52,0,0,52,NO,First ledger beginning is not 0
US8581,407,407,YES,2026-01,407,0,0,407,NO,First ledger beginning is not 0
US8582,198,198,YES,2026-01,198,0,0,198,NO,First ledger beginning is not 0
US8583,14,14,YES,2026-01,14,0,0,14,NO,First ledger beginning is not 0
US8585,0,325,YES,2026-01,325,-325,0,325,NO,Starting balance is 0 or negative
US8586,131,131,YES,2026-01,131,0,0,131,NO,First ledger beginning is not 0
US8587,0,913,YES,2026-01,913,-913,0,913,NO,Starting balance is 0 or negative
US8588,280,280,YES,2026-01,280,0,0,280,NO,First ledger beginning is not 0
US8589,0,188,YES,2026-01,188,-188,0,188,NO,Starting balance is 0 or negative
US8590,0,225,YES,2026-01,225,-225,0,225,NO,Starting balance is 0 or negative
US8591,0,142,YES,2026-01,142,-142,0,142,NO,Starting balance is 0 or negative
US8593,446,446,YES,2026-01,446,0,0,446,NO,First ledger beginning is not 0
US8594,190,190,YES,2026-01,190,0,0,190,NO,First ledger beginning is not 0
US8595,382,0,YES,2026-01,0,382,382,382,YES,
US8596,0,96,YES,2026-01,96,-96,0,96,NO,Starting balance is 0 or negative
US8597,268,268,YES,2026-01,268,0,0,268,NO,First ledger beginning is not 0
US8598,0,115,YES,2026-01,115,-115,0,115,NO,Starting balance is 0 or negative
US8599,0,90,YES,2026-01,0,0,0,90,NO,Starting balance is 0 or negative
US860,442,442,YES,2026-01,442,0,0,442,NO,First ledger beginning is not 0
US8600,24,24,YES,2026-01,24,0,0,24,NO,First ledger beginning is not 0
US8601,31,31,YES,2026-01,31,0,0,31,NO,First ledger beginning is not 0
US8602,92,92,YES,2026-01,92,0,0,92,NO,First ledger beginning is not 0
US8603,114,114,YES,2026-01,114,0,0,114,NO,First ledger beginning is not 0
US8604,0,10,YES,2026-01,10,-10,0,10,NO,Starting balance is 0 or negative
US8605,0,22,YES,2026-01,0,0,0,22,NO,Starting balance is 0 or negative
US8606,0,17,YES,2026-01,17,-17,0,17,NO,Starting balance is 0 or negative
US8607,0,18,YES,2026-01,0,0,0,18,NO,Starting balance is 0 or negative
US8608,1121,1121,YES,2026-01,1121,0,0,1121,NO,First ledger beginning is not 0
US8609,125,125,YES,2026-01,125,0,0,125,NO,First ledger beginning is not 0
US8610,0,0,YES,2026-01,0,0,0,0,NO,Starting balance is 0 or negative
US8611,834,834,YES,2026-01,834,0,0,834,NO,First ledger beginning is not 0
US8612,0,128,YES,2026-01,128,-128,0,128,NO,Starting balance is 0 or negative
US8613,164,164,YES,2026-01,164,0,0,164,NO,First ledger beginning is not 0
US8614,1,1,YES,2026-01,1,0,0,1,NO,First ledger beginning is not 0
US8616,0,670,YES,2026-01,670,-670,0,670,NO,Starting balance is 0 or negative
US8617,1148,1148,YES,2026-01,1148,0,0,1148,NO,First ledger beginning is not 0
US8618,305,305,YES,2026-01,305,0,0,305,NO,First ledger beginning is not 0
US8619,0,49,YES,2026-01,15,-15,0,49,NO,Starting balance is 0 or negative
US8620,88,88,YES,2026-01,88,0,0,88,NO,First ledger beginning is not 0
US8621,216,0,YES,2026-01,0,216,216,216,YES,
US8622,110,110,YES,2026-01,110,0,0,110,NO,First ledger beginning is not 0
US8623,0,40,YES,2026-01,40,-40,0,40,NO,Starting balance is 0 or negative
US8625,375,375,YES,2026-01,375,0,0,375,NO,First ledger beginning is not 0
US8626,1216,0,YES,2026-01,0,1216,1216,1216,YES,
US8627,0,325,YES,2026-01,303,-303,0,325,NO,Starting balance is 0 or negative
US8628,1744,1744,YES,2026-01,1744,0,0,1744,NO,First ledger beginning is not 0
US8629,0,99,YES,2026-01,99,-99,0,99,NO,Starting balance is 0 or negative
US863,270,270,YES,2026-01,270,0,0,270,NO,First ledger beginning is not 0
US8630,103,103,YES,2026-01,103,0,0,103,NO,First ledger beginning is not 0
US8632,958,958,YES,2026-01,958,0,0,958,NO,First ledger beginning is not 0
US8633,2123,2123,YES,2026-01,2123,0,0,2123,NO,First ledger beginning is not 0
US8634,52,52,YES,2026-01,52,0,0,52,NO,First ledger beginning is not 0
US8635,215,215,YES,2026-01,215,0,0,215,NO,First ledger beginning is not 0
US8636,1445,1445,YES,2026-01,1445,0,0,1445,NO,First ledger beginning is not 0
US8638,1,1,YES,2026-01,1,0,0,1,NO,First ledger beginning is not 0
US8639,476,476,YES,2026-01,476,0,0,476,NO,First ledger beginning is not 0
US864,2930,43,YES,2026-01,0,2930,2930,2973,YES,
US8640,99,99,YES,2026-01,99,0,0,99,NO,First ledger beginning is not 0
US8641,159,159,YES,2026-01,159,0,0,159,NO,First ledger beginning is not 0
US8642,11,11,YES,2026-01,11,0,0,11,NO,First ledger beginning is not 0
US8643,0,752,YES,2026-01,730,-730,0,752,NO,Starting balance is 0 or negative
US8644,889,0,YES,2026-01,0,889,889,889,YES,
US8645,0,33,YES,2026-01,0,0,0,33,NO,Starting balance is 0 or negative
US8646,92,109,YES,2026-01,92,0,0,109,NO,First ledger beginning is not 0
US8647,1091,1124,YES,2026-01,1091,0,0,1124,NO,First ledger beginning is not 0
US8648,54,87,YES,2026-01,54,0,0,87,NO,First ledger beginning is not 0
US8649,0,439,YES,2026-01,439,-439,0,439,NO,Starting balance is 0 or negative
US865,732,766,YES,2026-01,732,0,0,766,NO,First ledger beginning is not 0
US8650,1126,1143,YES,2026-01,0,1126,1126,2269,YES,
US8651,0,11,YES,2026-01,11,-11,0,11,NO,Starting balance is 0 or negative
US8652,126,126,YES,2026-01,126,0,0,126,NO,First ledger beginning is not 0
US8654,51,51,YES,2026-01,51,0,0,51,NO,First ledger beginning is not 0
US8655,1126,1126,YES,2026-01,1126,0,0,1126,NO,First ledger beginning is not 0
US8656,470,470,YES,2026-01,470,0,0,470,NO,First ledger beginning is not 0
US8657,684,684,YES,2026-01,684,0,0,684,NO,First ledger beginning is not 0
US8658,0,85,YES,2026-01,85,-85,0,85,NO,Starting balance is 0 or negative
US8659,34,34,YES,2026-01,34,0,0,34,NO,First ledger beginning is not 0
US866,456,456,YES,2026-01,456,0,0,456,NO,First ledger beginning is not 0
US8660,0,31,YES,2026-01,31,-31,0,31,NO,Starting balance is 0 or negative
US8661,40,40,YES,2026-01,40,0,0,40,NO,First ledger beginning is not 0
US8662,119,119,YES,2026-01,119,0,0,119,NO,First ledger beginning is not 0
US8663,865,889,YES,2026-01,865,0,0,889,NO,First ledger beginning is not 0
US8664,47,47,YES,2026-01,47,0,0,47,NO,First ledger beginning is not 0
US8665,45,45,YES,2026-01,45,0,0,45,NO,First ledger beginning is not 0
US8666,0,190,YES,2026-01,190,-190,0,190,NO,Starting balance is 0 or negative
US8667,326,326,YES,2026-01,326,0,0,326,NO,First ledger beginning is not 0
US8668,0,145,YES,2026-01,145,-145,0,145,NO,Starting balance is 0 or negative
US8670,706,739,YES,2026-01,706,0,0,739,NO,First ledger beginning is not 0
US8671,49,49,YES,2026-01,49,0,0,49,NO,First ledger beginning is not 0
US867112,0,0,NO,,0,0,0,0,NO,Starting balance is 0 or negative
US8672,11,11,YES,2026-01,11,0,0,11,NO,First ledger beginning is not 0
US8674,0,94,YES,2026-01,94,-94,0,94,NO,Starting balance is 0 or negative
US8675,0,14,YES,2026-01,14,-14,0,14,NO,Starting balance is 0 or negative
US8676,105,105,YES,2026-01,105,0,0,105,NO,First ledger beginning is not 0
US8677,206,206,YES,2026-01,206,0,0,206,NO,First ledger beginning is not 0
US8679,0,379,YES,2026-01,379,-379,0,379,NO,Starting balance is 0 or negative
US8680,44,22,YES,2026-01,0,44,44,66,YES,
US8681,0,229,YES,2026-01,229,-229,0,229,NO,Starting balance is 0 or negative
US8683,169,0,YES,2026-01,0,169,169,169,YES,
US8684,256,256,YES,2026-01,256,0,0,256,NO,First ledger beginning is not 0
US8686,228,228,YES,2026-01,228,0,0,228,NO,First ledger beginning is not 0
US8687,14,42,YES,2026-01,0,14,14,56,YES,
US8688,335,335,YES,2026-01,335,0,0,335,NO,First ledger beginning is not 0
US8689,116,143,YES,2026-01,116,0,0,143,NO,First ledger beginning is not 0
US8690,0,0,YES,2026-01,0,0,0,0,NO,Starting balance is 0 or negative
US8691,85,85,YES,2026-01,85,0,0,85,NO,First ledger beginning is not 0
US8692,0,112,YES,2026-01,112,-112,0,112,NO,Starting balance is 0 or negative
US869244,0,,NO,,,,0,,NO,Missing SR customer record
US8693,55,55,YES,2026-01,55,0,0,55,NO,First ledger beginning is not 0
US8694,121,121,YES,2026-01,121,0,0,121,NO,First ledger beginning is not 0
US8695,753,753,YES,2026-01,753,0,0,753,NO,First ledger beginning is not 0
US8696,0,303,YES,2026-01,303,-303,0,303,NO,Starting balance is 0 or negative
US8697,127,127,YES,2026-01,127,0,0,127,NO,First ledger beginning is not 0
US8698,10,31,YES,2026-01,10,0,0,31,NO,First ledger beginning is not 0
US8699,67,67,YES,2026-01,67,0,0,67,NO,First ledger beginning is not 0
US8701,0,0,YES,2026-01,0,0,0,0,NO,Starting balance is 0 or negative
US8702,0,16,YES,2026-01,16,-16,0,16,NO,Starting balance is 0 or negative
US8703,0,13,YES,2026-01,13,-13,0,13,NO,Starting balance is 0 or negative
US8705,75,379,YES,2026-01,75,0,0,379,NO,First ledger beginning is not 0
US8706,279,279,YES,2026-01,279,0,0,279,NO,First ledger beginning is not 0
US8707,0,98,YES,2026-01,98,-98,0,98,NO,Starting balance is 0 or negative
US8708,0,0,YES,2026-01,0,0,0,0,NO,Starting balance is 0 or negative
US8709,341,341,YES,2026-01,341,0,0,341,NO,First ledger beginning is not 0
US8710,13,13,YES,2026-01,13,0,0,13,NO,First ledger beginning is not 0
US8711,0,0,YES,2026-01,0,0,0,0,NO,Starting balance is 0 or negative
US8712,0,24,YES,2026-01,0,0,0,24,NO,Starting balance is 0 or negative
US8713,28,28,YES,2026-01,28,0,0,28,NO,First ledger beginning is not 0
US8714,16,16,YES,2026-01,16,0,0,16,NO,First ledger beginning is not 0
US871499,0,0,NO,,0,0,0,0,NO,Starting balance is 0 or negative
US8715,44,0,YES,2026-01,0,44,44,44,YES,
US8716,0,9,YES,2026-01,9,-9,0,9,NO,Starting balance is 0 or negative
US8718,0,101,YES,2026-01,101,-101,0,101,NO,Starting balance is 0 or negative
US8719,0,29,YES,2026-01,0,0,0,29,NO,Starting balance is 0 or negative
US872,456,456,YES,2026-01,456,0,0,456,NO,First ledger beginning is not 0
US8720,1013,18,YES,2026-01,0,1013,1013,1031,YES,
US8721,165,198,YES,2026-01,165,0,0,198,NO,First ledger beginning is not 0
US8723,1,27,YES,2026-01,1,0,0,27,NO,First ledger beginning is not 0
US8725,0,11,YES,2026-01,11,-11,0,11,NO,Starting balance is 0 or negative
US8726,0,0,YES,2026-01,0,0,0,0,NO,Starting balance is 0 or negative
US8728,28,28,YES,2026-01,28,0,0,28,NO,First ledger beginning is not 0
US8731,0,93,YES,2026-01,93,-93,0,93,NO,Starting balance is 0 or negative
US8732,38,38,YES,2026-01,38,0,0,38,NO,First ledger beginning is not 0
US8733,0,93,YES,2026-01,93,-93,0,93,NO,Starting balance is 0 or negative
US8734,20,20,YES,2026-01,20,0,0,20,NO,First ledger beginning is not 0
US8736,0,0,YES,2026-01,0,0,0,0,NO,Starting balance is 0 or negative
US8737,117,117,YES,2026-01,117,0,0,117,NO,First ledger beginning is not 0
US8739,0,418,YES,2026-01,400,-400,0,418,NO,Starting balance is 0 or negative
US8740,14,14,YES,2026-01,14,0,0,14,NO,First ledger beginning is not 0
US8742,0,118,YES,2026-01,118,-118,0,118,NO,Starting balance is 0 or negative
US8743,38,38,YES,2026-01,38,0,0,38,NO,First ledger beginning is not 0
US8744,257,257,YES,2026-01,257,0,0,257,NO,First ledger beginning is not 0
US8745,0,916,YES,2026-01,916,-916,0,916,NO,Starting balance is 0 or negative
US8746,0,84,YES,2026-01,84,-84,0,84,NO,Starting balance is 0 or negative
US8747,35,35,YES,2026-01,35,0,0,35,NO,First ledger beginning is not 0
US8748,0,132,YES,2026-01,132,-132,0,132,NO,Starting balance is 0 or negative
US8749,10,10,YES,2026-01,10,0,0,10,NO,First ledger beginning is not 0
US875,404,404,YES,2026-01,404,0,0,404,NO,First ledger beginning is not 0
US8750,0,19,YES,2026-01,19,-19,0,19,NO,Starting balance is 0 or negative
US8751,0,88,YES,2026-01,88,-88,0,88,NO,Starting balance is 0 or negative
US8752,0,0,YES,2026-01,0,0,0,0,NO,Starting balance is 0 or negative
US8753,0,390,YES,2026-01,390,-390,0,390,NO,Starting balance is 0 or negative
US8754,1,1,YES,2026-01,1,0,0,1,NO,First ledger beginning is not 0
US8755,0,95,YES,2026-01,95,-95,0,95,NO,Starting balance is 0 or negative
US8756,0,28,YES,2026-01,0,0,0,28,NO,Starting balance is 0 or negative
US8758,216,216,YES,2026-01,216,0,0,216,NO,First ledger beginning is not 0
US8759,0,82,YES,2026-01,82,-82,0,82,NO,Starting balance is 0 or negative
US8761,0,508,YES,2026-01,508,-508,0,508,NO,Starting balance is 0 or negative
US8762,124,124,YES,2026-01,124,0,0,124,NO,First ledger beginning is not 0
US8763,122,122,YES,2026-01,122,0,0,122,NO,First ledger beginning is not 0
US8764,436,436,YES,2026-01,436,0,0,436,NO,First ledger beginning is not 0
US8766,31,31,YES,2026-01,31,0,0,31,NO,First ledger beginning is not 0
US8767,95,24,YES,2026-01,0,95,95,119,YES,
US8769,0,38,YES,2026-01,38,-38,0,38,NO,Starting balance is 0 or negative
US8770,0,174,YES,2026-01,174,-174,0,174,NO,Starting balance is 0 or negative
US8772,201,201,YES,2026-01,201,0,0,201,NO,First ledger beginning is not 0
US8773,0,31,YES,2026-01,31,-31,0,31,NO,Starting balance is 0 or negative
US8774,62,177,YES,2026-01,62,0,0,177,NO,First ledger beginning is not 0
US8776,0,316,YES,2026-01,316,-316,0,316,NO,Starting balance is 0 or negative
US8778,662,662,YES,2026-01,662,0,0,662,NO,First ledger beginning is not 0
US8779,538,538,YES,2026-01,538,0,0,538,NO,First ledger beginning is not 0
US8780,77,77,YES,2026-01,77,0,0,77,NO,First ledger beginning is not 0
US8781,114,114,YES,2026-01,114,0,0,114,NO,First ledger beginning is not 0
US8783,446,446,YES,2026-01,446,0,0,446,NO,First ledger beginning is not 0
US8784,0,17,YES,2026-01,17,-17,0,17,NO,Starting balance is 0 or negative
US8786,141,160,YES,2026-01,141,0,0,160,NO,First ledger beginning is not 0
US8787,35,35,YES,2026-01,35,0,0,35,NO,First ledger beginning is not 0
US8789,13,13,YES,2026-01,13,0,0,13,NO,First ledger beginning is not 0
US8790,0,103,YES,2026-01,0,0,0,103,NO,Starting balance is 0 or negative
US8791,8117,40,YES,2026-01,0,8117,8117,8157,YES,
US8793,10,10,YES,2026-01,10,0,0,10,NO,First ledger beginning is not 0
US8794,24,24,YES,2026-01,24,0,0,24,NO,First ledger beginning is not 0
US8795,0,242,YES,2026-01,149,-149,0,242,NO,Starting balance is 0 or negative
US8796,171,190,YES,2026-01,171,0,0,190,NO,First ledger beginning is not 0
US8797,689,689,YES,2026-01,689,0,0,689,NO,First ledger beginning is not 0
US8798,0,55,YES,2026-01,55,-55,0,55,NO,Starting balance is 0 or negative
US8799,0,184,YES,2026-01,184,-184,0,184,NO,Starting balance is 0 or negative
US880,1516,1539,YES,2026-01,1539,-23,0,1539,NO,First ledger beginning is not 0
US8800,37,37,YES,2026-01,37,0,0,37,NO,First ledger beginning is not 0
US8801,24,24,YES,2026-01,24,0,0,24,NO,First ledger beginning is not 0
US8802,168,28,YES,2026-01,0,168,168,196,YES,
US8803,0,0,YES,2026-01,0,0,0,0,NO,Starting balance is 0 or negative
US8804,0,22,YES,2026-01,22,-22,0,22,NO,Starting balance is 0 or negative
US8805,148,148,YES,2026-01,148,0,0,148,NO,First ledger beginning is not 0
US8806,63,63,YES,2026-01,63,0,0,63,NO,First ledger beginning is not 0
US8807,0,0,YES,2026-01,0,0,0,0,NO,Starting balance is 0 or negative
US8808,0,17,YES,2026-01,17,-17,0,17,NO,Starting balance is 0 or negative
US880808,0,0,NO,,0,0,0,0,NO,Starting balance is 0 or negative
US8809,0,11,YES,2026-01,11,-11,0,11,NO,Starting balance is 0 or negative
US8810,134,134,YES,2026-01,134,0,0,134,NO,First ledger beginning is not 0
US8811,127,127,YES,2026-01,127,0,0,127,NO,First ledger beginning is not 0
US8812,15,15,YES,2026-01,15,0,0,15,NO,First ledger beginning is not 0
US8814,0,127,YES,2026-01,127,-127,0,127,NO,Starting balance is 0 or negative
US8817,0,17,YES,2026-01,17,-17,0,17,NO,Starting balance is 0 or negative
US8818,0,11,YES,2026-01,11,-11,0,11,NO,Starting balance is 0 or negative
US882,47,47,YES,2026-01,47,0,0,47,NO,First ledger beginning is not 0
US8820,183,216,YES,2026-01,183,0,0,216,NO,First ledger beginning is not 0
US8821,0,57,YES,2026-01,57,-57,0,57,NO,Starting balance is 0 or negative
US8822,0,23,YES,2026-01,23,-23,0,23,NO,Starting balance is 0 or negative
US8824,0,16,YES,2026-01,0,0,0,16,NO,Starting balance is 0 or negative
US8825,60,60,YES,2026-01,60,0,0,60,NO,First ledger beginning is not 0
US8826,28,28,YES,2026-01,28,0,0,28,NO,First ledger beginning is not 0
US8827,370,370,YES,2026-01,370,0,0,370,NO,First ledger beginning is not 0
US8828,0,576,YES,2026-01,576,-576,0,576,NO,Starting balance is 0 or negative
US8829,1109,1109,YES,2026-01,1109,0,0,1109,NO,First ledger beginning is not 0
US883,94,94,YES,2026-01,94,0,0,94,NO,First ledger beginning is not 0
US8831,0,14,YES,2026-01,14,-14,0,14,NO,Starting balance is 0 or negative
US8832,0,270,YES,2026-01,270,-270,0,270,NO,Starting balance is 0 or negative
US8834,2031,17,YES,2026-01,0,2031,2031,2048,YES,
US8836,1,1,YES,2026-01,1,0,0,1,NO,First ledger beginning is not 0
US8837,28,28,YES,2026-01,28,0,0,28,NO,First ledger beginning is not 0
US8838,67,85,YES,2026-01,67,0,0,85,NO,First ledger beginning is not 0
US8839,34,34,YES,2026-01,34,0,0,34,NO,First ledger beginning is not 0
US8841,0,266,YES,2026-01,266,-266,0,266,NO,Starting balance is 0 or negative
US8842,9,9,YES,2026-01,9,0,0,9,NO,First ledger beginning is not 0
US8843,0,112,YES,2026-01,112,-112,0,112,NO,Starting balance is 0 or negative
US8844,0,387,YES,2026-01,387,-387,0,387,NO,Starting balance is 0 or negative
US8846,39,39,YES,2026-01,39,0,0,39,NO,First ledger beginning is not 0
US8848,527,527,YES,2026-01,527,0,0,527,NO,First ledger beginning is not 0
US8849,0,11,YES,2026-01,11,-11,0,11,NO,Starting balance is 0 or negative
US8850,206,206,YES,2026-01,206,0,0,206,NO,First ledger beginning is not 0
US8852,75,95,YES,2026-01,75,0,0,95,NO,First ledger beginning is not 0
US8854,519,519,YES,2026-01,519,0,0,519,NO,First ledger beginning is not 0
US8855,17,17,YES,2026-01,17,0,0,17,NO,First ledger beginning is not 0
US8856,3328,2200,YES,2026-01,3328,0,0,2200,NO,First ledger beginning is not 0
US8857,419,419,YES,2026-01,419,0,0,419,NO,First ledger beginning is not 0
US8858,84,108,YES,2026-01,84,0,0,108,NO,First ledger beginning is not 0
US8860,426,426,YES,2026-01,426,0,0,426,NO,First ledger beginning is not 0
US8861,33,33,YES,2026-01,33,0,0,33,NO,First ledger beginning is not 0
US8862,1205,1237,YES,2026-01,1205,0,0,1237,NO,First ledger beginning is not 0
US8864,21,21,YES,2026-01,21,0,0,21,NO,First ledger beginning is not 0
US8865,0,96,YES,2026-01,96,-96,0,96,NO,Starting balance is 0 or negative
US8866,10,10,YES,2026-01,10,0,0,10,NO,First ledger beginning is not 0
US8867,0,1315,YES,2026-01,1315,-1315,0,1315,NO,Starting balance is 0 or negative
US8868,0,24,YES,2026-01,24,-24,0,24,NO,Starting balance is 0 or negative
US8869,117,117,YES,2026-01,117,0,0,117,NO,First ledger beginning is not 0
US8870,107,107,YES,2026-01,107,0,0,107,NO,First ledger beginning is not 0
US8871,242,335,YES,2026-01,242,0,0,335,NO,First ledger beginning is not 0
US8873,0,0,YES,2026-01,0,0,0,0,NO,Starting balance is 0 or negative
US8874,0,166,YES,2026-01,166,-166,0,166,NO,Starting balance is 0 or negative
US8875,1236,0,YES,2026-01,0,1236,1236,1236,YES,
US8876,0,0,YES,2026-01,0,0,0,0,NO,Starting balance is 0 or negative
US8877,188,205,YES,2026-01,188,0,0,205,NO,First ledger beginning is not 0
US8881,0,11,YES,2026-01,11,-11,0,11,NO,Starting balance is 0 or negative
US8882,0,30,YES,2026-01,30,-30,0,30,NO,Starting balance is 0 or negative
US8883,0,91,YES,2026-01,91,-91,0,91,NO,Starting balance is 0 or negative
US8884,12,0,YES,2026-01,0,12,12,12,YES,
US8885,0,11,YES,2026-01,11,-11,0,11,NO,Starting balance is 0 or negative
US8886,54,54,YES,2026-01,54,0,0,54,NO,First ledger beginning is not 0
US8887,0,0,YES,2026-01,0,0,0,0,NO,Starting balance is 0 or negative
US8888,0,207,YES,2026-01,207,-207,0,207,NO,Starting balance is 0 or negative
US8889,13,13,YES,2026-01,13,0,0,13,NO,First ledger beginning is not 0
US889,310,310,YES,2026-01,310,0,0,310,NO,First ledger beginning is not 0
US8890,2630,107,YES,2026-01,0,2630,2630,2737,YES,
US8891,0,178,YES,2026-01,178,-178,0,178,NO,Starting balance is 0 or negative
US8892,615,0,YES,2026-01,0,615,615,615,YES,
US8893,65,65,YES,2026-01,65,0,0,65,NO,First ledger beginning is not 0
US8894,135,135,YES,2026-01,135,0,0,135,NO,First ledger beginning is not 0
US8895,409,409,YES,2026-01,409,0,0,409,NO,First ledger beginning is not 0
US8896,0,745,YES,2026-01,745,-745,0,745,NO,Starting balance is 0 or negative
US8897,0,96,YES,2026-01,96,-96,0,96,NO,Starting balance is 0 or negative
US8898,41,41,YES,2026-01,41,0,0,41,NO,First ledger beginning is not 0
US8899,41,68,YES,2026-01,41,0,0,68,NO,First ledger beginning is not 0
US890,1812,1812,YES,2026-01,1812,0,0,1812,NO,First ledger beginning is not 0
US8900,0,726,YES,2026-01,709,-709,0,726,NO,Starting balance is 0 or negative
US8901,105,105,YES,2026-01,105,0,0,105,NO,First ledger beginning is not 0
US8902,373,373,YES,2026-01,373,0,0,373,NO,First ledger beginning is not 0
US8903,0,32,YES,2026-01,0,0,0,32,NO,Starting balance is 0 or negative
US8904,316,335,YES,2026-01,316,0,0,335,NO,First ledger beginning is not 0
US8905,0,138,YES,2026-01,117,-117,0,138,NO,Starting balance is 0 or negative
US8907,46,46,YES,2026-01,46,0,0,46,NO,First ledger beginning is not 0
US8908,0,383,YES,2026-01,0,0,0,383,NO,Starting balance is 0 or negative
US8911,0,10,YES,2026-01,10,-10,0,10,NO,Starting balance is 0 or negative
US8912,0,263,YES,2026-01,263,-263,0,263,NO,Starting balance is 0 or negative
US8913,0,10,YES,2026-01,10,-10,0,10,NO,Starting balance is 0 or negative
US8914,0,835,YES,2026-01,835,-835,0,835,NO,Starting balance is 0 or negative
US8916,462,483,YES,2026-01,462,0,0,483,NO,First ledger beginning is not 0
US8917,158,37,YES,2026-01,0,158,158,195,YES,
US8919,236,236,YES,2026-01,236,0,0,236,NO,First ledger beginning is not 0
US892,1386,1386,YES,2026-01,1386,0,0,1386,NO,First ledger beginning is not 0
US8920,0,17,YES,2026-01,0,0,0,17,NO,Starting balance is 0 or negative
US8921,52,52,YES,2026-01,52,0,0,52,NO,First ledger beginning is not 0
US8922,13,13,YES,2026-01,13,0,0,13,NO,First ledger beginning is not 0
US8923,0,35,YES,2026-01,35,-35,0,35,NO,Starting balance is 0 or negative
US8925,0,458,YES,2026-01,458,-458,0,458,NO,Starting balance is 0 or negative
US8928,0,0,YES,2026-01,0,0,0,0,NO,Starting balance is 0 or negative
US8929,507,0,YES,2026-01,0,507,507,507,YES,
US893,666,689,YES,2026-01,666,0,0,689,NO,First ledger beginning is not 0
US8931,0,0,YES,2026-01,0,0,0,0,NO,Starting balance is 0 or negative
US8932,675,675,YES,2026-01,675,0,0,675,NO,First ledger beginning is not 0
US8933,0,206,YES,2026-01,0,0,0,206,NO,Starting balance is 0 or negative
US8934,2,2,YES,2026-01,2,0,0,2,NO,First ledger beginning is not 0
US8936,103,103,YES,2026-01,103,0,0,103,NO,First ledger beginning is not 0
US8937,103,103,YES,2026-01,103,0,0,103,NO,First ledger beginning is not 0
US8938,24,24,YES,2026-01,24,0,0,24,NO,First ledger beginning is not 0
US8939,206,206,YES,2026-01,206,0,0,206,NO,First ledger beginning is not 0
US8940,71,71,YES,2026-01,71,0,0,71,NO,First ledger beginning is not 0
US8943,0,12,YES,2026-01,12,-12,0,12,NO,Starting balance is 0 or negative
US8945,71,71,YES,2026-01,71,0,0,71,NO,First ledger beginning is not 0
US8946,0,642,YES,2026-01,642,-642,0,642,NO,Starting balance is 0 or negative
US8947,84,100,YES,2026-01,84,0,0,100,NO,First ledger beginning is not 0
US8948,0,45,YES,2026-01,6,-6,0,45,NO,Starting balance is 0 or negative
US8949,0,275,YES,2026-01,66,-66,0,275,NO,Starting balance is 0 or negative
US895,2,2,YES,2026-01,2,0,0,2,NO,First ledger beginning is not 0
US895135,0,17,YES,2026-03,0,0,0,17,NO,Starting balance is 0 or negative
US8953,0,10,YES,2026-01,10,-10,0,10,NO,Starting balance is 0 or negative
US8954,180,180,YES,2026-01,180,0,0,180,NO,First ledger beginning is not 0
US8956,0,288,YES,2026-01,288,-288,0,288,NO,Starting balance is 0 or negative
US8957,383,383,YES,2026-01,383,0,0,383,NO,First ledger beginning is not 0
US8958,10,10,YES,2026-01,10,0,0,10,NO,First ledger beginning is not 0
US8959,43,43,YES,2026-01,43,0,0,43,NO,First ledger beginning is not 0
US8961,24,24,YES,2026-01,24,0,0,24,NO,First ledger beginning is not 0
US8962,462,0,YES,2026-01,0,462,462,462,YES,
US8967,162,162,YES,2026-01,162,0,0,162,NO,First ledger beginning is not 0
US8968,141,141,YES,2026-01,141,0,0,141,NO,First ledger beginning is not 0
US8969,10,10,YES,2026-01,10,0,0,10,NO,First ledger beginning is not 0
US8971,153,153,YES,2026-01,153,0,0,153,NO,First ledger beginning is not 0
US8973,263,15,YES,2026-01,0,263,263,278,YES,
US8974,250,250,YES,2026-01,250,0,0,250,NO,First ledger beginning is not 0
US8975,0,200,YES,2026-01,200,-200,0,200,NO,Starting balance is 0 or negative
US8977,164,164,YES,2026-01,164,0,0,164,NO,First ledger beginning is not 0
US8978,30,30,YES,2026-01,30,0,0,30,NO,First ledger beginning is not 0
US8979,0,134,YES,2026-01,134,-134,0,134,NO,Starting balance is 0 or negative
US8982,0,519,YES,2026-01,500,-500,0,519,NO,Starting balance is 0 or negative
US8983,0,0,YES,2026-01,0,0,0,0,NO,Starting balance is 0 or negative
US898638,0,0,NO,,0,0,0,0,NO,Starting balance is 0 or negative
US8988,0,13,YES,2026-01,13,-13,0,13,NO,Starting balance is 0 or negative
US899,526,526,YES,2026-01,526,0,0,526,NO,First ledger beginning is not 0
US8990,72,93,YES,2026-01,0,72,72,165,YES,
US8991,0,46,YES,2026-01,46,-46,0,46,NO,Starting balance is 0 or negative
US8994,446,474,YES,2026-01,446,0,0,474,NO,First ledger beginning is not 0
US8996,0,590,YES,2026-01,590,-590,0,590,NO,Starting balance is 0 or negative
US8997,179,195,YES,2026-01,179,0,0,195,NO,First ledger beginning is not 0
US8998,15,15,YES,2026-01,15,0,0,15,NO,First ledger beginning is not 0
US8999,45,45,YES,2026-01,45,0,0,45,NO,First ledger beginning is not 0
US900,20,43,YES,2026-01,43,-23,0,43,NO,First ledger beginning is not 0
US9000,6467,6467,YES,2026-01,0,6467,6467,12934,YES,
US9001,0,0,YES,2026-01,0,0,0,0,NO,Starting balance is 0 or negative
US9002,41,103,YES,2026-01,0,41,41,144,YES,
US9003,10,10,YES,2026-01,10,0,0,10,NO,First ledger beginning is not 0
US9006,0,20,YES,2026-01,20,-20,0,20,NO,Starting balance is 0 or negative
US9007,350,26,YES,2026-01,0,350,350,376,YES,
US9008,12,12,YES,2026-01,12,0,0,12,NO,First ledger beginning is not 0
US9009,0,1885,YES,2026-01,1885,-1885,0,1885,NO,Starting balance is 0 or negative
US9010,221,221,YES,2026-01,221,0,0,221,NO,First ledger beginning is not 0
US9014,0,251,YES,2026-01,251,-251,0,251,NO,Starting balance is 0 or negative
US9015,0,25,YES,2026-01,25,-25,0,25,NO,Starting balance is 0 or negative
US9016,3812,382,YES,2026-01,0,3812,3812,4194,YES,
US9017,399,399,YES,2026-01,399,0,0,399,NO,First ledger beginning is not 0
US9019,0,2215,YES,2026-01,2215,-2215,0,2215,NO,Starting balance is 0 or negative
US902,3190,36,YES,2026-01,0,3190,3190,3226,YES,
US9022,0,21,YES,2026-01,21,-21,0,21,NO,Starting balance is 0 or negative
US9023,333,333,YES,2026-01,333,0,0,333,NO,First ledger beginning is not 0
US9024,0,135,YES,2026-01,0,0,0,135,NO,Starting balance is 0 or negative
US9025,275,275,YES,2026-01,275,0,0,275,NO,First ledger beginning is not 0
US9029,0,916,YES,2026-01,916,-916,0,916,NO,Starting balance is 0 or negative
US9030,127,148,YES,2026-01,127,0,0,148,NO,First ledger beginning is not 0
US9031,0,0,YES,2026-01,0,0,0,0,NO,Starting balance is 0 or negative
US9032,0,0,YES,2026-01,0,0,0,0,NO,Starting balance is 0 or negative
US9033,0,70,YES,2026-01,70,-70,0,70,NO,Starting balance is 0 or negative
US9035,385,385,YES,2026-01,385,0,0,385,NO,First ledger beginning is not 0
US9036,0,201,YES,2026-01,201,-201,0,201,NO,Starting balance is 0 or negative
US9037,12,45,YES,2026-01,12,0,0,45,NO,First ledger beginning is not 0
US904,709,725,YES,2026-01,725,-16,0,725,NO,First ledger beginning is not 0
US9041,154,154,YES,2026-01,154,0,0,154,NO,First ledger beginning is not 0
US9042,209,209,YES,2026-01,209,0,0,209,NO,First ledger beginning is not 0
US9044,125,125,YES,2026-01,125,0,0,125,NO,First ledger beginning is not 0
US9045,365,365,YES,2026-01,365,0,0,365,NO,First ledger beginning is not 0
US9046,0,596,YES,2026-01,596,-596,0,596,NO,Starting balance is 0 or negative
US9047,71,71,YES,2026-01,71,0,0,71,NO,First ledger beginning is not 0
US9048,0,0,YES,2026-01,0,0,0,0,NO,Starting balance is 0 or negative
US9049,0,439,YES,2026-01,351,-351,0,439,NO,Starting balance is 0 or negative
US9050,99,99,YES,2026-01,99,0,0,99,NO,First ledger beginning is not 0
US9051,0,501,YES,2026-01,501,-501,0,501,NO,Starting balance is 0 or negative
US9052,11,11,YES,2026-01,11,0,0,11,NO,First ledger beginning is not 0
US9053,0,31,YES,2026-01,0,0,0,31,NO,Starting balance is 0 or negative
US9054,0,16,YES,2026-01,0,0,0,16,NO,Starting balance is 0 or negative
US9055,141,21,YES,2026-01,0,141,141,162,YES,
US9058,0,646,YES,2026-01,646,-646,0,646,NO,Starting balance is 0 or negative
US9059,0,86,YES,2026-01,86,-86,0,86,NO,Starting balance is 0 or negative
US906,60,60,YES,2026-01,60,0,0,60,NO,First ledger beginning is not 0
US9060,25,25,YES,2026-01,25,0,0,25,NO,First ledger beginning is not 0
US9061,49,49,YES,2026-01,49,0,0,49,NO,First ledger beginning is not 0
US9062,1,23,YES,2026-01,0,1,1,24,YES,
US9063,0,34,YES,2026-01,34,-34,0,34,NO,Starting balance is 0 or negative
US9064,0,0,YES,2026-01,0,0,0,0,NO,Starting balance is 0 or negative
US9065,0,128,YES,2026-01,110,-110,0,128,NO,Starting balance is 0 or negative
US9066,0,401,YES,2026-01,401,-401,0,401,NO,Starting balance is 0 or negative
US9068,51,51,YES,2026-01,51,0,0,51,NO,First ledger beginning is not 0
US9069,0,30,YES,2026-01,30,-30,0,30,NO,Starting balance is 0 or negative
US9071,86,86,YES,2026-01,86,0,0,86,NO,First ledger beginning is not 0
US9072,0,4,YES,2026-01,4,-4,0,4,NO,Starting balance is 0 or negative
US9073,0,76,YES,2026-01,76,-76,0,76,NO,Starting balance is 0 or negative
US9074,0,10,YES,2026-01,10,-10,0,10,NO,Starting balance is 0 or negative
US9075,22,22,YES,2026-01,22,0,0,22,NO,First ledger beginning is not 0
US9076,541,541,YES,2026-01,541,0,0,541,NO,First ledger beginning is not 0
US9077,40,40,YES,2026-01,40,0,0,40,NO,First ledger beginning is not 0
US9078,169,169,YES,2026-01,169,0,0,169,NO,First ledger beginning is not 0
US9080,0,1160,YES,2026-01,1125,-1125,0,1160,NO,Starting balance is 0 or negative
US9081,0,28,YES,2026-01,28,-28,0,28,NO,Starting balance is 0 or negative
US9082,696,0,YES,2026-01,0,696,696,696,YES,
US9083,29,29,YES,2026-01,29,0,0,29,NO,First ledger beginning is not 0
US9084,0,114,YES,2026-01,114,-114,0,114,NO,Starting balance is 0 or negative
US9085,0,151,YES,2026-01,151,-151,0,151,NO,Starting balance is 0 or negative
US9086,0,497,YES,2026-01,497,-497,0,497,NO,Starting balance is 0 or negative
US9087,0,11,YES,2026-01,11,-11,0,11,NO,Starting balance is 0 or negative
US9088,467,496,YES,2026-01,467,0,0,496,NO,First ledger beginning is not 0
US9090,1069,20,YES,2026-01,0,1069,1069,1089,YES,
US9091,0,163,YES,2026-01,163,-163,0,163,NO,Starting balance is 0 or negative
US9092,0,132,YES,2026-01,132,-132,0,132,NO,Starting balance is 0 or negative
US9095,0,95,YES,2026-01,0,0,0,95,NO,Starting balance is 0 or negative
US9096,0,0,YES,2026-01,0,0,0,0,NO,Starting balance is 0 or negative
US9097,17054,955,YES,2026-01,0,17054,17054,18009,YES,
US9098,0,354,YES,2026-01,354,-354,0,354,NO,Starting balance is 0 or negative
US9099,0,75,YES,2026-01,75,-75,0,75,NO,Starting balance is 0 or negative
US910,112,112,YES,2026-01,112,0,0,112,NO,First ledger beginning is not 0
US9100,63,101,YES,2026-01,63,0,0,101,NO,First ledger beginning is not 0
US9101,11,11,YES,2026-01,11,0,0,11,NO,First ledger beginning is not 0
US9102,339,367,YES,2026-01,339,0,0,367,NO,First ledger beginning is not 0
US9103,0,148,YES,2026-01,148,-148,0,148,NO,Starting balance is 0 or negative
US9104,0,163,YES,2026-01,148,-148,0,163,NO,Starting balance is 0 or negative
US9105,0,50,YES,2026-01,31,-31,0,50,NO,Starting balance is 0 or negative
US9108,0,1,YES,2026-01,1,-1,0,1,NO,Starting balance is 0 or negative
US9109,0,307,YES,2026-01,307,-307,0,307,NO,Starting balance is 0 or negative
US9110,0,33,YES,2026-01,33,-33,0,33,NO,Starting balance is 0 or negative
US9111,24,24,YES,2026-01,24,0,0,24,NO,First ledger beginning is not 0
US9112,14,14,YES,2026-01,14,0,0,14,NO,First ledger beginning is not 0
US9113,0,33,YES,2026-01,33,-33,0,33,NO,Starting balance is 0 or negative
US9116,0,9,YES,2026-01,9,-9,0,9,NO,Starting balance is 0 or negative
US9117,0,181,YES,2026-01,181,-181,0,181,NO,Starting balance is 0 or negative
US9119,0,88,YES,2026-01,88,-88,0,88,NO,Starting balance is 0 or negative
US9122,0,2,YES,2026-01,2,-2,0,2,NO,Starting balance is 0 or negative
US9123,10,0,YES,2026-01,0,10,10,10,YES,
US9124,111,136,YES,2026-01,111,0,0,136,NO,First ledger beginning is not 0
US9125,0,120,YES,2026-01,120,-120,0,120,NO,Starting balance is 0 or negative
US9126,23,23,YES,2026-01,23,0,0,23,NO,First ledger beginning is not 0
US9127,0,302,YES,2026-01,302,-302,0,302,NO,Starting balance is 0 or negative
US9128,0,266,YES,2026-01,266,-266,0,266,NO,Starting balance is 0 or negative
US9129,0,132,YES,2026-01,132,-132,0,132,NO,Starting balance is 0 or negative
US9130,53,53,YES,2026-01,53,0,0,53,NO,First ledger beginning is not 0
US9131,30,209,YES,2026-01,0,30,30,239,YES,
US9132,17,17,YES,2026-01,17,0,0,17,NO,First ledger beginning is not 0
US9134,0,99,YES,2026-01,99,-99,0,99,NO,Starting balance is 0 or negative
US9135,0,119,YES,2026-01,119,-119,0,119,NO,Starting balance is 0 or negative
US9136,11,11,YES,2026-01,11,0,0,11,NO,First ledger beginning is not 0
US9137,0,1214,YES,2026-01,1198,-1198,0,1214,NO,Starting balance is 0 or negative
US9138,65,65,YES,2026-01,65,0,0,65,NO,First ledger beginning is not 0
US9140,0,0,YES,2026-01,0,0,0,0,NO,Starting balance is 0 or negative
US9142,106,100,YES,2026-01,0,106,106,206,YES,
US9143,0,66,YES,2026-01,33,-33,0,66,NO,Starting balance is 0 or negative
US9144,1385,0,YES,2026-01,0,1385,1385,1385,YES,
US9145,127,127,YES,2026-01,127,0,0,127,NO,First ledger beginning is not 0
US9147,70,70,YES,2026-01,70,0,0,70,NO,First ledger beginning is not 0
US9148,0,87,YES,2026-01,87,-87,0,87,NO,Starting balance is 0 or negative
US9149,4373,0,YES,2026-01,0,4373,4373,4373,YES,
US9151,87,87,YES,2026-01,87,0,0,87,NO,First ledger beginning is not 0
US9152,2255,28,YES,2026-01,0,2255,2255,2283,YES,
US9153,24,0,YES,2026-01,0,24,24,24,YES,
US9155,0,254,YES,2026-01,238,-238,0,254,NO,Starting balance is 0 or negative
US9156,451,49,YES,2026-01,0,451,451,500,YES,
US9159,477,477,YES,2026-01,477,0,0,477,NO,First ledger beginning is not 0
US916,67,0,YES,2026-01,0,67,67,67,YES,
US9160,0,0,YES,2026-01,0,0,0,0,NO,Starting balance is 0 or negative
US9161,0,28,YES,2026-01,0,0,0,28,NO,Starting balance is 0 or negative
US9162,14,0,YES,2026-01,0,14,14,14,YES,
US9164,445,132,YES,2026-01,0,445,445,577,YES,
US9165,270,19,YES,2026-01,0,270,270,289,YES,
US9168,36,36,YES,2026-01,36,0,0,36,NO,First ledger beginning is not 0
US9169,0,232,YES,2026-01,232,-232,0,232,NO,Starting balance is 0 or negative
US9170,0,0,YES,2026-01,0,0,0,0,NO,Starting balance is 0 or negative
US9172,0,0,YES,2026-01,0,0,0,0,NO,Starting balance is 0 or negative
US9173,10,10,YES,2026-01,10,0,0,10,NO,First ledger beginning is not 0
US9174,0,33,YES,2026-01,33,-33,0,33,NO,Starting balance is 0 or negative
US9175,2780,2822,YES,2026-01,2780,0,0,2822,NO,First ledger beginning is not 0
US9176,0,266,YES,2026-01,232,-232,0,266,NO,Starting balance is 0 or negative
US9178,653,672,YES,2026-01,653,0,0,672,NO,First ledger beginning is not 0
US9179,0,0,YES,2026-01,0,0,0,0,NO,Starting balance is 0 or negative
US9180,97,97,YES,2026-01,97,0,0,97,NO,First ledger beginning is not 0
US9181,0,808,YES,2026-01,808,-808,0,808,NO,Starting balance is 0 or negative
US9182,2308,22,YES,2026-01,0,2308,2308,2330,YES,
US9183,233,233,YES,2026-01,233,0,0,233,NO,First ledger beginning is not 0
US9184,0,0,YES,2026-01,0,0,0,0,NO,Starting balance is 0 or negative
US9185,549,564,YES,2026-01,549,0,0,564,NO,First ledger beginning is not 0
US9186,167,43,YES,2026-01,0,167,167,210,YES,
US9188,142,142,YES,2026-01,142,0,0,142,NO,First ledger beginning is not 0
US9189,0,160,YES,2026-01,160,-160,0,160,NO,Starting balance is 0 or negative
US919,206,206,YES,2026-01,206,0,0,206,NO,First ledger beginning is not 0
US9191,986,986,YES,2026-01,986,0,0,986,NO,First ledger beginning is not 0
US9192,3394,37,YES,2026-01,0,3394,3394,3431,YES,
US9193,226,226,YES,2026-01,226,0,0,226,NO,First ledger beginning is not 0
US9194,54,54,YES,2026-01,54,0,0,54,NO,First ledger beginning is not 0
US9195,54,54,YES,2026-01,54,0,0,54,NO,First ledger beginning is not 0
US9197,460,460,YES,2026-01,460,0,0,460,NO,First ledger beginning is not 0
US9198,106,122,YES,2026-01,106,0,0,122,NO,First ledger beginning is not 0
US9200,74,74,YES,2026-01,74,0,0,74,NO,First ledger beginning is not 0
US9201,297,297,YES,2026-01,297,0,0,297,NO,First ledger beginning is not 0
US9203,0,0,YES,2026-01,0,0,0,0,NO,Starting balance is 0 or negative
US9204,187,212,YES,2026-01,187,0,0,212,NO,First ledger beginning is not 0
US9205,0,157,YES,2026-01,157,-157,0,157,NO,Starting balance is 0 or negative
US9207,53,53,YES,2026-01,53,0,0,53,NO,First ledger beginning is not 0
US9208,12,12,YES,2026-01,12,0,0,12,NO,First ledger beginning is not 0
US9209,212,212,YES,2026-01,212,0,0,212,NO,First ledger beginning is not 0
US921,92,92,YES,2026-01,92,0,0,92,NO,First ledger beginning is not 0
US9210,0,19,YES,2026-01,0,0,0,19,NO,Starting balance is 0 or negative
US9211,0,11,YES,2026-01,11,-11,0,11,NO,Starting balance is 0 or negative
US9212,39,39,YES,2026-01,39,0,0,39,NO,First ledger beginning is not 0
US9213,130,130,YES,2026-01,130,0,0,130,NO,First ledger beginning is not 0
US9215,59,59,YES,2026-01,59,0,0,59,NO,First ledger beginning is not 0
US9216,154,154,YES,2026-01,154,0,0,154,NO,First ledger beginning is not 0
US9217,323,323,YES,2026-01,323,0,0,323,NO,First ledger beginning is not 0
US9218,691,691,NO,,0,691,691,1382,YES,
US9219,28,28,YES,2026-01,28,0,0,28,NO,First ledger beginning is not 0
US9220,1879,270,YES,2026-01,0,1879,1879,2149,YES,
US9221,14,14,YES,2026-01,14,0,0,14,NO,First ledger beginning is not 0
US9222,0,0,YES,2026-01,0,0,0,0,NO,Starting balance is 0 or negative
US9223,0,0,YES,2026-01,0,0,0,0,NO,Starting balance is 0 or negative
US9224,429,429,YES,2026-01,429,0,0,429,NO,First ledger beginning is not 0
US9225,63,18,YES,2026-01,0,63,63,81,YES,
US9226,0,141,YES,2026-01,141,-141,0,141,NO,Starting balance is 0 or negative
US9227,64,64,YES,2026-01,64,0,0,64,NO,First ledger beginning is not 0
US9228,325,325,YES,2026-01,325,0,0,325,NO,First ledger beginning is not 0
US9229,0,72,YES,2026-01,57,-57,0,72,NO,Starting balance is 0 or negative
US9231,0,32,YES,2026-01,32,-32,0,32,NO,Starting balance is 0 or negative
US9232,0,0,YES,2026-01,0,0,0,0,NO,Starting balance is 0 or negative
US9233,0,0,YES,2026-01,0,0,0,0,NO,Starting balance is 0 or negative
US9234,234,0,YES,2026-01,0,234,234,234,YES,
US9235,0,0,YES,2026-01,0,0,0,0,NO,Starting balance is 0 or negative
US9238,0,2,YES,2026-01,134,-134,0,2,NO,Starting balance is 0 or negative
US924,749,749,YES,2026-01,749,0,0,749,NO,First ledger beginning is not 0
US9240,1888,19,YES,2026-01,0,1888,1888,1907,YES,
US9241,0,0,YES,2026-01,0,0,0,0,NO,Starting balance is 0 or negative
US9243,0,108,YES,2026-01,108,-108,0,108,NO,Starting balance is 0 or negative
US9244,0,116,YES,2026-01,116,-116,0,116,NO,Starting balance is 0 or negative
US9245,0,23,YES,2026-01,23,-23,0,23,NO,Starting balance is 0 or negative
US9246,302,90,YES,2026-01,0,302,302,392,YES,
US9247,0,267,YES,2026-01,267,-267,0,267,NO,Starting balance is 0 or negative
US9248,0,28,YES,2026-01,28,-28,0,28,NO,Starting balance is 0 or negative
US9249,408,408,YES,2026-01,408,0,0,408,NO,First ledger beginning is not 0
US925,16,16,YES,2026-01,16,0,0,16,NO,First ledger beginning is not 0
US9251,7668,7668,YES,2026-01,7668,0,0,7668,NO,First ledger beginning is not 0
US9252,6,6,YES,2026-01,6,0,0,6,NO,First ledger beginning is not 0
US9253,0,219,YES,2026-01,219,-219,0,219,NO,Starting balance is 0 or negative
US925329,0,,NO,,,,0,,NO,Missing SR customer record
US9254,205,205,YES,2026-01,205,0,0,205,NO,First ledger beginning is not 0
US9255,0,34,YES,2026-01,0,0,0,34,NO,Starting balance is 0 or negative
US9256,0,79,YES,2026-01,79,-79,0,79,NO,Starting balance is 0 or negative
US9257,287,287,YES,2026-01,287,0,0,287,NO,First ledger beginning is not 0
US9259,85,85,YES,2026-01,85,0,0,85,NO,First ledger beginning is not 0
US926,617,617,YES,2026-01,617,0,0,617,NO,First ledger beginning is not 0
US9261,73,73,YES,2026-01,73,0,0,73,NO,First ledger beginning is not 0
US9262,775,775,YES,2026-01,775,0,0,775,NO,First ledger beginning is not 0
US9263,78,78,YES,2026-01,78,0,0,78,NO,First ledger beginning is not 0
US9264,0,0,YES,2026-01,0,0,0,0,NO,Starting balance is 0 or negative
US9265,479,517,YES,2026-01,479,0,0,517,NO,First ledger beginning is not 0
US9266,0,45,YES,2026-01,45,-45,0,45,NO,Starting balance is 0 or negative
US9267,71,71,YES,2026-01,71,0,0,71,NO,First ledger beginning is not 0
US9269,10,10,YES,2026-01,10,0,0,10,NO,First ledger beginning is not 0
US9270,497,497,YES,2026-01,497,0,0,497,NO,First ledger beginning is not 0
US9272,130,130,YES,2026-01,130,0,0,130,NO,First ledger beginning is not 0
US9273,0,355,YES,2026-01,355,-355,0,355,NO,Starting balance is 0 or negative
US9274,0,103,YES,2026-01,103,-103,0,103,NO,Starting balance is 0 or negative
US9275,29,29,YES,2026-01,29,0,0,29,NO,First ledger beginning is not 0
US9276,13,13,YES,2026-01,13,0,0,13,NO,First ledger beginning is not 0
US9277,55,55,YES,2026-01,55,0,0,55,NO,First ledger beginning is not 0
US9278,231,231,YES,2026-01,231,0,0,231,NO,First ledger beginning is not 0
US9279,0,4,YES,2026-01,0,0,0,4,NO,Starting balance is 0 or negative
US928,39,38,YES,2026-01,0,39,39,77,YES,
US9280,105,105,YES,2026-01,105,0,0,105,NO,First ledger beginning is not 0
US9281,1272,0,YES,2026-01,0,1272,1272,1272,YES,
US9282,156,156,YES,2026-01,156,0,0,156,NO,First ledger beginning is not 0
US928389,0,0,NO,,0,0,0,0,NO,Starting balance is 0 or negative
US9284,0,44,YES,2026-01,44,-44,0,44,NO,Starting balance is 0 or negative
US9286,0,409,YES,2026-01,409,-409,0,409,NO,Starting balance is 0 or negative
US9288,0,233,YES,2026-01,233,-233,0,233,NO,Starting balance is 0 or negative
US929,314,314,YES,2026-01,314,0,0,314,NO,First ledger beginning is not 0
US9291,368,368,YES,2026-01,368,0,0,368,NO,First ledger beginning is not 0
US9293,0,48,YES,2026-01,48,-48,0,48,NO,Starting balance is 0 or negative
US9294,0,1176,YES,2026-01,1176,-1176,0,1176,NO,Starting balance is 0 or negative
US9295,0,0,YES,2026-01,0,0,0,0,NO,Starting balance is 0 or negative
US9296,0,194,YES,2026-01,194,-194,0,194,NO,Starting balance is 0 or negative
US9298,126,126,YES,2026-01,126,0,0,126,NO,First ledger beginning is not 0
US9299,0,645,YES,2026-01,645,-645,0,645,NO,Starting balance is 0 or negative
US930,1615,1615,YES,2026-01,1615,0,0,1615,NO,First ledger beginning is not 0
US9300,0,20,YES,2026-01,20,-20,0,20,NO,Starting balance is 0 or negative
US9304,0,23,YES,2026-01,23,-23,0,23,NO,Starting balance is 0 or negative
US9305,0,2,YES,2026-01,2,-2,0,2,NO,Starting balance is 0 or negative
US9306,58,58,YES,2026-01,58,0,0,58,NO,First ledger beginning is not 0
US9307,32,32,YES,2026-01,32,0,0,32,NO,First ledger beginning is not 0
US9309,342,370,YES,2026-01,342,0,0,370,NO,First ledger beginning is not 0
US9310,0,0,YES,2026-01,0,0,0,0,NO,Starting balance is 0 or negative
US9314,228,228,YES,2026-01,228,0,0,228,NO,First ledger beginning is not 0
US9318,0,10,YES,2026-01,10,-10,0,10,NO,Starting balance is 0 or negative
US931933,0,0,NO,,0,0,0,0,NO,Starting balance is 0 or negative
US932,316,316,YES,2026-01,316,0,0,316,NO,First ledger beginning is not 0
US9320,22,22,YES,2026-01,22,0,0,22,NO,First ledger beginning is not 0
US9322,231,231,YES,2026-01,231,0,0,231,NO,First ledger beginning is not 0
US9324,0,207,YES,2026-01,207,-207,0,207,NO,Starting balance is 0 or negative
US9325,0,505,YES,2026-01,505,-505,0,505,NO,Starting balance is 0 or negative
US9326,0,26,YES,2026-01,26,-26,0,26,NO,Starting balance is 0 or negative
US9328,0,115,YES,2026-01,115,-115,0,115,NO,Starting balance is 0 or negative
US9329,10,10,YES,2026-01,10,0,0,10,NO,First ledger beginning is not 0
US9330,0,11,YES,2026-01,11,-11,0,11,NO,Starting balance is 0 or negative
US9331,0,26,YES,2026-01,0,0,0,26,NO,Starting balance is 0 or negative
US9332,589,26,YES,2026-01,0,589,589,615,YES,
US9333,97,0,YES,2026-01,0,97,97,97,YES,
US9334,0,2,YES,2026-01,2,-2,0,2,NO,Starting balance is 0 or negative
US9335,29,98,YES,2026-01,0,29,29,127,YES,
US9336,43,43,YES,2026-01,43,0,0,43,NO,First ledger beginning is not 0
US9338,0,0,YES,2026-01,0,0,0,0,NO,Starting balance is 0 or negative
US9339,1168,33,YES,2026-01,0,1168,1168,1201,YES,
US934,5307,0,YES,2026-01,0,5307,5307,5307,YES,
US9341,10,10,YES,2026-01,10,0,0,10,NO,First ledger beginning is not 0
US9342,0,411,YES,2026-01,382,-382,0,411,NO,Starting balance is 0 or negative
US9344,0,135,YES,2026-01,135,-135,0,135,NO,Starting balance is 0 or negative
US9345,214,214,YES,2026-01,214,0,0,214,NO,First ledger beginning is not 0
US9346,0,14,YES,2026-01,14,-14,0,14,NO,Starting balance is 0 or negative
US9348,0,260,YES,2026-01,260,-260,0,260,NO,Starting balance is 0 or negative
US9349,103,118,YES,2026-01,103,0,0,118,NO,First ledger beginning is not 0
US9350,0,64,YES,2026-01,64,-64,0,64,NO,Starting balance is 0 or negative
US9351,0,16,YES,2026-01,16,-16,0,16,NO,Starting balance is 0 or negative
US9352,27,27,YES,2026-01,27,0,0,27,NO,First ledger beginning is not 0
US9353,0,48,YES,2026-01,14,-14,0,48,NO,Starting balance is 0 or negative
US9354,93,93,YES,2026-01,93,0,0,93,NO,First ledger beginning is not 0
US9355,10,10,YES,2026-01,10,0,0,10,NO,First ledger beginning is not 0
US9356,252,0,YES,2026-01,0,252,252,252,YES,
US9357,566,0,YES,2026-01,0,566,566,566,YES,
US9359,539,0,YES,2026-01,0,539,539,539,YES,
US936,85,85,YES,2026-01,85,0,0,85,NO,First ledger beginning is not 0
US9360,0,34,YES,2026-01,0,0,0,34,NO,Starting balance is 0 or negative
US9364,0,0,YES,2026-01,0,0,0,0,NO,Starting balance is 0 or negative
US9366,55,55,YES,2026-01,55,0,0,55,NO,First ledger beginning is not 0
US9367,0,21,YES,2026-01,0,0,0,21,NO,Starting balance is 0 or negative
US9369,58,58,YES,2026-01,58,0,0,58,NO,First ledger beginning is not 0
US9371,0,1315,YES,2026-01,1315,-1315,0,1315,NO,Starting balance is 0 or negative
US9372,0,1252,YES,2026-01,1252,-1252,0,1252,NO,Starting balance is 0 or negative
US9374,214,214,YES,2026-01,214,0,0,214,NO,First ledger beginning is not 0
US9375,2,2,YES,2026-01,2,0,0,2,NO,First ledger beginning is not 0
US9376,0,33,YES,2026-01,1,-1,0,33,NO,Starting balance is 0 or negative
US9377,0,0,YES,2026-01,0,0,0,0,NO,Starting balance is 0 or negative
US9379,0,267,YES,2026-01,0,0,0,267,NO,Starting balance is 0 or negative
US938,7436,7436,YES,2026-01,7436,0,0,7436,NO,First ledger beginning is not 0
US9381,5628,0,YES,2026-01,0,5628,5628,5628,YES,
US9382,133,133,YES,2026-01,133,0,0,133,NO,First ledger beginning is not 0
US9383,2174,0,YES,2026-01,0,2174,2174,2174,YES,
US9384,65,65,YES,2026-01,65,0,0,65,NO,First ledger beginning is not 0
US9386,91,91,YES,2026-01,91,0,0,91,NO,First ledger beginning is not 0
US9388,0,56,YES,2026-01,56,-56,0,56,NO,Starting balance is 0 or negative
US9389,63,63,YES,2026-01,63,0,0,63,NO,First ledger beginning is not 0
US9390,0,0,YES,2026-01,0,0,0,0,NO,Starting balance is 0 or negative
US9393,0,0,YES,2026-01,0,0,0,0,NO,Starting balance is 0 or negative
US9394,12,12,YES,2026-01,12,0,0,12,NO,First ledger beginning is not 0
US9395,0,134,YES,2026-01,134,-134,0,134,NO,Starting balance is 0 or negative
US9396,0,83,YES,2026-01,68,-68,0,83,NO,Starting balance is 0 or negative
US9397,108,136,YES,2026-01,108,0,0,136,NO,First ledger beginning is not 0
US9399,385,385,YES,2026-01,385,0,0,385,NO,First ledger beginning is not 0
US940,30,30,YES,2026-01,30,0,0,30,NO,First ledger beginning is not 0
US9400,372,372,YES,2026-01,372,0,0,372,NO,First ledger beginning is not 0
US9402,206,206,YES,2026-01,206,0,0,206,NO,First ledger beginning is not 0
US9403,0,47,YES,2026-01,47,-47,0,47,NO,Starting balance is 0 or negative
US9404,10,10,YES,2026-01,10,0,0,10,NO,First ledger beginning is not 0
US9405,464,464,YES,2026-01,464,0,0,464,NO,First ledger beginning is not 0
US9406,0,27,YES,2026-01,27,-27,0,27,NO,Starting balance is 0 or negative
US9407,23,23,YES,2026-01,23,0,0,23,NO,First ledger beginning is not 0
US9409,0,516,YES,2026-01,494,-494,0,516,NO,Starting balance is 0 or negative
US941,404,404,YES,2026-01,404,0,0,404,NO,First ledger beginning is not 0
US9410,0,29,YES,2026-01,29,-29,0,29,NO,Starting balance is 0 or negative
US9411,141,141,YES,2026-01,141,0,0,141,NO,First ledger beginning is not 0
US9412,46,46,YES,2026-01,46,0,0,46,NO,First ledger beginning is not 0
US9413,0,31,YES,2026-01,31,-31,0,31,NO,Starting balance is 0 or negative
US9414,45,45,YES,2026-01,45,0,0,45,NO,First ledger beginning is not 0
US9416,0,0,YES,2026-01,0,0,0,0,NO,Starting balance is 0 or negative
US9417,79,79,YES,2026-01,79,0,0,79,NO,First ledger beginning is not 0
US9419,0,29,YES,2026-01,0,0,0,29,NO,Starting balance is 0 or negative
US9420,33,33,YES,2026-01,33,0,0,33,NO,First ledger beginning is not 0
US9421,0,22,YES,2026-01,22,-22,0,22,NO,Starting balance is 0 or negative
US9422,1204,1204,YES,2026-01,1204,0,0,1204,NO,First ledger beginning is not 0
US9425,0,300,YES,2026-01,300,-300,0,300,NO,Starting balance is 0 or negative
US9426,18,18,YES,2026-01,18,0,0,18,NO,First ledger beginning is not 0
US9427,443,443,YES,2026-01,443,0,0,443,NO,First ledger beginning is not 0
US9428,0,563,YES,2026-01,544,-544,0,563,NO,Starting balance is 0 or negative
US9429,1,1,YES,2026-01,1,0,0,1,NO,First ledger beginning is not 0
US943,755,21,YES,2026-01,21,734,0,21,NO,First ledger beginning is not 0
US9430,0,87,YES,2026-01,87,-87,0,87,NO,Starting balance is 0 or negative
US9431,255,255,YES,2026-01,255,0,0,255,NO,First ledger beginning is not 0
US9433,0,34,YES,2026-01,34,-34,0,34,NO,Starting balance is 0 or negative
US9434,334,445,YES,2026-01,334,0,0,445,NO,First ledger beginning is not 0
US9435,0,434,YES,2026-01,434,-434,0,434,NO,Starting balance is 0 or negative
US9436,0,22,YES,2026-01,22,-22,0,22,NO,Starting balance is 0 or negative
US9437,33,33,YES,2026-01,33,0,0,33,NO,First ledger beginning is not 0
US9438,0,0,YES,2026-01,0,0,0,0,NO,Starting balance is 0 or negative
US9442,0,187,YES,2026-01,187,-187,0,187,NO,Starting balance is 0 or negative
US9443,0,538,YES,2026-01,538,-538,0,538,NO,Starting balance is 0 or negative
US9444,0,80,YES,2026-01,80,-80,0,80,NO,Starting balance is 0 or negative
US9445,949,949,YES,2026-01,949,0,0,949,NO,First ledger beginning is not 0
US9446,0,73,YES,2026-01,73,-73,0,73,NO,Starting balance is 0 or negative
US9447,0,583,YES,2026-01,583,-583,0,583,NO,Starting balance is 0 or negative
US944853,0,0,NO,,0,0,0,0,NO,Starting balance is 0 or negative
US9449,56,15,YES,2026-01,0,56,56,71,YES,
US945,593,593,YES,2026-01,593,0,0,593,NO,First ledger beginning is not 0
US9450,387,409,YES,2026-01,387,0,0,409,NO,First ledger beginning is not 0
US9451,2,26,YES,2026-01,0,2,2,28,YES,
US9452,0,36,YES,2026-01,36,-36,0,36,NO,Starting balance is 0 or negative
US9454,14,14,YES,2026-01,14,0,0,14,NO,First ledger beginning is not 0
US9455,1332,1332,YES,2026-01,1332,0,0,1332,NO,First ledger beginning is not 0
US9456,0,31,YES,2026-01,31,-31,0,31,NO,Starting balance is 0 or negative
US9457,270,270,YES,2026-01,270,0,0,270,NO,First ledger beginning is not 0
US9458,0,17,YES,2026-01,17,-17,0,17,NO,Starting balance is 0 or negative
US9459,0,1382,YES,2026-01,1382,-1382,0,1382,NO,Starting balance is 0 or negative
US9460,2393,39,YES,2026-01,0,2393,2393,2432,YES,
US9461,416,416,YES,2026-01,416,0,0,416,NO,First ledger beginning is not 0
US9462,0,280,YES,2026-01,264,-264,0,280,NO,Starting balance is 0 or negative
US9463,169,169,YES,2026-01,169,0,0,169,NO,First ledger beginning is not 0
US9464,283,283,YES,2026-01,283,0,0,283,NO,First ledger beginning is not 0
US9465,0,45,YES,2026-01,45,-45,0,45,NO,Starting balance is 0 or negative
US9467,0,0,YES,2026-01,0,0,0,0,NO,Starting balance is 0 or negative
US9468,0,73,YES,2026-01,73,-73,0,73,NO,Starting balance is 0 or negative
US9469,0,188,YES,2026-01,188,-188,0,188,NO,Starting balance is 0 or negative
US947,179,179,YES,2026-01,179,0,0,179,NO,First ledger beginning is not 0
US9470,160,26,YES,2026-01,0,160,160,186,YES,
US9472,22,22,YES,2026-01,22,0,0,22,NO,First ledger beginning is not 0
US9474,207,207,YES,2026-01,207,0,0,207,NO,First ledger beginning is not 0
US9475,1,19,YES,2026-01,0,1,1,20,YES,
US9476,25,25,YES,2026-01,25,0,0,25,NO,First ledger beginning is not 0
US9477,40,40,YES,2026-01,40,0,0,40,NO,First ledger beginning is not 0
US9478,0,0,YES,2026-01,0,0,0,0,NO,Starting balance is 0 or negative
US9481,21,43,YES,2026-01,21,0,0,43,NO,First ledger beginning is not 0
US9483,21,21,YES,2026-01,21,0,0,21,NO,First ledger beginning is not 0
US9484,0,659,YES,2026-01,659,-659,0,659,NO,Starting balance is 0 or negative
US9485,281,281,YES,2026-01,281,0,0,281,NO,First ledger beginning is not 0
US9487,32,32,YES,2026-01,32,0,0,32,NO,First ledger beginning is not 0
US9488,0,32,YES,2026-01,0,0,0,32,NO,Starting balance is 0 or negative
US9490,19,19,YES,2026-01,19,0,0,19,NO,First ledger beginning is not 0
US9491,0,0,YES,2026-01,0,0,0,0,NO,Starting balance is 0 or negative
US9492,0,177,YES,2026-01,138,-138,0,177,NO,Starting balance is 0 or negative
US9493,0,284,YES,2026-01,166,-166,0,284,NO,Starting balance is 0 or negative
US9494,0,591,YES,2026-01,591,-591,0,591,NO,Starting balance is 0 or negative
US9496,0,1750,YES,2026-01,1723,-1723,0,1750,NO,Starting balance is 0 or negative
US9498,243,23,YES,2026-01,0,243,243,266,YES,
US9499,0,14,YES,2026-01,14,-14,0,14,NO,Starting balance is 0 or negative
US9500,11116,37,YES,2026-01,0,11116,11116,11153,YES,
US9501,365,365,YES,2026-01,365,0,0,365,NO,First ledger beginning is not 0
US9503,52,95,YES,2026-01,52,0,0,95,NO,First ledger beginning is not 0
US9504,0,259,YES,2026-01,259,-259,0,259,NO,Starting balance is 0 or negative
US9505,0,195,YES,2026-01,180,-180,0,195,NO,Starting balance is 0 or negative
US9507,54,82,YES,2026-01,54,0,0,82,NO,First ledger beginning is not 0
US9508,189,209,YES,2026-01,189,0,0,209,NO,First ledger beginning is not 0
US9509,0,357,YES,2026-01,357,-357,0,357,NO,Starting balance is 0 or negative
US951,250,64,YES,2026-01,31,219,0,64,NO,First ledger beginning is not 0
US9510,44,44,YES,2026-01,44,0,0,44,NO,First ledger beginning is not 0
US9511,0,38,YES,2026-01,38,-38,0,38,NO,Starting balance is 0 or negative
US9512,0,128,YES,2026-01,128,-128,0,128,NO,Starting balance is 0 or negative
US9514,0,0,YES,2026-01,0,0,0,0,NO,Starting balance is 0 or negative
US9515,0,138,YES,2026-01,138,-138,0,138,NO,Starting balance is 0 or negative
US9516,0,149,YES,2026-01,149,-149,0,149,NO,Starting balance is 0 or negative
US9517,67,67,YES,2026-01,67,0,0,67,NO,First ledger beginning is not 0
US9518,10,34,YES,2026-01,0,10,10,44,YES,
US9519,44,44,YES,2026-01,44,0,0,44,NO,First ledger beginning is not 0
US951978,0,20,NO,,0,0,0,20,NO,Starting balance is 0 or negative
US952,397,397,YES,2026-01,397,0,0,397,NO,First ledger beginning is not 0
US9520,0,696,YES,2026-01,696,-696,0,696,NO,Starting balance is 0 or negative
US9522,0,0,YES,2026-01,0,0,0,0,NO,Starting balance is 0 or negative
US9524,35,35,YES,2026-01,35,0,0,35,NO,First ledger beginning is not 0
US9525,0,44,YES,2026-01,44,-44,0,44,NO,Starting balance is 0 or negative
US9527,66,89,YES,2026-01,66,0,0,89,NO,First ledger beginning is not 0
US9528,0,49,YES,2026-01,49,-49,0,49,NO,Starting balance is 0 or negative
US9529,735,735,YES,2026-01,735,0,0,735,NO,First ledger beginning is not 0
US953,3,649,YES,2026-01,48,-45,0,649,NO,First ledger beginning is not 0
US9530,0,21,YES,2026-01,21,-21,0,21,NO,Starting balance is 0 or negative
US9531,0,191,YES,2026-01,191,-191,0,191,NO,Starting balance is 0 or negative
US9532,0,510,YES,2026-01,510,-510,0,510,NO,Starting balance is 0 or negative
US953270,0,27,YES,2026-03,0,0,0,27,NO,Starting balance is 0 or negative
US9533,0,387,YES,2026-01,387,-387,0,387,NO,Starting balance is 0 or negative
US9534,0,406,YES,2026-01,406,-406,0,406,NO,Starting balance is 0 or negative
US9535,0,28,YES,2026-01,28,-28,0,28,NO,Starting balance is 0 or negative
US9537,0,73,YES,2026-01,73,-73,0,73,NO,Starting balance is 0 or negative
US9538,0,46,YES,2026-01,46,-46,0,46,NO,Starting balance is 0 or negative
US9539,0,304,YES,2026-01,304,-304,0,304,NO,Starting balance is 0 or negative
US9541,597,0,YES,2026-01,0,597,597,597,YES,
US9542,83,83,YES,2026-01,83,0,0,83,NO,First ledger beginning is not 0
US9543,0,141,YES,2026-01,141,-141,0,141,NO,Starting balance is 0 or negative
US9547,75,19,YES,2026-01,0,75,75,94,YES,
US9548,272,272,YES,2026-01,272,0,0,272,NO,First ledger beginning is not 0
US955,303,0,YES,2026-01,0,303,303,303,YES,
US9550,0,691,YES,2026-01,675,-675,0,691,NO,Starting balance is 0 or negative
US9551,72,72,YES,2026-01,72,0,0,72,NO,First ledger beginning is not 0
US9552,0,11,YES,2026-01,11,-11,0,11,NO,Starting balance is 0 or negative
US9553,72,20,YES,2026-01,0,72,72,92,YES,
US9554,263,0,YES,2026-01,0,263,263,263,YES,
US9555,45,45,YES,2026-01,45,0,0,45,NO,First ledger beginning is not 0
US9556,729,729,YES,2026-01,729,0,0,729,NO,First ledger beginning is not 0
US9557,0,327,YES,2026-01,327,-327,0,327,NO,Starting balance is 0 or negative
US9559,0,306,YES,2026-01,306,-306,0,306,NO,Starting balance is 0 or negative
US9560,1422,0,YES,2026-01,0,1422,1422,1422,YES,
US9561,0,28,YES,2026-01,28,-28,0,28,NO,Starting balance is 0 or negative
US9563,21,0,YES,2026-01,0,21,21,21,YES,
US9564,0,62,YES,2026-01,62,-62,0,62,NO,Starting balance is 0 or negative
US9565,0,11,YES,2026-01,11,-11,0,11,NO,Starting balance is 0 or negative
US956543,0,,NO,,,,0,,NO,Missing SR customer record
US9567,12,12,YES,2026-01,12,0,0,12,NO,First ledger beginning is not 0
US9568,0,0,YES,2026-01,0,0,0,0,NO,Starting balance is 0 or negative
US9569,0,0,YES,2026-01,0,0,0,0,NO,Starting balance is 0 or negative
US957,172,172,YES,2026-01,172,0,0,172,NO,First ledger beginning is not 0
US9570,0,135,YES,2026-01,135,-135,0,135,NO,Starting balance is 0 or negative
US9571,0,94,YES,2026-01,94,-94,0,94,NO,Starting balance is 0 or negative
US9574,427,427,YES,2026-01,427,0,0,427,NO,First ledger beginning is not 0
US9577,191,191,YES,2026-01,191,0,0,191,NO,First ledger beginning is not 0
US9578,0,0,YES,2026-01,0,0,0,0,NO,Starting balance is 0 or negative
US958,638,638,YES,2026-01,638,0,0,638,NO,First ledger beginning is not 0
US9581,0,144,YES,2026-01,144,-144,0,144,NO,Starting balance is 0 or negative
US9583,73,73,YES,2026-01,73,0,0,73,NO,First ledger beginning is not 0
US9584,878,878,YES,2026-01,878,0,0,878,NO,First ledger beginning is not 0
US958548,0,0,NO,,0,0,0,0,NO,Starting balance is 0 or negative
US9586,45,45,YES,2026-01,45,0,0,45,NO,First ledger beginning is not 0
US9587,16,16,YES,2026-01,16,0,0,16,NO,First ledger beginning is not 0
US9592,10,10,YES,2026-01,10,0,0,10,NO,First ledger beginning is not 0
US9593,0,331,YES,2026-01,331,-331,0,331,NO,Starting balance is 0 or negative
US959525,0,,NO,,,,0,,NO,Missing SR customer record
US9597,0,12,YES,2026-01,12,-12,0,12,NO,Starting balance is 0 or negative
US9598,0,288,YES,2026-01,288,-288,0,288,NO,Starting balance is 0 or negative
US9599,97,0,YES,2026-01,0,97,97,97,YES,
US9602,123,123,YES,2026-01,123,0,0,123,NO,First ledger beginning is not 0
US9603,0,2873,YES,2026-01,2855,-2855,0,2873,NO,Starting balance is 0 or negative
US9604,102,102,YES,2026-01,102,0,0,102,NO,First ledger beginning is not 0
US9605,1450,27,YES,2026-01,0,1450,1450,1477,YES,
US96054001,0,,NO,,,,0,,NO,Missing SR customer record
US96054002,37,37,NO,,0,37,37,74,YES,
US96054003,11,11,NO,,0,11,11,22,YES,
US96054004,369,369,NO,,0,369,369,738,YES,
US96054005,142,142,NO,,0,142,142,284,YES,
US96054006,0,0,NO,,0,0,0,0,NO,Starting balance is 0 or negative
US96054007,221,221,NO,,0,221,221,442,YES,
US96054008,0,58,NO,,0,0,0,58,NO,Starting balance is 0 or negative
US96054009,0,22,NO,,0,0,0,22,NO,Starting balance is 0 or negative
US96054010,1,1,NO,,0,1,1,2,YES,
US96054011,627,627,NO,,0,627,627,1254,YES,
US96054012,60,60,NO,,0,60,60,120,YES,
US96054013,32,32,NO,,0,32,32,64,YES,
US96054014,380,380,NO,,0,380,380,760,YES,
US96054015,201,201,NO,,0,201,201,402,YES,
US96054016,0,0,NO,,0,0,0,0,NO,Starting balance is 0 or negative
US96054017,0,16,NO,,0,0,0,16,NO,Starting balance is 0 or negative
US96054018,88,88,NO,,0,88,88,176,YES,
US96054019,10,10,NO,,0,10,10,20,YES,
US96054020,0,0,NO,,0,0,0,0,NO,Starting balance is 0 or negative
US96054021,36,36,NO,,0,36,36,72,YES,
US96054022,24,24,NO,,0,24,24,48,YES,
US96054023,6,6,NO,,0,6,6,12,YES,
US96054024,1,1,NO,,0,1,1,2,YES,
US96054025,76,76,NO,,0,76,76,152,YES,
US96054026,0,13,NO,,0,0,0,13,NO,Starting balance is 0 or negative
US96054027,897,897,YES,2026-04,897,0,0,897,NO,First ledger beginning is not 0
US96054028,123,123,NO,,0,123,123,246,YES,
US96054029,35,35,NO,,0,35,35,70,YES,
US96054030,65,65,NO,,0,65,65,130,YES,
US96054031,0,64,NO,,0,0,0,64,NO,Starting balance is 0 or negative
US96054032,143,143,NO,,0,143,143,286,YES,
US96054033,0,25,NO,,0,0,0,25,NO,Starting balance is 0 or negative
US96054034,3031,3031,NO,,0,3031,3031,6062,YES,
US96054035,17,17,NO,,0,17,17,34,YES,
US96054036,0,0,NO,,0,0,0,0,NO,Starting balance is 0 or negative
US96054037,188,188,NO,,0,188,188,376,YES,
US96054038,0,80,NO,,0,0,0,80,NO,Starting balance is 0 or negative
US96054039,13,13,NO,,0,13,13,26,YES,
US96054040,0,0,NO,,0,0,0,0,NO,Starting balance is 0 or negative
US96054041,504,504,NO,,0,504,504,1008,YES,
US96054042,14,14,NO,,0,14,14,28,YES,
US96054043,336,336,NO,,0,336,336,672,YES,
US96054044,10,10,NO,,0,10,10,20,YES,
US96054045,16,16,NO,,0,16,16,32,YES,
US96054046,30,30,NO,,0,30,30,60,YES,
US96054047,21,21,NO,,0,21,21,42,YES,
US96054048,0,13,NO,,0,0,0,13,NO,Starting balance is 0 or negative
US96054049,80,80,NO,,0,80,80,160,YES,
US96054050,18,18,NO,,0,18,18,36,YES,
US96054051,0,0,NO,,0,0,0,0,NO,Starting balance is 0 or negative
US96054052,0,12,NO,,0,0,0,12,NO,Starting balance is 0 or negative
US96054053,54,54,NO,,0,54,54,108,YES,
US96054054,0,10,NO,,0,0,0,10,NO,Starting balance is 0 or negative
US96054055,180,180,YES,2026-04,180,0,0,180,NO,First ledger beginning is not 0
US96054056,0,37,NO,,0,0,0,37,NO,Starting balance is 0 or negative
US96054057,136,136,NO,,0,136,136,272,YES,
US96054058,76,76,NO,,0,76,76,152,YES,
US96054059,94,94,NO,,0,94,94,188,YES,
US96054060,0,0,NO,,0,0,0,0,NO,Starting balance is 0 or negative
US96054061,5582,5582,NO,,0,5582,5582,11164,YES,
US96054062,173,173,YES,2026-04,173,0,0,173,NO,First ledger beginning is not 0
US96054063,0,30,NO,,0,0,0,30,NO,Starting balance is 0 or negative
US96054064,0,0,NO,,0,0,0,0,NO,Starting balance is 0 or negative
US96054065,0,0,NO,,0,0,0,0,NO,Starting balance is 0 or negative
US96054066,0,20,NO,,0,0,0,20,NO,Starting balance is 0 or negative
US96054067,9,9,NO,,0,9,9,18,YES,
US96054068,0,81,NO,,0,0,0,81,NO,Starting balance is 0 or negative
US96054069,25,25,NO,,0,25,25,50,YES,
US96054070,300,300,NO,,0,300,300,600,YES,
US96054071,47,47,NO,,0,47,47,94,YES,
US96054072,144,144,NO,,0,144,144,288,YES,
US96054073,135,135,NO,,0,135,135,270,YES,
US96054074,175,175,NO,,0,175,175,350,YES,
US96054075,0,0,NO,,0,0,0,0,NO,Starting balance is 0 or negative
US96054076,65,65,NO,,0,65,65,130,YES,
US96054077,52,52,NO,,0,52,52,104,YES,
US96054078,0,11,NO,,0,0,0,11,NO,Starting balance is 0 or negative
US96054079,61,61,NO,,0,61,61,122,YES,
US96054080,37,37,NO,,0,37,37,74,YES,
US96054081,55,55,YES,2026-03,55,0,0,55,NO,First ledger beginning is not 0
US96054082,111,111,NO,,0,111,111,222,YES,
US96054083,0,23,NO,,0,0,0,23,NO,Starting balance is 0 or negative
US96054084,0,121,NO,,0,0,0,121,NO,Starting balance is 0 or negative
US96054085,18,18,NO,,0,18,18,36,YES,
US96054086,3,3,NO,,0,3,3,6,YES,
US96054087,13,13,NO,,0,13,13,26,YES,
US96054088,0,0,NO,,0,0,0,0,NO,Starting balance is 0 or negative
US96054089,2,2,NO,,0,2,2,4,YES,
US96054090,0,143,NO,,0,0,0,143,NO,Starting balance is 0 or negative
US96054091,24,24,NO,,0,24,24,48,YES,
US96054092,87,87,NO,,0,87,87,174,YES,
US96054093,1848,1848,NO,,0,1848,1848,3696,YES,
US96054094,33,33,NO,,0,33,33,66,YES,
US96054095,0,224,NO,,0,0,0,224,NO,Starting balance is 0 or negative
US96054096,0,63,NO,,0,0,0,63,NO,Starting balance is 0 or negative
US96054097,329,329,NO,,0,329,329,658,YES,
US96054098,29,29,NO,,0,29,29,58,YES,
US96054099,1,1,YES,2026-04,1,0,0,1,NO,First ledger beginning is not 0
US96054100,25,25,NO,,0,25,25,50,YES,
US96054101,61,61,NO,,0,61,61,122,YES,
US96054102,114,114,NO,,0,114,114,228,YES,
US96054103,0,14,NO,,0,0,0,14,NO,Starting balance is 0 or negative
US96054104,0,226,NO,,0,0,0,226,NO,Starting balance is 0 or negative
US96054105,529,529,NO,,0,529,529,1058,YES,
US96054106,0,12,NO,,0,0,0,12,NO,Starting balance is 0 or negative
US96054107,0,0,NO,,0,0,0,0,NO,Starting balance is 0 or negative
US96054108,10,10,NO,,0,10,10,20,YES,
US96054109,0,0,NO,,0,0,0,0,NO,Starting balance is 0 or negative
US96054110,63,63,NO,,0,63,63,126,YES,
US96054111,17,17,NO,,0,17,17,34,YES,
US96054112,0,0,NO,,0,0,0,0,NO,Starting balance is 0 or negative
US96054113,286,286,NO,,0,286,286,572,YES,
US96054114,11,11,NO,,0,11,11,22,YES,
US96054115,0,81,NO,,0,0,0,81,NO,Starting balance is 0 or negative
US96054116,152,152,NO,,0,152,152,304,YES,
US96054117,70,70,NO,,0,70,70,140,YES,
US96054118,0,0,NO,,0,0,0,0,NO,Starting balance is 0 or negative
US96054119,123,123,NO,,0,123,123,246,YES,
US96054120,0,318,NO,,0,0,0,318,NO,Starting balance is 0 or negative
US96054121,122,122,NO,,0,122,122,244,YES,
US96054122,15,15,NO,,0,15,15,30,YES,
US96054123,493,493,NO,,0,493,493,986,YES,
US96054124,148,148,NO,,0,148,148,296,YES,
US96054125,0,0,NO,,0,0,0,0,NO,Starting balance is 0 or negative
US96054126,112,112,NO,,0,112,112,224,YES,
US96054127,169,169,NO,,0,169,169,338,YES,
US96054128,70,70,NO,,0,70,70,140,YES,
US96054129,132,132,NO,,0,132,132,264,YES,
US96054130,12,12,NO,,0,12,12,24,YES,
US96054131,0,330,NO,,0,0,0,330,NO,Starting balance is 0 or negative
US96054132,78,78,NO,,0,78,78,156,YES,
US96054133,147,147,NO,,0,147,147,294,YES,
US96054134,39,39,NO,,0,39,39,78,YES,
US96054135,820,820,NO,,0,820,820,1640,YES,
US96054136,34,34,NO,,0,34,34,68,YES,
US96054137,0,63,NO,,0,0,0,63,NO,Starting balance is 0 or negative
US96054138,16,16,NO,,0,16,16,32,YES,
US96054139,3,3,NO,,0,3,3,6,YES,
US96054140,14,14,NO,,0,14,14,28,YES,
US96054141,685,685,NO,,0,685,685,1370,YES,
US96054142,584,584,NO,,0,584,584,1168,YES,
US96054143,914,914,NO,,0,914,914,1828,YES,
US96054144,14,14,NO,,0,14,14,28,YES,
US96054145,0,0,NO,,0,0,0,0,NO,Starting balance is 0 or negative
US96054146,0,0,NO,,0,0,0,0,NO,Starting balance is 0 or negative
US96054147,0,0,NO,,0,0,0,0,NO,Starting balance is 0 or negative
US96054148,27,27,NO,,0,27,27,54,YES,
US96054149,214,214,NO,,0,214,214,428,YES,
US96054150,0,16,NO,,0,0,0,16,NO,Starting balance is 0 or negative
US96054151,71,71,NO,,0,71,71,142,YES,
US96054152,88,88,NO,,0,88,88,176,YES,
US96054153,86,86,YES,2026-04,86,0,0,86,NO,First ledger beginning is not 0
US96054154,0,14,NO,,0,0,0,14,NO,Starting balance is 0 or negative
US96054155,0,16,NO,,0,0,0,16,NO,Starting balance is 0 or negative
US96054156,1035,1035,NO,,0,1035,1035,2070,YES,
US96054157,0,632,NO,,0,0,0,632,NO,Starting balance is 0 or negative
US96054158,0,394,NO,,0,0,0,394,NO,Starting balance is 0 or negative
US96054159,0,0,NO,,0,0,0,0,NO,Starting balance is 0 or negative
US96054160,26,26,NO,,0,26,26,52,YES,
US96054161,0,0,NO,,0,0,0,0,NO,Starting balance is 0 or negative
US96054162,0,22,NO,,0,0,0,22,NO,Starting balance is 0 or negative
US96054163,0,0,NO,,0,0,0,0,NO,Starting balance is 0 or negative
US96054164,18,18,NO,,0,18,18,36,YES,
US96054165,1008,1008,NO,,0,1008,1008,2016,YES,
US96054166,0,0,NO,,0,0,0,0,NO,Starting balance is 0 or negative
US96054167,209,209,NO,,0,209,209,418,YES,
US96054168,0,0,NO,,0,0,0,0,NO,Starting balance is 0 or negative
US96054169,93,93,NO,,0,93,93,186,YES,
US96054170,4,4,NO,,0,4,4,8,YES,
US96054171,45,45,NO,,0,45,45,90,YES,
US96054172,30,30,NO,,0,30,30,60,YES,
US96054173,29,29,NO,,0,29,29,58,YES,
US96054174,0,10,NO,,0,0,0,10,NO,Starting balance is 0 or negative
US96054175,0,0,NO,,0,0,0,0,NO,Starting balance is 0 or negative
US96054176,0,0,NO,,0,0,0,0,NO,Starting balance is 0 or negative
US96054177,0,11,NO,,0,0,0,11,NO,Starting balance is 0 or negative
US96054178,0,0,NO,,0,0,0,0,NO,Starting balance is 0 or negative
US96054179,26,26,NO,,0,26,26,52,YES,
US96054180,323,323,NO,,0,323,323,646,YES,
US96054181,193,193,NO,,0,193,193,386,YES,
US96054182,68,68,NO,,0,68,68,136,YES,
US96054183,0,0,NO,,0,0,0,0,NO,Starting balance is 0 or negative
US96054184,0,0,NO,,0,0,0,0,NO,Starting balance is 0 or negative
US96054185,225,225,NO,,0,225,225,450,YES,
US96054186,11,11,NO,,0,11,11,22,YES,
US96054187,27,27,NO,,0,27,27,54,YES,
US96054188,199,225,YES,2026-03,199,0,0,225,NO,First ledger beginning is not 0
US96054189,0,0,NO,,0,0,0,0,NO,Starting balance is 0 or negative
US96054190,0,0,NO,,0,0,0,0,NO,Starting balance is 0 or negative
US96054191,25,25,NO,,0,25,25,50,YES,
US96054192,0,0,NO,,0,0,0,0,NO,Starting balance is 0 or negative
US96054193,2,2,NO,,0,2,2,4,YES,
US96054194,0,0,NO,,0,0,0,0,NO,Starting balance is 0 or negative
US96054195,0,13,NO,,0,0,0,13,NO,Starting balance is 0 or negative
US96054196,52,52,NO,,0,52,52,104,YES,
US96054198,80,80,NO,,0,80,80,160,YES,
US96054199,116,116,NO,,0,116,116,232,YES,
US96054200,0,0,NO,,0,0,0,0,NO,Starting balance is 0 or negative
US96054201,1838,1838,NO,,0,1838,1838,3676,YES,
US96054202,99,99,NO,,0,99,99,198,YES,
US96054203,0,0,NO,,0,0,0,0,NO,Starting balance is 0 or negative
US96054204,189,189,NO,,0,189,189,378,YES,
US96054205,19,19,NO,,0,19,19,38,YES,
US96054206,29,29,YES,2026-04,29,0,0,29,NO,First ledger beginning is not 0
US96054207,0,0,NO,,0,0,0,0,NO,Starting balance is 0 or negative
US96054208,131,131,NO,,0,131,131,262,YES,
US96054209,13,13,NO,,0,13,13,26,YES,
US96054210,616,616,NO,,0,616,616,1232,YES,
US96054211,0,49,NO,,0,0,0,49,NO,Starting balance is 0 or negative
US96054212,242,242,NO,,0,242,242,484,YES,
US96054213,0,,NO,,,,0,,NO,Missing SR customer record
US96054214,1,1,NO,,0,1,1,2,YES,
US96054215,0,0,NO,,0,0,0,0,NO,Starting balance is 0 or negative
US96054216,7,7,NO,,0,7,7,14,YES,
US96054217,21,21,NO,,0,21,21,42,YES,
US96054218,0,960,NO,,0,0,0,960,NO,Starting balance is 0 or negative
US96054219,0,11,NO,,0,0,0,11,NO,Starting balance is 0 or negative
US96054220,180,180,NO,,0,180,180,360,YES,
US96054221,33,33,NO,,0,33,33,66,YES,
US96054222,31,31,NO,,0,31,31,62,YES,
US96054223,0,199,NO,,0,0,0,199,NO,Starting balance is 0 or negative
US96054224,137,137,NO,,0,137,137,274,YES,
US96054225,319,319,NO,,0,319,319,638,YES,
US96054226,86,86,NO,,0,86,86,172,YES,
US96054227,135,135,NO,,0,135,135,270,YES,
US96054228,0,30,NO,,0,0,0,30,NO,Starting balance is 0 or negative
US96054229,28,28,NO,,0,28,28,56,YES,
US96054230,30,30,NO,,0,30,30,60,YES,
US96054231,108,108,NO,,0,108,108,216,YES,
US96054232,304,304,NO,,0,304,304,608,YES,
US96054233,2210,2210,NO,,0,2210,2210,4420,YES,
US96054234,807,807,YES,2026-04,807,0,0,807,NO,First ledger beginning is not 0
US96054235,61,61,NO,,0,61,61,122,YES,
US96054236,0,0,NO,,0,0,0,0,NO,Starting balance is 0 or negative
US96054237,0,55,NO,,0,0,0,55,NO,Starting balance is 0 or negative
US96054238,0,324,NO,,0,0,0,324,NO,Starting balance is 0 or negative
US96054239,309,309,NO,,0,309,309,618,YES,
US96054240,0,0,NO,,0,0,0,0,NO,Starting balance is 0 or negative
US96054241,152,152,NO,,0,152,152,304,YES,
US96054242,0,16,NO,,0,0,0,16,NO,Starting balance is 0 or negative
US96054243,0,0,NO,,0,0,0,0,NO,Starting balance is 0 or negative
US96054244,26,26,NO,,0,26,26,52,YES,
US96054245,0,75,NO,,0,0,0,75,NO,Starting balance is 0 or negative
US96054246,30,30,NO,,0,30,30,60,YES,
US96054247,0,0,NO,,0,0,0,0,NO,Starting balance is 0 or negative
US96054248,0,0,NO,,0,0,0,0,NO,Starting balance is 0 or negative
US96054249,162,162,NO,,0,162,162,324,YES,
US96054250,13,13,NO,,0,13,13,26,YES,
US96054251,0,27,NO,,0,0,0,27,NO,Starting balance is 0 or negative
US96054252,0,0,NO,,0,0,0,0,NO,Starting balance is 0 or negative
US96054253,0,41,NO,,0,0,0,41,NO,Starting balance is 0 or negative
US96054254,34,34,NO,,0,34,34,68,YES,
US96054255,0,35,NO,,0,0,0,35,NO,Starting balance is 0 or negative
US96054256,0,0,NO,,0,0,0,0,NO,Starting balance is 0 or negative
US96054257,21,21,NO,,0,21,21,42,YES,
US96054258,1335,1335,NO,,0,1335,1335,2670,YES,
US96054259,216,216,NO,,0,216,216,432,YES,
US96054260,107,107,NO,,0,107,107,214,YES,
US96054261,33,33,NO,,0,33,33,66,YES,
US96054262,0,99,NO,,0,0,0,99,NO,Starting balance is 0 or negative
US96054263,95,95,NO,,0,95,95,190,YES,
US96054264,46,46,NO,,0,46,46,92,YES,
US96054265,33,33,NO,,0,33,33,66,YES,
US96054266,182,182,NO,,0,182,182,364,YES,
US96054267,157,157,NO,,0,157,157,314,YES,
US96054268,4,4,NO,,0,4,4,8,YES,
US96054269,0,1539,NO,,0,0,0,1539,NO,Starting balance is 0 or negative
US96054270,485,485,NO,,0,485,485,970,YES,
US96054271,12,12,NO,,0,12,12,24,YES,
US96054272,0,0,NO,,0,0,0,0,NO,Starting balance is 0 or negative
US96054273,80,80,NO,,0,80,80,160,YES,
US96054274,0,0,NO,,0,0,0,0,NO,Starting balance is 0 or negative
US96054275,0,755,NO,,0,0,0,755,NO,Starting balance is 0 or negative
US96054276,0,279,NO,,0,0,0,279,NO,Starting balance is 0 or negative
US96054277,0,32,NO,,0,0,0,32,NO,Starting balance is 0 or negative
US96054278,0,12,NO,,0,0,0,12,NO,Starting balance is 0 or negative
US96054279,0,43,NO,,0,0,0,43,NO,Starting balance is 0 or negative
US96054280,247,247,NO,,0,247,247,494,YES,
US96054281,56,56,NO,,0,56,56,112,YES,
US96054282,37,37,NO,,0,37,37,74,YES,
US96054283,22,22,NO,,0,22,22,44,YES,
US96054284,0,12,NO,,0,0,0,12,NO,Starting balance is 0 or negative
US96054285,199,199,NO,,0,199,199,398,YES,
US96054286,100,100,NO,,0,100,100,200,YES,
US96054287,134,134,NO,,0,134,134,268,YES,
US96054288,0,153,NO,,0,0,0,153,NO,Starting balance is 0 or negative
US96054289,406,406,NO,,0,406,406,812,YES,
US96054290,0,0,NO,,0,0,0,0,NO,Starting balance is 0 or negative
US96054291,2,2,NO,,0,2,2,4,YES,
US96054292,14,14,NO,,0,14,14,28,YES,
US96054293,231,231,NO,,0,231,231,462,YES,
US96054294,408,408,NO,,0,408,408,816,YES,
US96054295,132,132,YES,2026-04,132,0,0,132,NO,First ledger beginning is not 0
US96054296,0,13,NO,,0,0,0,13,NO,Starting balance is 0 or negative
US96054297,11,11,NO,,0,11,11,22,YES,
US96054298,13,13,NO,,0,13,13,26,YES,
US96054299,0,86,NO,,0,0,0,86,NO,Starting balance is 0 or negative
US96054300,0,107,NO,,0,0,0,107,NO,Starting balance is 0 or negative
US96054301,97,97,NO,,0,97,97,194,YES,
US96054302,241,241,NO,,0,241,241,482,YES,
US96054303,109,109,NO,,0,109,109,218,YES,
US96054304,13,13,NO,,0,13,13,26,YES,
US96054305,0,19,NO,,0,0,0,19,NO,Starting balance is 0 or negative
US96054306,0,8,NO,,0,0,0,8,NO,Starting balance is 0 or negative
US96054307,259,259,NO,,0,259,259,518,YES,
US96054308,693,693,NO,,0,693,693,1386,YES,
US96054309,14,14,NO,,0,14,14,28,YES,
US96054310,0,4,NO,,0,0,0,4,NO,Starting balance is 0 or negative
US96054311,152,152,NO,,0,152,152,304,YES,
US96054312,24,24,NO,,0,24,24,48,YES,
US96054313,0,18,NO,,0,0,0,18,NO,Starting balance is 0 or negative
US96054314,0,0,NO,,0,0,0,0,NO,Starting balance is 0 or negative
US96054315,0,0,NO,,0,0,0,0,NO,Starting balance is 0 or negative
US96054316,0,90,NO,,0,0,0,90,NO,Starting balance is 0 or negative
US96054317,92,92,NO,,0,92,92,184,YES,
US96054318,246,246,NO,,0,246,246,492,YES,
US96054319,14,14,NO,,0,14,14,28,YES,
US96054320,0,10,NO,,0,0,0,10,NO,Starting balance is 0 or negative
US96054321,10,10,NO,,0,10,10,20,YES,
US96054322,222,222,NO,,0,222,222,444,YES,
US96054323,0,18,NO,,0,0,0,18,NO,Starting balance is 0 or negative
US96054324,471,471,YES,2026-03,471,0,0,471,NO,First ledger beginning is not 0
US96054325,1133,1133,NO,,0,1133,1133,2266,YES,
US96054326,0,161,NO,,0,0,0,161,NO,Starting balance is 0 or negative
US96054327,125,125,NO,,0,125,125,250,YES,
US96054328,66,66,NO,,0,66,66,132,YES,
US96054329,1125,1125,NO,,0,1125,1125,2250,YES,
US96054330,25,25,NO,,0,25,25,50,YES,
US96054331,479,479,NO,,0,479,479,958,YES,
US96054332,39,39,NO,,0,39,39,78,YES,
US96054333,0,0,NO,,0,0,0,0,NO,Starting balance is 0 or negative
US96054334,0,0,NO,,0,0,0,0,NO,Starting balance is 0 or negative
US96054335,223,223,NO,,0,223,223,446,YES,
US96054336,0,0,NO,,0,0,0,0,NO,Starting balance is 0 or negative
US96054337,0,0,NO,,0,0,0,0,NO,Starting balance is 0 or negative
US96054338,0,0,NO,,0,0,0,0,NO,Starting balance is 0 or negative
US96054339,0,0,NO,,0,0,0,0,NO,Starting balance is 0 or negative
US96054340,27,27,NO,,0,27,27,54,YES,
US96054341,0,58,NO,,0,0,0,58,NO,Starting balance is 0 or negative
US96054342,11,11,NO,,0,11,11,22,YES,
US96054343,10,10,NO,,0,10,10,20,YES,
US96054344,57,57,NO,,0,57,57,114,YES,
US96054345,21,21,NO,,0,21,21,42,YES,
US96054346,0,94,NO,,0,0,0,94,NO,Starting balance is 0 or negative
US96054347,162,162,YES,2026-04,162,0,0,162,NO,First ledger beginning is not 0
US96054348,180,180,NO,,0,180,180,360,YES,
US96054349,0,26,NO,,0,0,0,26,NO,Starting balance is 0 or negative
US96054350,85,85,NO,,0,85,85,170,YES,
US96054351,100,100,NO,,0,100,100,200,YES,
US96054352,0,0,NO,,0,0,0,0,NO,Starting balance is 0 or negative
US96054353,0,0,NO,,0,0,0,0,NO,Starting balance is 0 or negative
US96054354,267,267,NO,,0,267,267,534,YES,
US96054355,487,487,YES,2026-04,487,0,0,487,NO,First ledger beginning is not 0
US96054356,0,303,NO,,0,0,0,303,NO,Starting balance is 0 or negative
US96054357,29,29,NO,,0,29,29,58,YES,
US96054358,0,0,NO,,0,0,0,0,NO,Starting balance is 0 or negative
US96054359,119,119,NO,,0,119,119,238,YES,
US96054360,0,0,NO,,0,0,0,0,NO,Starting balance is 0 or negative
US96054361,62,62,NO,,0,62,62,124,YES,
US96054362,0,18,NO,,0,0,0,18,NO,Starting balance is 0 or negative
US96054363,13,13,NO,,0,13,13,26,YES,
US96054364,0,91,NO,,0,0,0,91,NO,Starting balance is 0 or negative
US96054365,13,13,NO,,0,13,13,26,YES,
US96054366,10,10,NO,,0,10,10,20,YES,
US96054367,0,181,NO,,0,0,0,181,NO,Starting balance is 0 or negative
US96054368,199,199,NO,,0,199,199,398,YES,
US96054369,11,11,NO,,0,11,11,22,YES,
US96054370,78,78,NO,,0,78,78,156,YES,
US96054371,625,625,NO,,0,625,625,1250,YES,
US96054372,219,219,NO,,0,219,219,438,YES,
US96054373,20,20,NO,,0,20,20,40,YES,
US96054374,0,70,NO,,0,0,0,70,NO,Starting balance is 0 or negative
US96054375,0,15,NO,,0,0,0,15,NO,Starting balance is 0 or negative
US96054376,0,3,NO,,0,0,0,3,NO,Starting balance is 0 or negative
US96054377,116,116,NO,,0,116,116,232,YES,
US96054378,212,212,NO,,0,212,212,424,YES,
US96054379,0,253,NO,,0,0,0,253,NO,Starting balance is 0 or negative
US96054380,0,0,NO,,0,0,0,0,NO,Starting balance is 0 or negative
US96054381,0,0,NO,,0,0,0,0,NO,Starting balance is 0 or negative
US96054382,10,10,NO,,0,10,10,20,YES,
US96054383,0,0,NO,,0,0,0,0,NO,Starting balance is 0 or negative
US96054384,0,12,NO,,0,0,0,12,NO,Starting balance is 0 or negative
US96054385,101,101,NO,,0,101,101,202,YES,
US96054386,10,10,NO,,0,10,10,20,YES,
US96054387,9,9,NO,,0,9,9,18,YES,
US96054388,0,154,NO,,0,0,0,154,NO,Starting balance is 0 or negative
US96054389,0,21,NO,,0,0,0,21,NO,Starting balance is 0 or negative
US96054390,0,4709,NO,,0,0,0,4709,NO,Starting balance is 0 or negative
US96054391,344,344,NO,,0,344,344,688,YES,
US96054392,706,706,NO,,0,706,706,1412,YES,
US96054393,83,83,NO,,0,83,83,166,YES,
US96054394,29,29,NO,,0,29,29,58,YES,
US96054395,1653,1653,NO,,0,1653,1653,3306,YES,
US96054396,1,1,NO,,0,1,1,2,YES,
US96054397,19,19,NO,,0,19,19,38,YES,
US96054398,0,15,NO,,0,0,0,15,NO,Starting balance is 0 or negative
US96054399,906,906,NO,,0,906,906,1812,YES,
US96054400,0,92,NO,,0,0,0,92,NO,Starting balance is 0 or negative
US96054401,0,0,NO,,0,0,0,0,NO,Starting balance is 0 or negative
US96054402,171,171,NO,,0,171,171,342,YES,
US96054403,0,88,NO,,0,0,0,88,NO,Starting balance is 0 or negative
US96054404,436,436,NO,,0,436,436,872,YES,
US96054405,85,85,NO,,0,85,85,170,YES,
US96054406,49,49,NO,,0,49,49,98,YES,
US96054407,52,52,NO,,0,52,52,104,YES,
US96054408,0,0,NO,,0,0,0,0,NO,Starting balance is 0 or negative
US96054409,89,89,NO,,0,89,89,178,YES,
US96054410,11,11,NO,,0,11,11,22,YES,
US96054411,64,64,NO,,0,64,64,128,YES,
US96054412,34,34,NO,,0,34,34,68,YES,
US96054413,0,23,NO,,0,0,0,23,NO,Starting balance is 0 or negative
US96054414,65,65,NO,,0,65,65,130,YES,
US96054415,332,332,NO,,0,332,332,664,YES,
US96054416,14,14,NO,,0,14,14,28,YES,
US96054417,0,0,NO,,0,0,0,0,NO,Starting balance is 0 or negative
US96054418,0,357,NO,,0,0,0,357,NO,Starting balance is 0 or negative
US96054419,0,29,NO,,0,0,0,29,NO,Starting balance is 0 or negative
US96054420,170,170,NO,,0,170,170,340,YES,
US96054421,193,193,NO,,0,193,193,386,YES,
US96054422,0,0,NO,,0,0,0,0,NO,Starting balance is 0 or negative
US96054423,13,13,NO,,0,13,13,26,YES,
US96054424,0,0,NO,,0,0,0,0,NO,Starting balance is 0 or negative
US96054425,243,243,NO,,0,243,243,486,YES,
US96054426,28,28,NO,,0,28,28,56,YES,
US96054427,0,200,NO,,0,0,0,200,NO,Starting balance is 0 or negative
US96054428,931,931,NO,,0,931,931,1862,YES,
US96054429,2282,2282,NO,,0,2282,2282,4564,YES,
US96054430,230,230,YES,2026-04,230,0,0,230,NO,First ledger beginning is not 0
US96054431,461,461,NO,,0,461,461,922,YES,
US96054432,14,14,NO,,0,14,14,28,YES,
US96054433,0,128,NO,,0,0,0,128,NO,Starting balance is 0 or negative
US96054434,308,308,NO,,0,308,308,616,YES,
US96054435,43,43,NO,,0,43,43,86,YES,
US96054436,0,0,NO,,0,0,0,0,NO,Starting balance is 0 or negative
US96054437,351,351,NO,,0,351,351,702,YES,
US96054438,334,334,NO,,0,334,334,668,YES,
US96054439,0,215,NO,,0,0,0,215,NO,Starting balance is 0 or negative
US96054440,0,16,NO,,0,0,0,16,NO,Starting balance is 0 or negative
US96054441,0,0,NO,,0,0,0,0,NO,Starting balance is 0 or negative
US96054442,0,10,NO,,0,0,0,10,NO,Starting balance is 0 or negative
US96054443,2443,2443,YES,2026-03,2443,0,0,2443,NO,First ledger beginning is not 0
US96054444,427,427,NO,,0,427,427,854,YES,
US96054445,159,159,NO,,0,159,159,318,YES,
US96054446,253,253,NO,,0,253,253,506,YES,
US96054447,0,185,NO,,0,0,0,185,NO,Starting balance is 0 or negative
US96054448,0,0,NO,,0,0,0,0,NO,Starting balance is 0 or negative
US96054449,102,102,NO,,0,102,102,204,YES,
US96054450,118,118,NO,,0,118,118,236,YES,
US96054451,0,0,NO,,0,0,0,0,NO,Starting balance is 0 or negative
US96054452,630,630,NO,,0,630,630,1260,YES,
US96054453,58,58,NO,,0,58,58,116,YES,
US96054454,0,,NO,,,,0,,NO,Missing SR customer record
US96054455,0,0,NO,,0,0,0,0,NO,Starting balance is 0 or negative
US96054456,0,0,NO,,0,0,0,0,NO,Starting balance is 0 or negative
US96054457,10,10,NO,,0,10,10,20,YES,
US96054458,487,487,YES,2026-03,487,0,0,487,NO,First ledger beginning is not 0
US96054459,291,291,NO,,0,291,291,582,YES,
US96054460,0,0,NO,,0,0,0,0,NO,Starting balance is 0 or negative
US96054461,0,0,NO,,0,0,0,0,NO,Starting balance is 0 or negative
US96054462,0,35,NO,,0,0,0,35,NO,Starting balance is 0 or negative
US96054463,0,36,NO,,0,0,0,36,NO,Starting balance is 0 or negative
US96054464,0,0,NO,,0,0,0,0,NO,Starting balance is 0 or negative
US96054465,222,222,YES,2026-04,222,0,0,222,NO,First ledger beginning is not 0
US96054466,21,21,NO,,0,21,21,42,YES,
US96054467,11,11,NO,,0,11,11,22,YES,
US96054468,23,23,NO,,0,23,23,46,YES,
US96054469,132,132,NO,,0,132,132,264,YES,
US96054470,398,398,NO,,0,398,398,796,YES,
US96054471,0,0,NO,,0,0,0,0,NO,Starting balance is 0 or negative
US96054472,2,2,NO,,0,2,2,4,YES,
US96054473,0,12,NO,,0,0,0,12,NO,Starting balance is 0 or negative
US96054474,22,22,NO,,0,22,22,44,YES,
US96054475,305,305,NO,,0,305,305,610,YES,
US96054476,41,41,NO,,0,41,41,82,YES,
US96054477,0,0,NO,,0,0,0,0,NO,Starting balance is 0 or negative
US96054478,0,16,NO,,0,0,0,16,NO,Starting balance is 0 or negative
US96054479,178,178,NO,,0,178,178,356,YES,
US96054480,378,378,NO,,0,378,378,756,YES,
US96054481,0,85,NO,,0,0,0,85,NO,Starting balance is 0 or negative
US96054482,0,294,NO,,0,0,0,294,NO,Starting balance is 0 or negative
US96054483,0,64,NO,,0,0,0,64,NO,Starting balance is 0 or negative
US96054484,65,65,NO,,0,65,65,130,YES,
US96054485,83,83,NO,,0,83,83,166,YES,
US96054486,170,170,NO,,0,170,170,340,YES,
US96054487,294,294,NO,,0,294,294,588,YES,
US96054488,232,232,NO,,0,232,232,464,YES,
US96054489,108,108,YES,2026-04,108,0,0,108,NO,First ledger beginning is not 0
US96054490,125,125,NO,,0,125,125,250,YES,
US96054491,11,11,NO,,0,11,11,22,YES,
US96054492,37,37,NO,,0,37,37,74,YES,
US96054493,0,0,NO,,0,0,0,0,NO,Starting balance is 0 or negative
US96054494,135,135,NO,,0,135,135,270,YES,
US96054495,0,11,NO,,0,0,0,11,NO,Starting balance is 0 or negative
US96054496,318,318,NO,,0,318,318,636,YES,
US96054497,0,0,NO,,0,0,0,0,NO,Starting balance is 0 or negative
US96054498,0,13,NO,,0,0,0,13,NO,Starting balance is 0 or negative
US96054499,0,0,NO,,0,0,0,0,NO,Starting balance is 0 or negative
US96054500,0,0,NO,,0,0,0,0,NO,Starting balance is 0 or negative
US96054501,0,204,NO,,0,0,0,204,NO,Starting balance is 0 or negative
US96054502,10,10,NO,,0,10,10,20,YES,
US96054503,28,28,NO,,0,28,28,56,YES,
US96054504,185,185,NO,,0,185,185,370,YES,
US96054505,166,166,YES,2026-04,166,0,0,166,NO,First ledger beginning is not 0
US96054506,77,77,NO,,0,77,77,154,YES,
US96054507,250,250,NO,,0,250,250,500,YES,
US96054508,0,0,YES,2026-04,0,0,0,0,NO,Starting balance is 0 or negative
US96054509,1010,1010,YES,2026-04,1010,0,0,1010,NO,First ledger beginning is not 0
US96054510,66,66,YES,2026-04,66,0,0,66,NO,First ledger beginning is not 0
US96054511,23,23,NO,,0,23,23,46,YES,
US96054512,15,15,NO,,0,15,15,30,YES,
US96054513,33,33,NO,,0,33,33,66,YES,
US96054514,64,64,NO,,0,64,64,128,YES,
US96054515,0,0,NO,,0,0,0,0,NO,Starting balance is 0 or negative
US96054516,0,0,NO,,0,0,0,0,NO,Starting balance is 0 or negative
US96054517,0,0,NO,,0,0,0,0,NO,Starting balance is 0 or negative
US96054518,0,12,NO,,0,0,0,12,NO,Starting balance is 0 or negative
US96054519,0,0,NO,,0,0,0,0,NO,Starting balance is 0 or negative
US96054520,78,78,YES,2026-04,78,0,0,78,NO,First ledger beginning is not 0
US96054521,0,10,NO,,0,0,0,10,NO,Starting balance is 0 or negative
US96054522,0,0,NO,,0,0,0,0,NO,Starting balance is 0 or negative
US96054523,0,109,NO,,0,0,0,109,NO,Starting balance is 0 or negative
US96054524,19,19,NO,,0,19,19,38,YES,
US96054525,0,14,NO,,0,0,0,14,NO,Starting balance is 0 or negative
US96054526,21,,NO,,,,0,,NO,Missing SR customer record
US96054527,0,0,NO,,0,0,0,0,NO,Starting balance is 0 or negative
US96054528,0,85,NO,,0,0,0,85,NO,Starting balance is 0 or negative
US96054529,176,176,NO,,0,176,176,352,YES,
US96054530,26,26,NO,,0,26,26,52,YES,
US96054531,17,17,NO,,0,17,17,34,YES,
US96054532,101,101,NO,,0,101,101,202,YES,
US96054533,554,554,NO,,0,554,554,1108,YES,
US96054534,151,151,NO,,0,151,151,302,YES,
US96054535,117,117,NO,,0,117,117,234,YES,
US96054536,1203,1203,NO,,0,1203,1203,2406,YES,
US96054537,0,50,NO,,0,0,0,50,NO,Starting balance is 0 or negative
US96054538,892,892,NO,,0,892,892,1784,YES,
US96054539,0,198,NO,,0,0,0,198,NO,Starting balance is 0 or negative
US96054540,454,454,NO,,0,454,454,908,YES,
US96054541,68,68,NO,,0,68,68,136,YES,
US96054542,304,304,NO,,0,304,304,608,YES,
US96054543,25,25,NO,,0,25,25,50,YES,
US96054544,3,3,NO,,0,3,3,6,YES,
US96054545,51,51,NO,,0,51,51,102,YES,
US96054546,0,11,NO,,0,0,0,11,NO,Starting balance is 0 or negative
US96054547,20,20,NO,,0,20,20,40,YES,
US96054548,88,88,NO,,0,88,88,176,YES,
US96054549,43,43,NO,,0,43,43,86,YES,
US96054550,146,146,NO,,0,146,146,292,YES,
US96054551,0,183,NO,,0,0,0,183,NO,Starting balance is 0 or negative
US96054552,0,0,NO,,0,0,0,0,NO,Starting balance is 0 or negative
US96054553,15,15,NO,,0,15,15,30,YES,
US96054554,20,20,NO,,0,20,20,40,YES,
US96054555,0,0,NO,,0,0,0,0,NO,Starting balance is 0 or negative
US96054556,0,20,NO,,0,0,0,20,NO,Starting balance is 0 or negative
US96054557,0,0,NO,,0,0,0,0,NO,Starting balance is 0 or negative
US96054558,0,10,NO,,0,0,0,10,NO,Starting balance is 0 or negative
US96054559,135,135,NO,,0,135,135,270,YES,
US96054560,0,12,NO,,0,0,0,12,NO,Starting balance is 0 or negative
US96054561,0,15,NO,,0,0,0,15,NO,Starting balance is 0 or negative
US96054562,0,0,YES,2026-04,0,0,0,0,NO,Starting balance is 0 or negative
US96054563,0,132,NO,,0,0,0,132,NO,Starting balance is 0 or negative
US96054564,0,0,NO,,0,0,0,0,NO,Starting balance is 0 or negative
US96054565,354,354,NO,,0,354,354,708,YES,
US96054566,24,24,NO,,0,24,24,48,YES,
US96054567,0,0,NO,,0,0,0,0,NO,Starting balance is 0 or negative
US96054568,9,9,YES,2026-04,9,0,0,9,NO,First ledger beginning is not 0
US96054569,0,11,NO,,0,0,0,11,NO,Starting balance is 0 or negative
US96054570,18,18,NO,,0,18,18,36,YES,
US96054571,105,105,NO,,0,105,105,210,YES,
US96054572,94,94,NO,,0,94,94,188,YES,
US96054573,0,0,NO,,0,0,0,0,NO,Starting balance is 0 or negative
US96054574,61,61,NO,,0,61,61,122,YES,
US96054575,17,17,NO,,0,17,17,34,YES,
US96054576,0,49,NO,,0,0,0,49,NO,Starting balance is 0 or negative
US96054577,0,1,NO,,0,0,0,1,NO,Starting balance is 0 or negative
US96054578,10,10,NO,,0,10,10,20,YES,
US96054579,0,10,NO,,0,0,0,10,NO,Starting balance is 0 or negative
US96054580,0,68,NO,,0,0,0,68,NO,Starting balance is 0 or negative
US96054581,7,7,NO,,0,7,7,14,YES,
US96054582,0,0,NO,,0,0,0,0,NO,Starting balance is 0 or negative
US96054583,28,28,YES,2026-04,28,0,0,28,NO,First ledger beginning is not 0
US96054584,189,189,NO,,0,189,189,378,YES,
US96054585,0,0,NO,,0,0,0,0,NO,Starting balance is 0 or negative
US96054586,16,16,NO,,0,16,16,32,YES,
US96054587,0,0,NO,,0,0,0,0,NO,Starting balance is 0 or negative
US96054588,0,0,NO,,0,0,0,0,NO,Starting balance is 0 or negative
US96054589,1,1,NO,,0,1,1,2,YES,
US96054590,273,273,NO,,0,273,273,546,YES,
US96054591,0,0,NO,,0,0,0,0,NO,Starting balance is 0 or negative
US96054592,0,0,NO,,0,0,0,0,NO,Starting balance is 0 or negative
US96054593,11,11,NO,,0,11,11,22,YES,
US96054594,10,10,NO,,0,10,10,20,YES,
US96054595,0,0,NO,,0,0,0,0,NO,Starting balance is 0 or negative
US96054596,113,113,NO,,0,113,113,226,YES,
US96054597,0,452,NO,,0,0,0,452,NO,Starting balance is 0 or negative
US96054598,40,40,NO,,0,40,40,80,YES,
US96054599,0,0,NO,,0,0,0,0,NO,Starting balance is 0 or negative
US96054600,495,495,YES,2026-03,495,0,0,495,NO,First ledger beginning is not 0
US96054601,0,0,NO,,0,0,0,0,NO,Starting balance is 0 or negative
US96054602,0,0,NO,,0,0,0,0,NO,Starting balance is 0 or negative
US96054603,0,0,NO,,0,0,0,0,NO,Starting balance is 0 or negative
US96054604,294,294,NO,,0,294,294,588,YES,
US96054605,187,187,NO,,0,187,187,374,YES,
US96054606,1,1,NO,,0,1,1,2,YES,
US96054607,0,0,YES,2026-04,0,0,0,0,NO,Starting balance is 0 or negative
US96054608,12,12,NO,,0,12,12,24,YES,
US96054609,16,16,NO,,0,16,16,32,YES,
US96054610,11,11,NO,,0,11,11,22,YES,
US96054611,0,63,NO,,0,0,0,63,NO,Starting balance is 0 or negative
US96054612,89,89,NO,,0,89,89,178,YES,
US96054613,120,120,NO,,0,120,120,240,YES,
US96054614,0,11,NO,,0,0,0,11,NO,Starting balance is 0 or negative
US96054615,0,78,NO,,0,0,0,78,NO,Starting balance is 0 or negative
US96054616,13,13,NO,,0,13,13,26,YES,
US96054617,19,19,NO,,0,19,19,38,YES,
US96054618,21,21,NO,,0,21,21,42,YES,
US96054619,0,119,NO,,0,0,0,119,NO,Starting balance is 0 or negative
US96054620,14,14,NO,,0,14,14,28,YES,
US96054621,85,85,NO,,0,85,85,170,YES,
US96054623,9,9,NO,,0,9,9,18,YES,
US96054624,2210,2210,NO,,0,2210,2210,4420,YES,
US96054625,15814,15814,NO,,0,15814,15814,31628,YES,
US96054626,15311,15311,NO,,0,15311,15311,30622,YES,
US96054627,3,3,NO,,0,3,3,6,YES,
US96054628,39,39,NO,,0,39,39,78,YES,
US96054629,0,0,NO,,0,0,0,0,NO,Starting balance is 0 or negative
US96054630,62,62,NO,,0,62,62,124,YES,
US96054631,0,17,NO,,0,0,0,17,NO,Starting balance is 0 or negative
US96054632,136,136,NO,,0,136,136,272,YES,
US96054633,9,9,NO,,0,9,9,18,YES,
US96054634,82,82,NO,,0,82,82,164,YES,
US96054635,618,618,NO,,0,618,618,1236,YES,
US96054636,0,0,NO,,0,0,0,0,NO,Starting balance is 0 or negative
US96054637,403,403,NO,,0,403,403,806,YES,
US96054638,16,16,NO,,0,16,16,32,YES,
US96054639,280,280,NO,,0,280,280,560,YES,
US96054640,0,238,NO,,0,0,0,238,NO,Starting balance is 0 or negative
US96054641,11,11,NO,,0,11,11,22,YES,
US96054642,35,35,NO,,0,35,35,70,YES,
US96054643,0,0,NO,,0,0,0,0,NO,Starting balance is 0 or negative
US96054644,0,51,NO,,0,0,0,51,NO,Starting balance is 0 or negative
US96054645,40,40,NO,,0,40,40,80,YES,
US96054646,86,86,NO,,0,86,86,172,YES,
US96054647,48,48,NO,,0,48,48,96,YES,
US96054648,0,0,NO,,0,0,0,0,NO,Starting balance is 0 or negative
US96054649,0,0,NO,,0,0,0,0,NO,Starting balance is 0 or negative
US96054650,10,10,YES,2026-03,10,0,0,10,NO,First ledger beginning is not 0
US96054651,18,18,NO,,0,18,18,36,YES,
US96054652,0,104,NO,,0,0,0,104,NO,Starting balance is 0 or negative
US96054653,124,,NO,,,,0,,NO,Missing SR customer record
US96054654,837,837,NO,,0,837,837,1674,YES,
US96054655,20,20,NO,,0,20,20,40,YES,
US96054656,0,0,NO,,0,0,0,0,NO,Starting balance is 0 or negative
US96054657,7,7,NO,,0,7,7,14,YES,
US96054658,0,0,NO,,0,0,0,0,NO,Starting balance is 0 or negative
US96054659,71,71,NO,,0,71,71,142,YES,
US96054660,14,14,NO,,0,14,14,28,YES,
US96054661,23,23,NO,,0,23,23,46,YES,
US96054662,718,718,NO,,0,718,718,1436,YES,
US96054663,0,0,NO,,0,0,0,0,NO,Starting balance is 0 or negative
US96054664,10,10,NO,,0,10,10,20,YES,
US96054665,32,32,NO,,0,32,32,64,YES,
US96054666,0,82,NO,,0,0,0,82,NO,Starting balance is 0 or negative
US96054667,133,133,YES,2026-04,133,0,0,133,NO,First ledger beginning is not 0
US96054668,67,67,NO,,0,67,67,134,YES,
US96054669,914,914,NO,,0,914,914,1828,YES,
US96054670,35,35,NO,,0,35,35,70,YES,
US96054671,97,97,NO,,0,97,97,194,YES,
US96054672,41,41,NO,,0,41,41,82,YES,
US96054673,17,17,NO,,0,17,17,34,YES,
US96054674,0,0,NO,,0,0,0,0,NO,Starting balance is 0 or negative
US96054675,0,0,NO,,0,0,0,0,NO,Starting balance is 0 or negative
US96054676,0,0,NO,,0,0,0,0,NO,Starting balance is 0 or negative
US96054677,0,0,NO,,0,0,0,0,NO,Starting balance is 0 or negative
US96054678,0,0,NO,,0,0,0,0,NO,Starting balance is 0 or negative
US96054679,114,114,NO,,0,114,114,228,YES,
US96054680,235,235,NO,,0,235,235,470,YES,
US96054681,439,439,NO,,0,439,439,878,YES,
US96054682,0,10,NO,,0,0,0,10,NO,Starting balance is 0 or negative
US96054683,100,100,NO,,0,100,100,200,YES,
US96054684,10,10,NO,,0,10,10,20,YES,
US96054685,0,0,NO,,0,0,0,0,NO,Starting balance is 0 or negative
US96054686,0,0,NO,,0,0,0,0,NO,Starting balance is 0 or negative
US96054687,396,396,NO,,0,396,396,792,YES,
US96054688,60,60,NO,,0,60,60,120,YES,
US96054689,1034,1034,YES,2026-04,1034,0,0,1034,NO,First ledger beginning is not 0
US96054690,36,36,NO,,0,36,36,72,YES,
US96054691,104,104,NO,,0,104,104,208,YES,
US96054692,35,35,NO,,0,35,35,70,YES,
US96054693,0,0,NO,,0,0,0,0,NO,Starting balance is 0 or negative
US96054694,74,74,NO,,0,74,74,148,YES,
US96054695,429,429,NO,,0,429,429,858,YES,
US96054696,0,20,NO,,0,0,0,20,NO,Starting balance is 0 or negative
US96054697,0,0,NO,,0,0,0,0,NO,Starting balance is 0 or negative
US96054698,0,0,NO,,0,0,0,0,NO,Starting balance is 0 or negative
US96054699,28,28,NO,,0,28,28,56,YES,
US96054700,166,166,NO,,0,166,166,332,YES,
US96054701,30,30,NO,,0,30,30,60,YES,
US96054702,0,35,NO,,0,0,0,35,NO,Starting balance is 0 or negative
US96054703,0,10,NO,,0,0,0,10,NO,Starting balance is 0 or negative
US96054704,200,200,NO,,0,200,200,400,YES,
US96054705,24,24,NO,,0,24,24,48,YES,
US96054706,13,13,NO,,0,13,13,26,YES,
US96054707,168,168,NO,,0,168,168,336,YES,
US96054708,1704,1704,NO,,0,1704,1704,3408,YES,
US96054709,11,11,NO,,0,11,11,22,YES,
US96054710,0,0,NO,,0,0,0,0,NO,Starting balance is 0 or negative
US96054711,0,0,NO,,0,0,0,0,NO,Starting balance is 0 or negative
US96054712,8,,NO,,,,0,,NO,Missing SR customer record
US96054713,0,299,NO,,0,0,0,299,NO,Starting balance is 0 or negative
US96054714,0,62,NO,,0,0,0,62,NO,Starting balance is 0 or negative
US96054715,0,10,NO,,0,0,0,10,NO,Starting balance is 0 or negative
US96054716,14,14,NO,,0,14,14,28,YES,
US96054717,0,123,NO,,0,0,0,123,NO,Starting balance is 0 or negative
US96054718,11,11,NO,,0,11,11,22,YES,
US96054719,27,27,NO,,0,27,27,54,YES,
US96054720,44,44,NO,,0,44,44,88,YES,
US96054721,0,23,NO,,0,0,0,23,NO,Starting balance is 0 or negative
US96054722,184,184,NO,,0,184,184,368,YES,
US96054723,328,328,NO,,0,328,328,656,YES,
US96054724,0,366,NO,,0,0,0,366,NO,Starting balance is 0 or negative
US96054725,574,574,NO,,0,574,574,1148,YES,
US96054726,10,10,NO,,0,10,10,20,YES,
US96054727,0,23,NO,,0,0,0,23,NO,Starting balance is 0 or negative
US96054728,1479,1479,YES,2026-04,1479,0,0,1479,NO,First ledger beginning is not 0
US96054729,90,90,NO,,0,90,90,180,YES,
US96054730,0,183,NO,,0,0,0,183,NO,Starting balance is 0 or negative
US96054731,64,64,NO,,0,64,64,128,YES,
US96054732,16,16,NO,,0,16,16,32,YES,
US96054733,26,26,NO,,0,26,26,52,YES,
US96054734,512,512,NO,,0,512,512,1024,YES,
US96054735,73,73,NO,,0,73,73,146,YES,
US96054736,74,74,NO,,0,74,74,148,YES,
US96054737,0,169,NO,,0,0,0,169,NO,Starting balance is 0 or negative
US96054738,46,46,NO,,0,46,46,92,YES,
US96054739,586,586,NO,,0,586,586,1172,YES,
US96054740,0,0,NO,,0,0,0,0,NO,Starting balance is 0 or negative
US96054741,12,12,NO,,0,12,12,24,YES,
US96054742,0,0,NO,,0,0,0,0,NO,Starting balance is 0 or negative
US96054743,68,68,NO,,0,68,68,136,YES,
US96054744,0,0,NO,,0,0,0,0,NO,Starting balance is 0 or negative
US96054745,10,10,NO,,0,10,10,20,YES,
US96054746,0,14,NO,,0,0,0,14,NO,Starting balance is 0 or negative
US96054747,0,0,NO,,0,0,0,0,NO,Starting balance is 0 or negative
US96054748,29,29,NO,,0,29,29,58,YES,
US96054749,137,137,NO,,0,137,137,274,YES,
US96054750,341,341,NO,,0,341,341,682,YES,
US96054751,629,629,NO,,0,629,629,1258,YES,
US96054752,0,0,NO,,0,0,0,0,NO,Starting balance is 0 or negative
US96054753,158,158,NO,,0,158,158,316,YES,
US96054754,27,27,NO,,0,27,27,54,YES,
US96054755,23,23,NO,,0,23,23,46,YES,
US96054756,95,95,NO,,0,95,95,190,YES,
US96054757,0,0,NO,,0,0,0,0,NO,Starting balance is 0 or negative
US96054758,22,22,NO,,0,22,22,44,YES,
US96054759,57,57,NO,,0,57,57,114,YES,
US96054760,673,673,NO,,0,673,673,1346,YES,
US96054761,0,0,NO,,0,0,0,0,NO,Starting balance is 0 or negative
US96054762,53,53,NO,,0,53,53,106,YES,
US96054763,17,17,NO,,0,17,17,34,YES,
US96054764,107,107,NO,,0,107,107,214,YES,
US96054765,0,326,NO,,0,0,0,326,NO,Starting balance is 0 or negative
US96054766,0,0,NO,,0,0,0,0,NO,Starting balance is 0 or negative
US96054767,80,80,NO,,0,80,80,160,YES,
US96054768,518,518,NO,,0,518,518,1036,YES,
US96054769,841,841,NO,,0,841,841,1682,YES,
US96054770,0,327,NO,,0,0,0,327,NO,Starting balance is 0 or negative
US96054771,7,7,NO,,0,7,7,14,YES,
US96054772,0,0,NO,,0,0,0,0,NO,Starting balance is 0 or negative
US96054773,0,0,NO,,0,0,0,0,NO,Starting balance is 0 or negative
US96054774,54,54,NO,,0,54,54,108,YES,
US96054775,97,,NO,,,,0,,NO,Missing SR customer record
US96054776,318,318,NO,,0,318,318,636,YES,
US96054777,2,2,NO,,0,2,2,4,YES,
US96054778,0,11,NO,,0,0,0,11,NO,Starting balance is 0 or negative
US96054779,44,44,NO,,0,44,44,88,YES,
US96054780,1,1,NO,,0,1,1,2,YES,
US96054781,6,6,NO,,0,6,6,12,YES,
US96054782,20,20,NO,,0,20,20,40,YES,
US96054783,0,75,NO,,0,0,0,75,NO,Starting balance is 0 or negative
US96054784,0,0,NO,,0,0,0,0,NO,Starting balance is 0 or negative
US96054785,13,13,NO,,0,13,13,26,YES,
US96054786,24,24,NO,,0,24,24,48,YES,
US96054787,0,91,NO,,0,0,0,91,NO,Starting balance is 0 or negative
US96054788,1254,1254,NO,,0,1254,1254,2508,YES,
US96054789,0,0,NO,,0,0,0,0,NO,Starting balance is 0 or negative
US96054790,0,10,NO,,0,0,0,10,NO,Starting balance is 0 or negative
US96054791,22,22,NO,,0,22,22,44,YES,
US96054792,0,0,NO,,0,0,0,0,NO,Starting balance is 0 or negative
US96054793,0,,NO,,,,0,,NO,Missing SR customer record
US96054794,0,0,NO,,0,0,0,0,NO,Starting balance is 0 or negative
US96054795,32,32,NO,,0,32,32,64,YES,
US96054796,1215,1215,NO,,0,1215,1215,2430,YES,
US96054797,335,335,NO,,0,335,335,670,YES,
US96054798,1634,1634,NO,,0,1634,1634,3268,YES,
US96054799,851,851,NO,,0,851,851,1702,YES,
US96054800,785,785,NO,,0,785,785,1570,YES,
US96054801,778,778,NO,,0,778,778,1556,YES,
US96054802,881,881,NO,,0,881,881,1762,YES,
US96054803,232,232,NO,,0,232,232,464,YES,
US96054804,18,18,NO,,0,18,18,36,YES,
US96054805,0,0,NO,,0,0,0,0,NO,Starting balance is 0 or negative
US96054806,373,373,NO,,0,373,373,746,YES,
US96054807,0,0,NO,,0,0,0,0,NO,Starting balance is 0 or negative
US96054808,2,2,NO,,0,2,2,4,YES,
US96054809,0,0,NO,,0,0,0,0,NO,Starting balance is 0 or negative
US96054810,0,64,NO,,0,0,0,64,NO,Starting balance is 0 or negative
US96054811,0,11,NO,,0,0,0,11,NO,Starting balance is 0 or negative
US96054812,114,114,NO,,0,114,114,228,YES,
US96054813,0,0,NO,,0,0,0,0,NO,Starting balance is 0 or negative
US96054814,139,139,NO,,0,139,139,278,YES,
US96054815,0,0,NO,,0,0,0,0,NO,Starting balance is 0 or negative
US96054816,0,0,NO,,0,0,0,0,NO,Starting balance is 0 or negative
US96054817,7,7,NO,,0,7,7,14,YES,
US96054818,11,11,NO,,0,11,11,22,YES,
US96054819,681,681,NO,,0,681,681,1362,YES,
US96054820,11,11,NO,,0,11,11,22,YES,
US96054821,0,94,NO,,0,0,0,94,NO,Starting balance is 0 or negative
US96054822,153,153,NO,,0,153,153,306,YES,
US96054823,58,58,NO,,0,58,58,116,YES,
US96054824,0,79,NO,,0,0,0,79,NO,Starting balance is 0 or negative
US96054825,0,25,NO,,0,0,0,25,NO,Starting balance is 0 or negative
US96054826,132,132,YES,2026-04,132,0,0,132,NO,First ledger beginning is not 0
US96054827,743,743,NO,,0,743,743,1486,YES,
US96054828,88,88,NO,,0,88,88,176,YES,
US96054829,0,0,NO,,0,0,0,0,NO,Starting balance is 0 or negative
US96054830,0,23,NO,,0,0,0,23,NO,Starting balance is 0 or negative
US96054831,146,146,NO,,0,146,146,292,YES,
US96054832,1,1,NO,,0,1,1,2,YES,
US96054833,0,10,NO,,0,0,0,10,NO,Starting balance is 0 or negative
US96054834,31,31,NO,,0,31,31,62,YES,
US96054835,407,407,NO,,0,407,407,814,YES,
US96054836,0,0,NO,,0,0,0,0,NO,Starting balance is 0 or negative
US96054837,11,11,NO,,0,11,11,22,YES,
US96054838,34,34,NO,,0,34,34,68,YES,
US96054840,0,0,NO,,0,0,0,0,NO,Starting balance is 0 or negative
US96054841,756,756,YES,2026-04,756,0,0,756,NO,First ledger beginning is not 0
US96054842,0,0,NO,,0,0,0,0,NO,Starting balance is 0 or negative
US96054843,0,51,NO,,0,0,0,51,NO,Starting balance is 0 or negative
US96054844,12,12,NO,,0,12,12,24,YES,
US96054845,61,61,NO,,0,61,61,122,YES,
US96054846,0,0,NO,,0,0,0,0,NO,Starting balance is 0 or negative
US96054847,0,3309,NO,,0,0,0,3309,NO,Starting balance is 0 or negative
US96054848,0,74,NO,,0,0,0,74,NO,Starting balance is 0 or negative
US96054849,118,118,NO,,0,118,118,236,YES,
US96054850,10,10,NO,,0,10,10,20,YES,
US96054851,348,348,NO,,0,348,348,696,YES,
US96054852,215,215,NO,,0,215,215,430,YES,
US96054853,130,130,NO,,0,130,130,260,YES,
US96054854,328,328,NO,,0,328,328,656,YES,
US96054855,0,125,NO,,0,0,0,125,NO,Starting balance is 0 or negative
US96054856,70,70,NO,,0,70,70,140,YES,
US96054857,0,0,NO,,0,0,0,0,NO,Starting balance is 0 or negative
US96054858,0,0,NO,,0,0,0,0,NO,Starting balance is 0 or negative
US96054859,0,14,NO,,0,0,0,14,NO,Starting balance is 0 or negative
US96054860,20,20,NO,,0,20,20,40,YES,
US96054861,0,11,NO,,0,0,0,11,NO,Starting balance is 0 or negative
US96054862,5188,5188,NO,,0,5188,5188,10376,YES,
US96054863,12,12,NO,,0,12,12,24,YES,
US96054864,0,143,NO,,0,0,0,143,NO,Starting balance is 0 or negative
US96054865,1243,1243,NO,,0,1243,1243,2486,YES,
US96054866,101,101,NO,,0,101,101,202,YES,
US96054868,38,38,NO,,0,38,38,76,YES,
US96054869,529,529,NO,,0,529,529,1058,YES,
US96054870,170,170,NO,,0,170,170,340,YES,
US96054871,0,10,NO,,0,0,0,10,NO,Starting balance is 0 or negative
US96054872,15,15,NO,,0,15,15,30,YES,
US96054873,17,17,NO,,0,17,17,34,YES,
US96054874,0,302,NO,,0,0,0,302,NO,Starting balance is 0 or negative
US96054875,261,261,NO,,0,261,261,522,YES,
US96054876,0,0,NO,,0,0,0,0,NO,Starting balance is 0 or negative
US96054877,0,0,NO,,0,0,0,0,NO,Starting balance is 0 or negative
US96054878,80,80,NO,,0,80,80,160,YES,
US96054879,13,13,NO,,0,13,13,26,YES,
US96054880,0,43,NO,,0,0,0,43,NO,Starting balance is 0 or negative
US96054881,279,279,NO,,0,279,279,558,YES,
US96054882,184,184,NO,,0,184,184,368,YES,
US96054883,0,14,NO,,0,0,0,14,NO,Starting balance is 0 or negative
US96054884,173,173,NO,,0,173,173,346,YES,
US96054885,197,197,NO,,0,197,197,394,YES,
US96054886,0,137,NO,,0,0,0,137,NO,Starting balance is 0 or negative
US96054887,0,,NO,,,,0,,NO,Missing SR customer record
US96054888,47,47,NO,,0,47,47,94,YES,
US96054889,0,14,NO,,0,0,0,14,NO,Starting balance is 0 or negative
US96054890,0,0,NO,,0,0,0,0,NO,Starting balance is 0 or negative
US96054891,234,234,NO,,0,234,234,468,YES,
US96054892,70,70,NO,,0,70,70,140,YES,
US96054893,1964,1964,NO,,0,1964,1964,3928,YES,
US96054894,27,27,NO,,0,27,27,54,YES,
US96054895,115,115,NO,,0,115,115,230,YES,
US96054896,0,0,NO,,0,0,0,0,NO,Starting balance is 0 or negative
US96054897,172,172,NO,,0,172,172,344,YES,
US96054898,16,16,NO,,0,16,16,32,YES,
US96054899,12,12,NO,,0,12,12,24,YES,
US96054900,0,82,NO,,0,0,0,82,NO,Starting balance is 0 or negative
US96054901,0,10,NO,,0,0,0,10,NO,Starting balance is 0 or negative
US96054902,87,87,NO,,0,87,87,174,YES,
US96054903,0,11,NO,,0,0,0,11,NO,Starting balance is 0 or negative
US96054904,0,0,NO,,0,0,0,0,NO,Starting balance is 0 or negative
US96054905,10,10,NO,,0,10,10,20,YES,
US96054906,11,11,NO,,0,11,11,22,YES,
US96054907,14,14,NO,,0,14,14,28,YES,
US96054908,30,30,NO,,0,30,30,60,YES,
US96054909,4,4,NO,,0,4,4,8,YES,
US96054910,0,0,NO,,0,0,0,0,NO,Starting balance is 0 or negative
US96054911,85,85,NO,,0,85,85,170,YES,
US96054912,323,323,NO,,0,323,323,646,YES,
US96054913,0,26,NO,,0,0,0,26,NO,Starting balance is 0 or negative
US96054914,19,19,NO,,0,19,19,38,YES,
US96054915,14,14,NO,,0,14,14,28,YES,
US96054916,88,88,NO,,0,88,88,176,YES,
US96054917,43,43,NO,,0,43,43,86,YES,
US96054918,0,0,NO,,0,0,0,0,NO,Starting balance is 0 or negative
US96054919,0,0,NO,,0,0,0,0,NO,Starting balance is 0 or negative
US96054920,0,0,NO,,0,0,0,0,NO,Starting balance is 0 or negative
US96054921,0,0,NO,,0,0,0,0,NO,Starting balance is 0 or negative
US96054922,0,0,NO,,0,0,0,0,NO,Starting balance is 0 or negative
US96054923,521,521,NO,,0,521,521,1042,YES,
US96054924,3,3,NO,,0,3,3,6,YES,
US96054925,54,54,NO,,0,54,54,108,YES,
US96054926,13,13,NO,,0,13,13,26,YES,
US96054927,0,0,NO,,0,0,0,0,NO,Starting balance is 0 or negative
US96054928,0,88,NO,,0,0,0,88,NO,Starting balance is 0 or negative
US96054929,0,0,NO,,0,0,0,0,NO,Starting balance is 0 or negative
US96054930,0,0,NO,,0,0,0,0,NO,Starting balance is 0 or negative
US96054931,15,15,NO,,0,15,15,30,YES,
US96054932,0,0,NO,,0,0,0,0,NO,Starting balance is 0 or negative
US96054933,0,0,NO,,0,0,0,0,NO,Starting balance is 0 or negative
US96054934,2,2,NO,,0,2,2,4,YES,
US96054935,11,11,NO,,0,11,11,22,YES,
US96054936,146,146,NO,,0,146,146,292,YES,
US96054937,0,28,NO,,0,0,0,28,NO,Starting balance is 0 or negative
US96054938,24,24,NO,,0,24,24,48,YES,
US96054939,0,112,NO,,0,0,0,112,NO,Starting balance is 0 or negative
US96054940,0,13,NO,,0,0,0,13,NO,Starting balance is 0 or negative
US96054941,0,0,NO,,0,0,0,0,NO,Starting balance is 0 or negative
US96054942,306,306,NO,,0,306,306,612,YES,
US96054943,31,31,NO,,0,31,31,62,YES,
US96054944,18,18,NO,,0,18,18,36,YES,
US96054945,174,174,YES,2026-03,174,0,0,174,NO,First ledger beginning is not 0
US96054946,43,43,NO,,0,43,43,86,YES,
US96054947,14,14,NO,,0,14,14,28,YES,
US96054948,0,13,NO,,0,0,0,13,NO,Starting balance is 0 or negative
US96054949,0,0,NO,,0,0,0,0,NO,Starting balance is 0 or negative
US96054950,2,2,NO,,0,2,2,4,YES,
US96054951,0,0,NO,,0,0,0,0,NO,Starting balance is 0 or negative
US96054952,160,160,NO,,0,160,160,320,YES,
US96054953,182,182,NO,,0,182,182,364,YES,
US96054954,0,0,NO,,0,0,0,0,NO,Starting balance is 0 or negative
US96054955,194,194,NO,,0,194,194,388,YES,
US96054956,328,328,NO,,0,328,328,656,YES,
US96054957,0,0,NO,,0,0,0,0,NO,Starting balance is 0 or negative
US96054958,162,162,NO,,0,162,162,324,YES,
US96054959,0,0,NO,,0,0,0,0,NO,Starting balance is 0 or negative
US96054960,0,0,NO,,0,0,0,0,NO,Starting balance is 0 or negative
US96054961,0,0,NO,,0,0,0,0,NO,Starting balance is 0 or negative
US96054962,0,0,NO,,0,0,0,0,NO,Starting balance is 0 or negative
US96054963,0,0,NO,,0,0,0,0,NO,Starting balance is 0 or negative
US96054964,0,48,NO,,0,0,0,48,NO,Starting balance is 0 or negative
US96054965,220,220,NO,,0,220,220,440,YES,
US96054966,0,81,NO,,0,0,0,81,NO,Starting balance is 0 or negative
US96054967,727,727,NO,,0,727,727,1454,YES,
US96054968,82,82,NO,,0,82,82,164,YES,
US96054969,0,0,NO,,0,0,0,0,NO,Starting balance is 0 or negative
US96054970,0,0,NO,,0,0,0,0,NO,Starting balance is 0 or negative
US96054971,87,87,NO,,0,87,87,174,YES,
US96054972,0,0,NO,,0,0,0,0,NO,Starting balance is 0 or negative
US96054973,188,188,NO,,0,188,188,376,YES,
US96054974,21,21,NO,,0,21,21,42,YES,
US96054975,31,31,NO,,0,31,31,62,YES,
US96054976,328,328,NO,,0,328,328,656,YES,
US96054977,12,12,NO,,0,12,12,24,YES,
US96054978,252,252,YES,2026-03,252,0,0,252,NO,First ledger beginning is not 0
US96054979,0,167,NO,,0,0,0,167,NO,Starting balance is 0 or negative
US96054980,308,308,NO,,0,308,308,616,YES,
US96054981,414,414,NO,,0,414,414,828,YES,
US96054982,0,13,NO,,0,0,0,13,NO,Starting balance is 0 or negative
US96054983,0,0,NO,,0,0,0,0,NO,Starting balance is 0 or negative
US96054984,17,17,NO,,0,17,17,34,YES,
US96054985,83,83,NO,,0,83,83,166,YES,
US96054986,62,62,YES,2026-04,62,0,0,62,NO,First ledger beginning is not 0
US96054987,179,179,NO,,0,179,179,358,YES,
US96054988,0,150,NO,,0,0,0,150,NO,Starting balance is 0 or negative
US96054989,0,1,NO,,0,0,0,1,NO,Starting balance is 0 or negative
US96054990,0,0,NO,,0,0,0,0,NO,Starting balance is 0 or negative
US96054991,113,113,NO,,0,113,113,226,YES,
US96054992,20,20,NO,,0,20,20,40,YES,
US96054993,87,87,NO,,0,87,87,174,YES,
US96054994,0,23,NO,,0,0,0,23,NO,Starting balance is 0 or negative
US96054995,0,22,NO,,0,0,0,22,NO,Starting balance is 0 or negative
US96054996,0,15,NO,,0,0,0,15,NO,Starting balance is 0 or negative
US96054997,3,3,NO,,0,3,3,6,YES,
US96054998,121,121,NO,,0,121,121,242,YES,
US96054999,16,16,NO,,0,16,16,32,YES,
US96055000,0,83,NO,,0,0,0,83,NO,Starting balance is 0 or negative
US96055001,57,57,NO,,0,57,57,114,YES,
US96055002,97,97,NO,,0,97,97,194,YES,
US96055003,43,43,NO,,0,43,43,86,YES,
US96055004,1393,1393,NO,,0,1393,1393,2786,YES,
US96055005,11,11,NO,,0,11,11,22,YES,
US96055006,0,11,NO,,0,0,0,11,NO,Starting balance is 0 or negative
US96055007,160,160,NO,,0,160,160,320,YES,
US96055008,11,11,YES,2026-04,11,0,0,11,NO,First ledger beginning is not 0
US96055009,0,52,NO,,0,0,0,52,NO,Starting balance is 0 or negative
US96055010,16,16,NO,,0,16,16,32,YES,
US96055011,16,16,NO,,0,16,16,32,YES,
US96055012,12,12,NO,,0,12,12,24,YES,
US96055013,0,0,NO,,0,0,0,0,NO,Starting balance is 0 or negative
US96055014,382,382,NO,,0,382,382,764,YES,
US96055015,350,350,NO,,0,350,350,700,YES,
US96055016,0,353,NO,,0,0,0,353,NO,Starting balance is 0 or negative
US96055017,238,238,NO,,0,238,238,476,YES,
US96055018,0,12,NO,,0,0,0,12,NO,Starting balance is 0 or negative
US96055019,12,12,NO,,0,12,12,24,YES,
US96055020,10,10,NO,,0,10,10,20,YES,
US96055021,15,15,NO,,0,15,15,30,YES,
US96055022,88,88,NO,,0,88,88,176,YES,
US96055023,59,59,NO,,0,59,59,118,YES,
US96055024,10,10,NO,,0,10,10,20,YES,
US96055025,1,1,NO,,0,1,1,2,YES,
US96055026,170,170,NO,,0,170,170,340,YES,
US96055027,14,14,NO,,0,14,14,28,YES,
US96055028,38,38,NO,,0,38,38,76,YES,
US96055029,11,11,NO,,0,11,11,22,YES,
US96055030,245,245,NO,,0,245,245,490,YES,
US96055031,195,195,NO,,0,195,195,390,YES,
US96055032,0,72,NO,,0,0,0,72,NO,Starting balance is 0 or negative
US96055033,0,94,NO,,0,0,0,94,NO,Starting balance is 0 or negative
US96055034,0,0,NO,,0,0,0,0,NO,Starting balance is 0 or negative
US96055035,0,11,NO,,0,0,0,11,NO,Starting balance is 0 or negative
US96055036,15,15,NO,,0,15,15,30,YES,
US96055037,0,13,NO,,0,0,0,13,NO,Starting balance is 0 or negative
US96055038,26,26,NO,,0,26,26,52,YES,
US96055039,285,285,NO,,0,285,285,570,YES,
US96055040,52,52,NO,,0,52,52,104,YES,
US96055041,10,10,NO,,0,10,10,20,YES,
US96055042,256,256,NO,,0,256,256,512,YES,
US96055043,962,962,NO,,0,962,962,1924,YES,
US96055044,0,12,NO,,0,0,0,12,NO,Starting balance is 0 or negative
US96055045,12,12,NO,,0,12,12,24,YES,
US96055046,258,258,NO,,0,258,258,516,YES,
US96055047,81,81,NO,,0,81,81,162,YES,
US96055048,3,3,NO,,0,3,3,6,YES,
US96055049,0,12,NO,,0,0,0,12,NO,Starting balance is 0 or negative
US96055050,119,119,NO,,0,119,119,238,YES,
US96055051,0,110,NO,,0,0,0,110,NO,Starting balance is 0 or negative
US96055052,14,14,NO,,0,14,14,28,YES,
US96055053,0,0,NO,,0,0,0,0,NO,Starting balance is 0 or negative
US96055054,1,1,NO,,0,1,1,2,YES,
US96055055,0,0,NO,,0,0,0,0,NO,Starting balance is 0 or negative
US96055056,202,202,NO,,0,202,202,404,YES,
US96055057,70,70,NO,,0,70,70,140,YES,
US96055058,33,33,NO,,0,33,33,66,YES,
US96055059,1,1,NO,,0,1,1,2,YES,
US96055060,0,0,NO,,0,0,0,0,NO,Starting balance is 0 or negative
US96055061,0,10,NO,,0,0,0,10,NO,Starting balance is 0 or negative
US96055062,26,26,NO,,0,26,26,52,YES,
US96055063,0,19,NO,,0,0,0,19,NO,Starting balance is 0 or negative
US96055064,29,29,NO,,0,29,29,58,YES,
US96055065,20,20,NO,,0,20,20,40,YES,
US96055066,0,76,NO,,0,0,0,76,NO,Starting balance is 0 or negative
US96055067,50,50,NO,,0,50,50,100,YES,
US96055068,0,0,NO,,0,0,0,0,NO,Starting balance is 0 or negative
US96055069,0,0,NO,,0,0,0,0,NO,Starting balance is 0 or negative
US96055070,0,42,NO,,0,0,0,42,NO,Starting balance is 0 or negative
US96055071,119,,NO,,,,0,,NO,Missing SR customer record
US96055072,12,12,NO,,0,12,12,24,YES,
US96055073,64,64,NO,,0,64,64,128,YES,
US96055074,113,113,NO,,0,113,113,226,YES,
US96055075,0,11,NO,,0,0,0,11,NO,Starting balance is 0 or negative
US96055076,64,64,NO,,0,64,64,128,YES,
US96055077,30,30,NO,,0,30,30,60,YES,
US96055078,21,21,NO,,0,21,21,42,YES,
US96055079,12,12,NO,,0,12,12,24,YES,
US96055080,10,10,NO,,0,10,10,20,YES,
US96055081,10,10,NO,,0,10,10,20,YES,
US96055082,0,36,NO,,0,0,0,36,NO,Starting balance is 0 or negative
US96055083,229,229,NO,,0,229,229,458,YES,
US96055084,356,356,NO,,0,356,356,712,YES,
US96055085,0,0,NO,,0,0,0,0,NO,Starting balance is 0 or negative
US96055086,0,236,NO,,0,0,0,236,NO,Starting balance is 0 or negative
US96055087,53,53,NO,,0,53,53,106,YES,
US96055088,0,0,NO,,0,0,0,0,NO,Starting balance is 0 or negative
US96055089,59,59,NO,,0,59,59,118,YES,
US96055090,0,48,NO,,0,0,0,48,NO,Starting balance is 0 or negative
US96055091,0,73,NO,,0,0,0,73,NO,Starting balance is 0 or negative
US96055092,0,11,NO,,0,0,0,11,NO,Starting balance is 0 or negative
US96055093,0,11,NO,,0,0,0,11,NO,Starting balance is 0 or negative
US96055094,0,71,NO,,0,0,0,71,NO,Starting balance is 0 or negative
US96055095,0,13,NO,,0,0,0,13,NO,Starting balance is 0 or negative
US96055096,13,13,NO,,0,13,13,26,YES,
US96055097,0,0,NO,,0,0,0,0,NO,Starting balance is 0 or negative
US96055098,153,153,NO,,0,153,153,306,YES,
US96055099,17,17,NO,,0,17,17,34,YES,
US96055100,98,98,NO,,0,98,98,196,YES,
US96055101,81,81,NO,,0,81,81,162,YES,
US96055102,78,78,NO,,0,78,78,156,YES,
US96055103,0,0,NO,,0,0,0,0,NO,Starting balance is 0 or negative
US96055104,102,102,NO,,0,102,102,204,YES,
US96055105,111,111,NO,,0,111,111,222,YES,
US96055106,29,29,NO,,0,29,29,58,YES,
US96055107,0,0,NO,,0,0,0,0,NO,Starting balance is 0 or negative
US96055108,83,83,NO,,0,83,83,166,YES,
US96055109,55,55,NO,,0,55,55,110,YES,
US96055110,0,0,NO,,0,0,0,0,NO,Starting balance is 0 or negative
US96055111,0,0,NO,,0,0,0,0,NO,Starting balance is 0 or negative
US96055112,7,7,NO,,0,7,7,14,YES,
US96055113,0,48,NO,,0,0,0,48,NO,Starting balance is 0 or negative
US96055114,0,70,NO,,0,0,0,70,NO,Starting balance is 0 or negative
US96055115,398,398,NO,,0,398,398,796,YES,
US96055116,160,160,NO,,0,160,160,320,YES,
US96055117,17,17,NO,,0,17,17,34,YES,
US96055118,0,0,NO,,0,0,0,0,NO,Starting balance is 0 or negative
US96055119,175,175,NO,,0,175,175,350,YES,
US96055120,116,116,NO,,0,116,116,232,YES,
US96055121,0,16,NO,,0,0,0,16,NO,Starting balance is 0 or negative
US96055122,0,14,NO,,0,0,0,14,NO,Starting balance is 0 or negative
US96055123,305,305,NO,,0,305,305,610,YES,
US96055124,1451,1451,NO,,0,1451,1451,2902,YES,
US96055125,0,,NO,,,,0,,NO,Missing SR customer record
US96055126,0,136,NO,,0,0,0,136,NO,Starting balance is 0 or negative
US96055127,0,11,NO,,0,0,0,11,NO,Starting balance is 0 or negative
US96055128,0,16,NO,,0,0,0,16,NO,Starting balance is 0 or negative
US96055129,10,10,NO,,0,10,10,20,YES,
US96055130,0,75,NO,,0,0,0,75,NO,Starting balance is 0 or negative
US96055131,0,74,NO,,0,0,0,74,NO,Starting balance is 0 or negative
US96055132,223,223,NO,,0,223,223,446,YES,
US96055133,295,295,NO,,0,295,295,590,YES,
US96055134,144,144,NO,,0,144,144,288,YES,
US96055135,0,0,NO,,0,0,0,0,NO,Starting balance is 0 or negative
US96055136,0,85,NO,,0,0,0,85,NO,Starting balance is 0 or negative
US96055137,75,75,NO,,0,75,75,150,YES,
US96055138,0,13,NO,,0,0,0,13,NO,Starting balance is 0 or negative
US96055139,39,39,NO,,0,39,39,78,YES,
US96055140,3,3,NO,,0,3,3,6,YES,
US96055141,73,73,NO,,0,73,73,146,YES,
US96055142,923,923,NO,,0,923,923,1846,YES,
US96055143,105,105,NO,,0,105,105,210,YES,
US96055144,0,0,NO,,0,0,0,0,NO,Starting balance is 0 or negative
US96055145,23,23,NO,,0,23,23,46,YES,
US96055146,0,30,NO,,0,0,0,30,NO,Starting balance is 0 or negative
US96055147,30,30,NO,,0,30,30,60,YES,
US96055148,10,10,NO,,0,10,10,20,YES,
US96055149,2,2,NO,,0,2,2,4,YES,
US96055150,0,31,NO,,0,0,0,31,NO,Starting balance is 0 or negative
US96055151,0,0,NO,,0,0,0,0,NO,Starting balance is 0 or negative
US96055152,0,9,NO,,0,0,0,9,NO,Starting balance is 0 or negative
US96055153,16,16,NO,,0,16,16,32,YES,
US96055154,0,377,NO,,0,0,0,377,NO,Starting balance is 0 or negative
US96055155,512,512,YES,2026-03,512,0,0,512,NO,First ledger beginning is not 0
US96055156,19,19,NO,,0,19,19,38,YES,
US96055157,341,341,NO,,0,341,341,682,YES,
US96055158,204,204,NO,,0,204,204,408,YES,
US96055159,412,412,NO,,0,412,412,824,YES,
US96055160,11,11,NO,,0,11,11,22,YES,
US96055161,10,10,NO,,0,10,10,20,YES,
US96055162,0,0,NO,,0,0,0,0,NO,Starting balance is 0 or negative
US96055164,462,462,NO,,0,462,462,924,YES,
US96055165,0,77,NO,,0,0,0,77,NO,Starting balance is 0 or negative
US96055166,72,72,NO,,0,72,72,144,YES,
US96055167,0,0,NO,,0,0,0,0,NO,Starting balance is 0 or negative
US96055168,257,257,NO,,0,257,257,514,YES,
US96055169,444,444,NO,,0,444,444,888,YES,
US96055170,11,11,NO,,0,11,11,22,YES,
US96055171,240,240,NO,,0,240,240,480,YES,
US96055172,0,14,NO,,0,0,0,14,NO,Starting balance is 0 or negative
US96055173,134,134,NO,,0,134,134,268,YES,
US96055175,0,0,NO,,0,0,0,0,NO,Starting balance is 0 or negative
US96055176,0,0,NO,,0,0,0,0,NO,Starting balance is 0 or negative
US96055177,219,219,NO,,0,219,219,438,YES,
US96055178,0,0,NO,,0,0,0,0,NO,Starting balance is 0 or negative
US96055179,50,50,NO,,0,50,50,100,YES,
US96055180,62,62,NO,,0,62,62,124,YES,
US96055181,792,792,NO,,0,792,792,1584,YES,
US96055182,169,169,NO,,0,169,169,338,YES,
US96055183,673,673,NO,,0,673,673,1346,YES,
US96055184,0,0,NO,,0,0,0,0,NO,Starting balance is 0 or negative
US96055185,1894,1894,NO,,0,1894,1894,3788,YES,
US96055186,98,98,NO,,0,98,98,196,YES,
US96055187,101,101,NO,,0,101,101,202,YES,
US96055188,0,19,NO,,0,0,0,19,NO,Starting balance is 0 or negative
US96055189,22,22,NO,,0,22,22,44,YES,
US96055190,25,25,NO,,0,25,25,50,YES,
US96055191,788,788,NO,,0,788,788,1576,YES,
US96055192,0,0,NO,,0,0,0,0,NO,Starting balance is 0 or negative
US96055193,0,16,NO,,0,0,0,16,NO,Starting balance is 0 or negative
US96055194,192,192,NO,,0,192,192,384,YES,
US96055195,113,113,NO,,0,113,113,226,YES,
US96055196,13,13,NO,,0,13,13,26,YES,
US96055197,192,192,NO,,0,192,192,384,YES,
US96055198,313,313,NO,,0,313,313,626,YES,
US96055199,211,211,NO,,0,211,211,422,YES,
US96055200,277,277,NO,,0,277,277,554,YES,
US96055201,645,645,NO,,0,645,645,1290,YES,
US96055202,292,292,NO,,0,292,292,584,YES,
US96055203,478,478,NO,,0,478,478,956,YES,
US96055204,0,0,NO,,0,0,0,0,NO,Starting balance is 0 or negative
US96055205,80,80,NO,,0,80,80,160,YES,
US96055206,0,25,NO,,0,0,0,25,NO,Starting balance is 0 or negative
US96055207,0,91,NO,,0,0,0,91,NO,Starting balance is 0 or negative
US96055208,292,292,NO,,0,292,292,584,YES,
US96055209,12,12,NO,,0,12,12,24,YES,
US96055210,0,0,NO,,0,0,0,0,NO,Starting balance is 0 or negative
US96055211,283,283,NO,,0,283,283,566,YES,
US96055212,0,106,NO,,0,0,0,106,NO,Starting balance is 0 or negative
US96055213,0,11,NO,,0,0,0,11,NO,Starting balance is 0 or negative
US96055214,167,167,NO,,0,167,167,334,YES,
US96055215,0,0,NO,,0,0,0,0,NO,Starting balance is 0 or negative
US96055216,18,18,NO,,0,18,18,36,YES,
US96055217,0,0,NO,,0,0,0,0,NO,Starting balance is 0 or negative
US96055218,0,10,NO,,0,0,0,10,NO,Starting balance is 0 or negative
US96055219,0,0,NO,,0,0,0,0,NO,Starting balance is 0 or negative
US96055220,14,14,NO,,0,14,14,28,YES,
US96055221,48,48,NO,,0,48,48,96,YES,
US96055222,45,45,NO,,0,45,45,90,YES,
US96055223,70,70,NO,,0,70,70,140,YES,
US96055224,0,0,NO,,0,0,0,0,NO,Starting balance is 0 or negative
US96055226,0,0,NO,,0,0,0,0,NO,Starting balance is 0 or negative
US96055227,294,294,NO,,0,294,294,588,YES,
US96055228,0,0,NO,,0,0,0,0,NO,Starting balance is 0 or negative
US96055229,0,141,NO,,0,0,0,141,NO,Starting balance is 0 or negative
US96055230,762,762,NO,,0,762,762,1524,YES,
US96055231,90,90,NO,,0,90,90,180,YES,
US96055232,161,161,NO,,0,161,161,322,YES,
US96055233,37,37,NO,,0,37,37,74,YES,
US96055234,0,0,NO,,0,0,0,0,NO,Starting balance is 0 or negative
US96055235,16,16,NO,,0,16,16,32,YES,
US96055236,18,18,NO,,0,18,18,36,YES,
US96055237,20,20,NO,,0,20,20,40,YES,
US96055238,0,0,NO,,0,0,0,0,NO,Starting balance is 0 or negative
US96055239,36,36,NO,,0,36,36,72,YES,
US96055240,32,32,NO,,0,32,32,64,YES,
US96055241,2,2,NO,,0,2,2,4,YES,
US96055242,7,7,NO,,0,7,7,14,YES,
US96055243,190,190,NO,,0,190,190,380,YES,
US96055244,37,37,NO,,0,37,37,74,YES,
US96055245,50,50,NO,,0,50,50,100,YES,
US96055246,80,80,NO,,0,80,80,160,YES,
US96055247,10,10,NO,,0,10,10,20,YES,
US96055248,270,270,NO,,0,270,270,540,YES,
US96055249,0,12,NO,,0,0,0,12,NO,Starting balance is 0 or negative
US96055250,0,0,NO,,0,0,0,0,NO,Starting balance is 0 or negative
US96055251,43,43,NO,,0,43,43,86,YES,
US96055252,157,157,NO,,0,157,157,314,YES,
US96055253,237,237,NO,,0,237,237,474,YES,
US96055254,0,389,NO,,0,0,0,389,NO,Starting balance is 0 or negative
US96055255,363,363,NO,,0,363,363,726,YES,
US96055256,0,0,NO,,0,0,0,0,NO,Starting balance is 0 or negative
US96055257,10,10,NO,,0,10,10,20,YES,
US96055258,11,11,NO,,0,11,11,22,YES,
US96055259,15,15,NO,,0,15,15,30,YES,
US96055260,0,18,NO,,0,0,0,18,NO,Starting balance is 0 or negative
US96055261,48,48,NO,,0,48,48,96,YES,
US96055262,0,0,NO,,0,0,0,0,NO,Starting balance is 0 or negative
US96055263,25,25,NO,,0,25,25,50,YES,
US96055264,0,77,NO,,0,0,0,77,NO,Starting balance is 0 or negative
US96055265,30,30,NO,,0,30,30,60,YES,
US96055266,0,11,NO,,0,0,0,11,NO,Starting balance is 0 or negative
US96055267,45,45,NO,,0,45,45,90,YES,
US96055268,19,19,NO,,0,19,19,38,YES,
US96055269,0,13,NO,,0,0,0,13,NO,Starting balance is 0 or negative
US96055270,12,12,NO,,0,12,12,24,YES,
US96055271,166,166,NO,,0,166,166,332,YES,
US96055272,0,11,NO,,0,0,0,11,NO,Starting balance is 0 or negative
US96055273,0,0,NO,,0,0,0,0,NO,Starting balance is 0 or negative
US96055274,0,0,NO,,0,0,0,0,NO,Starting balance is 0 or negative
US96055275,4768,4768,NO,,0,4768,4768,9536,YES,
US96055276,1432,1432,NO,,0,1432,1432,2864,YES,
US96055277,0,286,NO,,0,0,0,286,NO,Starting balance is 0 or negative
US96055278,354,354,NO,,0,354,354,708,YES,
US96055279,21,21,NO,,0,21,21,42,YES,
US96055280,19,19,NO,,0,19,19,38,YES,
US96055281,128,128,NO,,0,128,128,256,YES,
US96055283,0,26,NO,,0,0,0,26,NO,Starting balance is 0 or negative
US96055284,0,45,NO,,0,0,0,45,NO,Starting balance is 0 or negative
US96055285,0,17,NO,,0,0,0,17,NO,Starting balance is 0 or negative
US96055286,1,1,NO,,0,1,1,2,YES,
US96055287,68,68,NO,,0,68,68,136,YES,
US96055288,10,10,NO,,0,10,10,20,YES,
US96055289,136,136,NO,,0,136,136,272,YES,
US96055290,0,0,NO,,0,0,0,0,NO,Starting balance is 0 or negative
US96055291,0,37,NO,,0,0,0,37,NO,Starting balance is 0 or negative
US96055292,0,343,NO,,0,0,0,343,NO,Starting balance is 0 or negative
US96055293,12,12,NO,,0,12,12,24,YES,
US96055294,103,103,NO,,0,103,103,206,YES,
US96055295,168,168,NO,,0,168,168,336,YES,
US96055296,24,24,NO,,0,24,24,48,YES,
US96055297,19,19,NO,,0,19,19,38,YES,
US96055298,22,22,NO,,0,22,22,44,YES,
US96055299,0,524,NO,,0,0,0,524,NO,Starting balance is 0 or negative
US96055300,0,0,NO,,0,0,0,0,NO,Starting balance is 0 or negative
US96055301,257,257,NO,,0,257,257,514,YES,
US96055302,25,25,NO,,0,25,25,50,YES,
US96055303,195,195,NO,,0,195,195,390,YES,
US96055304,0,11,NO,,0,0,0,11,NO,Starting balance is 0 or negative
US96055305,0,0,NO,,0,0,0,0,NO,Starting balance is 0 or negative
US96055306,153,153,NO,,0,153,153,306,YES,
US96055307,176,176,NO,,0,176,176,352,YES,
US96055308,0,0,NO,,0,0,0,0,NO,Starting balance is 0 or negative
US96055309,217,217,NO,,0,217,217,434,YES,
US96055310,0,97,NO,,0,0,0,97,NO,Starting balance is 0 or negative
US96055311,10,10,NO,,0,10,10,20,YES,
US96055312,187,187,NO,,0,187,187,374,YES,
US96055313,0,24,NO,,0,0,0,24,NO,Starting balance is 0 or negative
US96055314,0,233,NO,,0,0,0,233,NO,Starting balance is 0 or negative
US96055315,25,25,NO,,0,25,25,50,YES,
US96055316,299,299,NO,,0,299,299,598,YES,
US96055317,0,0,NO,,0,0,0,0,NO,Starting balance is 0 or negative
US96055318,0,0,NO,,0,0,0,0,NO,Starting balance is 0 or negative
US96055319,46,46,NO,,0,46,46,92,YES,
US96055320,0,86,NO,,0,0,0,86,NO,Starting balance is 0 or negative
US96055321,163,163,NO,,0,163,163,326,YES,
US96055322,10,10,NO,,0,10,10,20,YES,
US96055323,0,12,NO,,0,0,0,12,NO,Starting balance is 0 or negative
US96055324,6,6,NO,,0,6,6,12,YES,
US96055325,0,17,NO,,0,0,0,17,NO,Starting balance is 0 or negative
US96055326,0,11,NO,,0,0,0,11,NO,Starting balance is 0 or negative
US96055327,111,111,NO,,0,111,111,222,YES,
US96055328,199,199,NO,,0,199,199,398,YES,
US96055329,133,133,NO,,0,133,133,266,YES,
US96055330,14,14,NO,,0,14,14,28,YES,
US96055331,27,27,NO,,0,27,27,54,YES,
US96055332,0,,NO,,,,0,,NO,Missing SR customer record
US96055333,611,611,NO,,0,611,611,1222,YES,
US96055334,0,0,NO,,0,0,0,0,NO,Starting balance is 0 or negative
US96055335,0,0,NO,,0,0,0,0,NO,Starting balance is 0 or negative
US96055336,0,0,NO,,0,0,0,0,NO,Starting balance is 0 or negative
US96055337,0,0,NO,,0,0,0,0,NO,Starting balance is 0 or negative
US96055338,27,27,NO,,0,27,27,54,YES,
US96055339,162,162,NO,,0,162,162,324,YES,
US96055340,4572,4572,NO,,0,4572,4572,9144,YES,
US96055341,27,27,NO,,0,27,27,54,YES,
US96055342,22,22,NO,,0,22,22,44,YES,
US96055343,25,25,NO,,0,25,25,50,YES,
US96055344,13,13,NO,,0,13,13,26,YES,
US96055345,89,89,YES,2026-03,89,0,0,89,NO,First ledger beginning is not 0
US96055346,33,33,NO,,0,33,33,66,YES,
US96055347,861,861,NO,,0,861,861,1722,YES,
US96055348,0,0,NO,,0,0,0,0,NO,Starting balance is 0 or negative
US96055349,288,288,NO,,0,288,288,576,YES,
US96055350,0,0,NO,,0,0,0,0,NO,Starting balance is 0 or negative
US96055351,1,1,NO,,0,1,1,2,YES,
US96055352,0,0,NO,,0,0,0,0,NO,Starting balance is 0 or negative
US96055353,22,22,NO,,0,22,22,44,YES,
US96055354,327,327,NO,,0,327,327,654,YES,
US96055355,11,11,NO,,0,11,11,22,YES,
US96055356,1098,1098,NO,,0,1098,1098,2196,YES,
US96055357,0,0,NO,,0,0,0,0,NO,Starting balance is 0 or negative
US96055358,28,28,NO,,0,28,28,56,YES,
US96055359,10,10,NO,,0,10,10,20,YES,
US96055360,0,0,NO,,0,0,0,0,NO,Starting balance is 0 or negative
US96055361,0,0,NO,,0,0,0,0,NO,Starting balance is 0 or negative
US96055362,0,24,NO,,0,0,0,24,NO,Starting balance is 0 or negative
US96055363,19,19,NO,,0,19,19,38,YES,
US96055364,141,141,NO,,0,141,141,282,YES,
US96055365,52,52,NO,,0,52,52,104,YES,
US96055366,52,52,NO,,0,52,52,104,YES,
US96055367,0,0,NO,,0,0,0,0,NO,Starting balance is 0 or negative
US96055368,48,48,NO,,0,48,48,96,YES,
US96055369,14,14,NO,,0,14,14,28,YES,
US96055370,163,163,NO,,0,163,163,326,YES,
US96055371,138,138,NO,,0,138,138,276,YES,
US96055372,0,10,NO,,0,0,0,10,NO,Starting balance is 0 or negative
US96055373,1120,1120,NO,,0,1120,1120,2240,YES,
US96055374,0,0,NO,,0,0,0,0,NO,Starting balance is 0 or negative
US96055375,619,619,NO,,0,619,619,1238,YES,
US96055376,0,13,NO,,0,0,0,13,NO,Starting balance is 0 or negative
US96055377,261,261,NO,,0,261,261,522,YES,
US96055378,147,147,NO,,0,147,147,294,YES,
US96055379,0,11,NO,,0,0,0,11,NO,Starting balance is 0 or negative
US96055380,11,11,NO,,0,11,11,22,YES,
US96055381,0,13,NO,,0,0,0,13,NO,Starting balance is 0 or negative
US96055382,18,18,NO,,0,18,18,36,YES,
US96055383,0,14,NO,,0,0,0,14,NO,Starting balance is 0 or negative
US96055384,0,2,NO,,0,0,0,2,NO,Starting balance is 0 or negative
US96055385,247,247,NO,,0,247,247,494,YES,
US96055386,32,32,NO,,0,32,32,64,YES,
US96055387,157,157,NO,,0,157,157,314,YES,
US96055388,94,94,NO,,0,94,94,188,YES,
US96055389,0,0,NO,,0,0,0,0,NO,Starting balance is 0 or negative
US96055390,10,10,NO,,0,10,10,20,YES,
US96055391,0,0,NO,,0,0,0,0,NO,Starting balance is 0 or negative
US96055392,109,109,NO,,0,109,109,218,YES,
US96055393,220,220,NO,,0,220,220,440,YES,
US96055394,0,0,NO,,0,0,0,0,NO,Starting balance is 0 or negative
US96055395,59,59,NO,,0,59,59,118,YES,
US96055396,0,12,NO,,0,0,0,12,NO,Starting balance is 0 or negative
US96055397,0,0,NO,,0,0,0,0,NO,Starting balance is 0 or negative
US96055398,0,0,NO,,0,0,0,0,NO,Starting balance is 0 or negative
US96055399,14,14,NO,,0,14,14,28,YES,
US96055400,420,420,NO,,0,420,420,840,YES,
US96055401,0,12,NO,,0,0,0,12,NO,Starting balance is 0 or negative
US96055402,1510,1510,NO,,0,1510,1510,3020,YES,
US96055403,16,16,NO,,0,16,16,32,YES,
US96055404,0,0,NO,,0,0,0,0,NO,Starting balance is 0 or negative
US96055405,34,34,NO,,0,34,34,68,YES,
US96055406,0,0,NO,,0,0,0,0,NO,Starting balance is 0 or negative
US96055407,422,422,NO,,0,422,422,844,YES,
US96055408,313,313,NO,,0,313,313,626,YES,
US96055409,85,85,NO,,0,85,85,170,YES,
US96055410,10,10,NO,,0,10,10,20,YES,
US96055411,210,210,NO,,0,210,210,420,YES,
US96055412,10,10,NO,,0,10,10,20,YES,
US96055413,0,0,NO,,0,0,0,0,NO,Starting balance is 0 or negative
US96055414,98,98,NO,,0,98,98,196,YES,
US96055415,0,0,NO,,0,0,0,0,NO,Starting balance is 0 or negative
US96055416,0,0,NO,,0,0,0,0,NO,Starting balance is 0 or negative
US96055417,31,31,NO,,0,31,31,62,YES,
US96055418,30,30,NO,,0,30,30,60,YES,
US96055419,0,13,NO,,0,0,0,13,NO,Starting balance is 0 or negative
US96055420,452,452,NO,,0,452,452,904,YES,
US96055421,0,10,NO,,0,0,0,10,NO,Starting balance is 0 or negative
US96055422,63,63,NO,,0,63,63,126,YES,
US96055423,10,10,NO,,0,10,10,20,YES,
US96055424,225,225,NO,,0,225,225,450,YES,
US96055425,45,45,NO,,0,45,45,90,YES,
US96055426,45,45,NO,,0,45,45,90,YES,
US96055427,0,12,NO,,0,0,0,12,NO,Starting balance is 0 or negative
US96055428,0,26,NO,,0,0,0,26,NO,Starting balance is 0 or negative
US96055429,78,78,NO,,0,78,78,156,YES,
US96055430,0,0,NO,,0,0,0,0,NO,Starting balance is 0 or negative
US96055431,0,0,NO,,0,0,0,0,NO,Starting balance is 0 or negative
US96055432,72,72,NO,,0,72,72,144,YES,
US96055433,0,0,NO,,0,0,0,0,NO,Starting balance is 0 or negative
US96055434,0,29,NO,,0,0,0,29,NO,Starting balance is 0 or negative
US96055435,0,13,NO,,0,0,0,13,NO,Starting balance is 0 or negative
US96055436,0,13,NO,,0,0,0,13,NO,Starting balance is 0 or negative
US96055437,1211,1211,NO,,0,1211,1211,2422,YES,
US96055438,22,22,NO,,0,22,22,44,YES,
US96055439,0,0,NO,,0,0,0,0,NO,Starting balance is 0 or negative
US96055440,109,109,NO,,0,109,109,218,YES,
US96055441,15,15,NO,,0,15,15,30,YES,
US96055442,0,11,NO,,0,0,0,11,NO,Starting balance is 0 or negative
US96055443,16,16,NO,,0,16,16,32,YES,
US96055444,0,0,NO,,0,0,0,0,NO,Starting balance is 0 or negative
US96055445,14,14,NO,,0,14,14,28,YES,
US96055446,0,22,NO,,0,0,0,22,NO,Starting balance is 0 or negative
US96055447,299,299,NO,,0,299,299,598,YES,
US96055448,22,22,NO,,0,22,22,44,YES,
US96055449,0,0,NO,,0,0,0,0,NO,Starting balance is 0 or negative
US96055450,0,0,NO,,0,0,0,0,NO,Starting balance is 0 or negative
US96055451,0,136,NO,,0,0,0,136,NO,Starting balance is 0 or negative
US96055452,0,151,NO,,0,0,0,151,NO,Starting balance is 0 or negative
US96055453,0,0,NO,,0,0,0,0,NO,Starting balance is 0 or negative
US96055454,0,0,NO,,0,0,0,0,NO,Starting balance is 0 or negative
US96055455,170,170,NO,,0,170,170,340,YES,
US96055456,15,15,NO,,0,15,15,30,YES,
US96055457,0,0,NO,,0,0,0,0,NO,Starting balance is 0 or negative
US96055458,0,14,NO,,0,0,0,14,NO,Starting balance is 0 or negative
US96055460,0,67,NO,,0,0,0,67,NO,Starting balance is 0 or negative
US96055461,572,572,NO,,0,572,572,1144,YES,
US96055462,0,166,NO,,0,0,0,166,NO,Starting balance is 0 or negative
US96055463,73,73,NO,,0,73,73,146,YES,
US96055465,86,86,NO,,0,86,86,172,YES,
US96055466,0,0,NO,,0,0,0,0,NO,Starting balance is 0 or negative
US96055467,8,8,NO,,0,8,8,16,YES,
US96055468,14,14,NO,,0,14,14,28,YES,
US96055469,0,0,NO,,0,0,0,0,NO,Starting balance is 0 or negative
US96055470,141,141,NO,,0,141,141,282,YES,
US96055471,41,41,NO,,0,41,41,82,YES,
US96055472,0,0,NO,,0,0,0,0,NO,Starting balance is 0 or negative
US96055473,24,24,NO,,0,24,24,48,YES,
US96055474,16,16,NO,,0,16,16,32,YES,
US96055475,0,0,NO,,0,0,0,0,NO,Starting balance is 0 or negative
US96055476,687,687,NO,,0,687,687,1374,YES,
US96055477,12,12,NO,,0,12,12,24,YES,
US96055478,0,10,NO,,0,0,0,10,NO,Starting balance is 0 or negative
US96055479,1,1,NO,,0,1,1,2,YES,
US96055480,144,144,NO,,0,144,144,288,YES,
US96055481,0,0,NO,,0,0,0,0,NO,Starting balance is 0 or negative
US96055482,330,330,NO,,0,330,330,660,YES,
US96055483,0,13,NO,,0,0,0,13,NO,Starting balance is 0 or negative
US96055484,39,39,NO,,0,39,39,78,YES,
US96055485,454,454,NO,,0,454,454,908,YES,
US96055486,317,317,NO,,0,317,317,634,YES,
US96055487,0,533,NO,,0,0,0,533,NO,Starting balance is 0 or negative
US96055488,0,453,NO,,0,0,0,453,NO,Starting balance is 0 or negative
US96055489,0,0,NO,,0,0,0,0,NO,Starting balance is 0 or negative
US96055490,103,103,NO,,0,103,103,206,YES,
US96055491,0,0,NO,,0,0,0,0,NO,Starting balance is 0 or negative
US96055492,2,2,NO,,0,2,2,4,YES,
US96055493,282,282,NO,,0,282,282,564,YES,
US96055494,601,601,NO,,0,601,601,1202,YES,
US96055495,2359,2359,NO,,0,2359,2359,4718,YES,
US96055496,134,134,NO,,0,134,134,268,YES,
US96055497,0,20,NO,,0,0,0,20,NO,Starting balance is 0 or negative
US96055498,0,0,NO,,0,0,0,0,NO,Starting balance is 0 or negative
US96055499,12,12,NO,,0,12,12,24,YES,
US96055500,162,162,NO,,0,162,162,324,YES,
US96055501,0,12,NO,,0,0,0,12,NO,Starting balance is 0 or negative
US96055502,0,0,NO,,0,0,0,0,NO,Starting balance is 0 or negative
US96055503,188,188,NO,,0,188,188,376,YES,
US96055504,101,101,NO,,0,101,101,202,YES,
US96055505,161,161,NO,,0,161,161,322,YES,
US96055506,81,81,NO,,0,81,81,162,YES,
US96055507,257,257,NO,,0,257,257,514,YES,
US96055508,1,1,NO,,0,1,1,2,YES,
US96055509,0,0,NO,,0,0,0,0,NO,Starting balance is 0 or negative
US96055510,21,21,NO,,0,21,21,42,YES,
US96055511,81,81,NO,,0,81,81,162,YES,
US96055512,10,10,NO,,0,10,10,20,YES,
US96055513,396,396,NO,,0,396,396,792,YES,
US96055514,321,321,NO,,0,321,321,642,YES,
US96055515,0,,NO,,,,0,,NO,Missing SR customer record
US96055516,345,345,NO,,0,345,345,690,YES,
US96055517,342,342,NO,,0,342,342,684,YES,
US96055518,0,0,NO,,0,0,0,0,NO,Starting balance is 0 or negative
US96055519,93,93,NO,,0,93,93,186,YES,
US96055520,207,207,NO,,0,207,207,414,YES,
US96055521,2,2,NO,,0,2,2,4,YES,
US96055522,1161,1161,NO,,0,1161,1161,2322,YES,
US96055523,998,998,NO,,0,998,998,1996,YES,
US96055524,0,0,NO,,0,0,0,0,NO,Starting balance is 0 or negative
US96055525,51,51,NO,,0,51,51,102,YES,
US96055526,16,16,NO,,0,16,16,32,YES,
US96055527,156,156,NO,,0,156,156,312,YES,
US96055528,0,0,NO,,0,0,0,0,NO,Starting balance is 0 or negative
US96055529,0,0,NO,,0,0,0,0,NO,Starting balance is 0 or negative
US96055530,561,561,NO,,0,561,561,1122,YES,
US96055531,35,35,NO,,0,35,35,70,YES,
US96055532,38,38,NO,,0,38,38,76,YES,
US96055533,55,55,NO,,0,55,55,110,YES,
US96055534,0,0,NO,,0,0,0,0,NO,Starting balance is 0 or negative
US96055535,0,3068,NO,,0,0,0,3068,NO,Starting balance is 0 or negative
US96055536,95,95,NO,,0,95,95,190,YES,
US96055537,0,67,NO,,0,0,0,67,NO,Starting balance is 0 or negative
US96055538,14,14,NO,,0,14,14,28,YES,
US96055539,0,0,NO,,0,0,0,0,NO,Starting balance is 0 or negative
US96055540,35,35,NO,,0,35,35,70,YES,
US96055541,0,23,NO,,0,0,0,23,NO,Starting balance is 0 or negative
US96055542,0,10,NO,,0,0,0,10,NO,Starting balance is 0 or negative
US96055543,0,413,NO,,0,0,0,413,NO,Starting balance is 0 or negative
US96055544,78,78,NO,,0,78,78,156,YES,
US96055545,0,69,NO,,0,0,0,69,NO,Starting balance is 0 or negative
US96055546,0,70,NO,,0,0,0,70,NO,Starting balance is 0 or negative
US96055547,12,12,NO,,0,12,12,24,YES,
US96055548,13,13,NO,,0,13,13,26,YES,
US96055549,25,25,NO,,0,25,25,50,YES,
US96055550,10,10,NO,,0,10,10,20,YES,
US96055551,0,0,NO,,0,0,0,0,NO,Starting balance is 0 or negative
US96055552,575,575,NO,,0,575,575,1150,YES,
US96055553,0,0,NO,,0,0,0,0,NO,Starting balance is 0 or negative
US96055554,0,11,NO,,0,0,0,11,NO,Starting balance is 0 or negative
US96055555,138,138,NO,,0,138,138,276,YES,
US96055556,0,38,NO,,0,0,0,38,NO,Starting balance is 0 or negative
US96055557,888,888,NO,,0,888,888,1776,YES,
US96055558,17,17,NO,,0,17,17,34,YES,
US96055559,998,998,NO,,0,998,998,1996,YES,
US96055560,10,10,NO,,0,10,10,20,YES,
US96055561,0,0,NO,,0,0,0,0,NO,Starting balance is 0 or negative
US96055562,386,386,NO,,0,386,386,772,YES,
US96055563,0,0,NO,,0,0,0,0,NO,Starting balance is 0 or negative
US96055564,138,138,NO,,0,138,138,276,YES,
US96055565,0,0,NO,,0,0,0,0,NO,Starting balance is 0 or negative
US96055566,0,0,NO,,0,0,0,0,NO,Starting balance is 0 or negative
US96055567,0,10,NO,,0,0,0,10,NO,Starting balance is 0 or negative
US96055568,22,22,NO,,0,22,22,44,YES,
US96055569,16,16,NO,,0,16,16,32,YES,
US96055570,13,13,NO,,0,13,13,26,YES,
US96055571,335,335,NO,,0,335,335,670,YES,
US96055572,0,0,NO,,0,0,0,0,NO,Starting balance is 0 or negative
US96055573,74,74,NO,,0,74,74,148,YES,
US96055574,4,4,NO,,0,4,4,8,YES,
US96055575,0,259,NO,,0,0,0,259,NO,Starting balance is 0 or negative
US96055576,0,14,NO,,0,0,0,14,NO,Starting balance is 0 or negative
US96055577,154,154,NO,,0,154,154,308,YES,
US96055578,280,280,NO,,0,280,280,560,YES,
US96055579,0,1125,NO,,0,0,0,1125,NO,Starting balance is 0 or negative
US96055580,0,25,NO,,0,0,0,25,NO,Starting balance is 0 or negative
US96055581,9,9,NO,,0,9,9,18,YES,
US96055582,249,249,NO,,0,249,249,498,YES,
US96055583,0,0,NO,,0,0,0,0,NO,Starting balance is 0 or negative
US96055584,14,14,NO,,0,14,14,28,YES,
US96055585,0,16,NO,,0,0,0,16,NO,Starting balance is 0 or negative
US96055586,13,13,NO,,0,13,13,26,YES,
US96055587,88,,NO,,,,0,,NO,Missing SR customer record
US96055588,70,70,NO,,0,70,70,140,YES,
US96055589,83,83,NO,,0,83,83,166,YES,
US96055590,87,87,YES,2026-03,87,0,0,87,NO,First ledger beginning is not 0
US96055591,695,695,NO,,0,695,695,1390,YES,
US96055592,0,0,NO,,0,0,0,0,NO,Starting balance is 0 or negative
US96055593,0,0,NO,,0,0,0,0,NO,Starting balance is 0 or negative
US96055594,115,115,NO,,0,115,115,230,YES,
US96055595,0,0,NO,,0,0,0,0,NO,Starting balance is 0 or negative
US96055596,0,121,NO,,0,0,0,121,NO,Starting balance is 0 or negative
US96055597,130,130,NO,,0,130,130,260,YES,
US96055598,825,825,NO,,0,825,825,1650,YES,
US96055599,76,76,NO,,0,76,76,152,YES,
US96055600,0,0,NO,,0,0,0,0,NO,Starting balance is 0 or negative
US96055601,0,28,NO,,0,0,0,28,NO,Starting balance is 0 or negative
US96055602,0,0,NO,,0,0,0,0,NO,Starting balance is 0 or negative
US96055603,102,102,NO,,0,102,102,204,YES,
US96055604,0,0,NO,,0,0,0,0,NO,Starting balance is 0 or negative
US96055605,105,105,NO,,0,105,105,210,YES,
US96055606,1059,1059,NO,,0,1059,1059,2118,YES,
US96055607,391,391,NO,,0,391,391,782,YES,
US96055608,112,112,NO,,0,112,112,224,YES,
US96055609,0,11,NO,,0,0,0,11,NO,Starting balance is 0 or negative
US96055610,0,654,NO,,0,0,0,654,NO,Starting balance is 0 or negative
US96055611,15,15,NO,,0,15,15,30,YES,
US96055614,228,228,NO,,0,228,228,456,YES,
US96055615,827,827,NO,,0,827,827,1654,YES,
US96055616,98,98,NO,,0,98,98,196,YES,
US96055617,0,0,NO,,0,0,0,0,NO,Starting balance is 0 or negative
US96055618,56,56,NO,,0,56,56,112,YES,
US96055619,0,0,NO,,0,0,0,0,NO,Starting balance is 0 or negative
US96055620,0,0,NO,,0,0,0,0,NO,Starting balance is 0 or negative
US96055621,0,10,NO,,0,0,0,10,NO,Starting balance is 0 or negative
US96055622,71,71,NO,,0,71,71,142,YES,
US96055623,0,20,NO,,0,0,0,20,NO,Starting balance is 0 or negative
US96055624,683,683,NO,,0,683,683,1366,YES,
US96055625,63,63,NO,,0,63,63,126,YES,
US96055626,0,0,NO,,0,0,0,0,NO,Starting balance is 0 or negative
US96055627,0,0,NO,,0,0,0,0,NO,Starting balance is 0 or negative
US96055628,407,407,NO,,0,407,407,814,YES,
US96055629,0,13,NO,,0,0,0,13,NO,Starting balance is 0 or negative
US96055630,11,11,NO,,0,11,11,22,YES,
US96055631,0,0,NO,,0,0,0,0,NO,Starting balance is 0 or negative
US96055632,0,61,NO,,0,0,0,61,NO,Starting balance is 0 or negative
US96055633,0,37,NO,,0,0,0,37,NO,Starting balance is 0 or negative
US96055634,322,322,NO,,0,322,322,644,YES,
US96055635,118,118,NO,,0,118,118,236,YES,
US96055636,241,241,NO,,0,241,241,482,YES,
US96055637,0,10,NO,,0,0,0,10,NO,Starting balance is 0 or negative
US96055638,4017,4017,NO,,0,4017,4017,8034,YES,
US96055639,0,131,NO,,0,0,0,131,NO,Starting balance is 0 or negative
US96055640,537,537,NO,,0,537,537,1074,YES,
US96055641,0,0,NO,,0,0,0,0,NO,Starting balance is 0 or negative
US96055642,76,76,NO,,0,76,76,152,YES,
US96055643,0,0,NO,,0,0,0,0,NO,Starting balance is 0 or negative
US96055644,98,98,NO,,0,98,98,196,YES,
US96055645,846,846,NO,,0,846,846,1692,YES,
US96055646,277,277,NO,,0,277,277,554,YES,
US96055647,12,12,NO,,0,12,12,24,YES,
US96055648,0,0,NO,,0,0,0,0,NO,Starting balance is 0 or negative
US96055649,0,0,NO,,0,0,0,0,NO,Starting balance is 0 or negative
US96055650,10,10,NO,,0,10,10,20,YES,
US96055651,0,0,NO,,0,0,0,0,NO,Starting balance is 0 or negative
US96055652,0,16,NO,,0,0,0,16,NO,Starting balance is 0 or negative
US96055653,39,39,NO,,0,39,39,78,YES,
US96055654,245,245,NO,,0,245,245,490,YES,
US96055655,214,214,NO,,0,214,214,428,YES,
US96055656,149,149,NO,,0,149,149,298,YES,
US96055657,0,10,NO,,0,0,0,10,NO,Starting balance is 0 or negative
US96055658,5703,5703,NO,,0,5703,5703,11406,YES,
US96055659,0,0,NO,,0,0,0,0,NO,Starting balance is 0 or negative
US96055660,138,138,NO,,0,138,138,276,YES,
US96055661,28,28,NO,,0,28,28,56,YES,
US96055662,282,282,NO,,0,282,282,564,YES,
US96055663,116,116,NO,,0,116,116,232,YES,
US96055664,0,0,NO,,0,0,0,0,NO,Starting balance is 0 or negative
US96055665,0,10,NO,,0,0,0,10,NO,Starting balance is 0 or negative
US96055666,0,0,NO,,0,0,0,0,NO,Starting balance is 0 or negative
US96055667,31,31,NO,,0,31,31,62,YES,
US96055668,37,37,NO,,0,37,37,74,YES,
US96055669,295,295,NO,,0,295,295,590,YES,
US96055670,178,178,NO,,0,178,178,356,YES,
US96055671,0,14,NO,,0,0,0,14,NO,Starting balance is 0 or negative
US96055672,10,10,NO,,0,10,10,20,YES,
US96055673,33,33,NO,,0,33,33,66,YES,
US96055674,0,13,NO,,0,0,0,13,NO,Starting balance is 0 or negative
US96055675,0,75,NO,,0,0,0,75,NO,Starting balance is 0 or negative
US96055676,0,110,NO,,0,0,0,110,NO,Starting balance is 0 or negative
US96055677,0,13,NO,,0,0,0,13,NO,Starting balance is 0 or negative
US96055678,0,98,NO,,0,0,0,98,NO,Starting balance is 0 or negative
US96055679,0,34,NO,,0,0,0,34,NO,Starting balance is 0 or negative
US96055680,0,139,NO,,0,0,0,139,NO,Starting balance is 0 or negative
US96055681,168,168,NO,,0,168,168,336,YES,
US96055682,12,12,NO,,0,12,12,24,YES,
US96055683,58,58,NO,,0,58,58,116,YES,
US96055684,25,25,NO,,0,25,25,50,YES,
US96055685,0,114,NO,,0,0,0,114,NO,Starting balance is 0 or negative
US96055686,0,23,NO,,0,0,0,23,NO,Starting balance is 0 or negative
US96055687,0,72,NO,,0,0,0,72,NO,Starting balance is 0 or negative
US96055688,10,10,NO,,0,10,10,20,YES,
US96055689,0,0,NO,,0,0,0,0,NO,Starting balance is 0 or negative
US96055690,0,2,NO,,0,0,0,2,NO,Starting balance is 0 or negative
US96055691,96,96,NO,,0,96,96,192,YES,
US96055692,0,0,NO,,0,0,0,0,NO,Starting balance is 0 or negative
US96055693,10,10,NO,,0,10,10,20,YES,
US96055694,122,122,NO,,0,122,122,244,YES,
US96055695,140,140,NO,,0,140,140,280,YES,
US96055696,19,19,NO,,0,19,19,38,YES,
US96055697,0,0,NO,,0,0,0,0,NO,Starting balance is 0 or negative
US96055698,4,4,NO,,0,4,4,8,YES,
US96055699,0,13,NO,,0,0,0,13,NO,Starting balance is 0 or negative
US96055700,13,13,NO,,0,13,13,26,YES,
US96055701,332,332,NO,,0,332,332,664,YES,
US96055702,12,12,NO,,0,12,12,24,YES,
US96055703,0,92,NO,,0,0,0,92,NO,Starting balance is 0 or negative
US96055704,2612,2612,NO,,0,2612,2612,5224,YES,
US96055705,172,172,NO,,0,172,172,344,YES,
US96055706,0,0,NO,,0,0,0,0,NO,Starting balance is 0 or negative
US96055707,0,0,NO,,0,0,0,0,NO,Starting balance is 0 or negative
US96055708,0,33,NO,,0,0,0,33,NO,Starting balance is 0 or negative
US96055709,0,417,NO,,0,0,0,417,NO,Starting balance is 0 or negative
US96055710,0,0,NO,,0,0,0,0,NO,Starting balance is 0 or negative
US96055711,0,0,NO,,0,0,0,0,NO,Starting balance is 0 or negative
US96055712,66,66,NO,,0,66,66,132,YES,
US96055713,154,,NO,,,,0,,NO,Missing SR customer record
US96055714,25,25,NO,,0,25,25,50,YES,
US96055715,0,60,NO,,0,0,0,60,NO,Starting balance is 0 or negative
US96055716,0,11,NO,,0,0,0,11,NO,Starting balance is 0 or negative
US96055717,0,96,NO,,0,0,0,96,NO,Starting balance is 0 or negative
US96055718,14,14,NO,,0,14,14,28,YES,
US96055719,0,0,NO,,0,0,0,0,NO,Starting balance is 0 or negative
US96055720,44,44,NO,,0,44,44,88,YES,
US96055721,0,0,NO,,0,0,0,0,NO,Starting balance is 0 or negative
US96055722,556,556,NO,,0,556,556,1112,YES,
US96055723,17,17,NO,,0,17,17,34,YES,
US96055724,19,19,NO,,0,19,19,38,YES,
US96055725,34,34,NO,,0,34,34,68,YES,
US96055726,89,89,NO,,0,89,89,178,YES,
US96055727,0,20,NO,,0,0,0,20,NO,Starting balance is 0 or negative
US96055728,0,0,NO,,0,0,0,0,NO,Starting balance is 0 or negative
US96055729,42,42,NO,,0,42,42,84,YES,
US96055730,669,669,NO,,0,669,669,1338,YES,
US96055731,255,255,NO,,0,255,255,510,YES,
US96055732,0,55,NO,,0,0,0,55,NO,Starting balance is 0 or negative
US96055733,0,0,NO,,0,0,0,0,NO,Starting balance is 0 or negative
US96055734,157,157,NO,,0,157,157,314,YES,
US96055735,22,22,NO,,0,22,22,44,YES,
US96055736,60,60,NO,,0,60,60,120,YES,
US96055737,14,14,NO,,0,14,14,28,YES,
US96055738,0,15,NO,,0,0,0,15,NO,Starting balance is 0 or negative
US96055739,3,3,NO,,0,3,3,6,YES,
US96055740,167,167,NO,,0,167,167,334,YES,
US96055741,0,0,NO,,0,0,0,0,NO,Starting balance is 0 or negative
US96055742,0,0,NO,,0,0,0,0,NO,Starting balance is 0 or negative
US96055743,178,178,NO,,0,178,178,356,YES,
US96055744,222,222,NO,,0,222,222,444,YES,
US96055745,0,0,NO,,0,0,0,0,NO,Starting balance is 0 or negative
US96055746,0,0,NO,,0,0,0,0,NO,Starting balance is 0 or negative
US96055748,0,0,NO,,0,0,0,0,NO,Starting balance is 0 or negative
US96055749,0,100,NO,,0,0,0,100,NO,Starting balance is 0 or negative
US96055750,261,261,NO,,0,261,261,522,YES,
US96055751,62,62,NO,,0,62,62,124,YES,
US96055752,872,872,NO,,0,872,872,1744,YES,
US96055753,0,27,NO,,0,0,0,27,NO,Starting balance is 0 or negative
US96055754,47,47,NO,,0,47,47,94,YES,
US96055755,0,0,NO,,0,0,0,0,NO,Starting balance is 0 or negative
US96055756,278,278,NO,,0,278,278,556,YES,
US96055757,60,60,NO,,0,60,60,120,YES,
US96055758,0,0,NO,,0,0,0,0,NO,Starting balance is 0 or negative
US96055759,0,314,NO,,0,0,0,314,NO,Starting balance is 0 or negative
US96055760,305,305,NO,,0,305,305,610,YES,
US96055761,10,10,NO,,0,10,10,20,YES,
US96055762,11,11,NO,,0,11,11,22,YES,
US96055763,0,0,NO,,0,0,0,0,NO,Starting balance is 0 or negative
US96055764,84,84,NO,,0,84,84,168,YES,
US96055765,34,34,NO,,0,34,34,68,YES,
US96055766,87,87,YES,2026-03,87,0,0,87,NO,First ledger beginning is not 0
US96055767,0,766,NO,,0,0,0,766,NO,Starting balance is 0 or negative
US96055768,0,0,NO,,0,0,0,0,NO,Starting balance is 0 or negative
US96055769,28,28,NO,,0,28,28,56,YES,
US96055770,0,0,NO,,0,0,0,0,NO,Starting balance is 0 or negative
US96055772,155,155,NO,,0,155,155,310,YES,
US96055773,252,252,NO,,0,252,252,504,YES,
US96055774,386,386,NO,,0,386,386,772,YES,
US96055775,0,35,NO,,0,0,0,35,NO,Starting balance is 0 or negative
US96055776,0,0,NO,,0,0,0,0,NO,Starting balance is 0 or negative
US96055777,14,14,NO,,0,14,14,28,YES,
US96055778,36,36,NO,,0,36,36,72,YES,
US96055779,78,78,NO,,0,78,78,156,YES,
US96055780,0,0,NO,,0,0,0,0,NO,Starting balance is 0 or negative
US96055781,196,196,NO,,0,196,196,392,YES,
US96055782,381,381,NO,,0,381,381,762,YES,
US96055783,104,104,NO,,0,104,104,208,YES,
US96055784,2135,2135,NO,,0,2135,2135,4270,YES,
US96055785,26,26,NO,,0,26,26,52,YES,
US96055786,0,11,NO,,0,0,0,11,NO,Starting balance is 0 or negative
US96055787,0,419,NO,,0,0,0,419,NO,Starting balance is 0 or negative
US96055788,0,38,NO,,0,0,0,38,NO,Starting balance is 0 or negative
US96055789,21,21,NO,,0,21,21,42,YES,
US96055790,244,244,NO,,0,244,244,488,YES,
US96055791,75,75,NO,,0,75,75,150,YES,
US96055792,0,22,NO,,0,0,0,22,NO,Starting balance is 0 or negative
US96055793,0,0,NO,,0,0,0,0,NO,Starting balance is 0 or negative
US96055794,29,29,NO,,0,29,29,58,YES,
US96055795,0,10,NO,,0,0,0,10,NO,Starting balance is 0 or negative
US96055796,97,97,NO,,0,97,97,194,YES,
US96055797,4687,4687,NO,,0,4687,4687,9374,YES,
US96055798,158,158,NO,,0,158,158,316,YES,
US96055799,0,0,NO,,0,0,0,0,NO,Starting balance is 0 or negative
US96055800,219,219,NO,,0,219,219,438,YES,
US96055801,0,51,NO,,0,0,0,51,NO,Starting balance is 0 or negative
US96055802,137,137,NO,,0,137,137,274,YES,
US96055803,56,56,NO,,0,56,56,112,YES,
US96055804,21,21,NO,,0,21,21,42,YES,
US96055805,59,59,NO,,0,59,59,118,YES,
US96055806,345,345,NO,,0,345,345,690,YES,
US96055807,0,13,NO,,0,0,0,13,NO,Starting balance is 0 or negative
US96055808,0,22,NO,,0,0,0,22,NO,Starting balance is 0 or negative
US96055809,0,0,NO,,0,0,0,0,NO,Starting balance is 0 or negative
US96055810,168,168,NO,,0,168,168,336,YES,
US96055811,52,52,NO,,0,52,52,104,YES,
US96055812,0,,NO,,,,0,,NO,Missing SR customer record
US96055813,0,0,NO,,0,0,0,0,NO,Starting balance is 0 or negative
US96055814,1626,1626,NO,,0,1626,1626,3252,YES,
US96055816,39,39,NO,,0,39,39,78,YES,
US96055817,90,90,NO,,0,90,90,180,YES,
US96055818,2,2,NO,,0,2,2,4,YES,
US96055820,0,25,NO,,0,0,0,25,NO,Starting balance is 0 or negative
US96055821,0,240,NO,,0,0,0,240,NO,Starting balance is 0 or negative
US96055822,85,85,NO,,0,85,85,170,YES,
US96055823,21,21,NO,,0,21,21,42,YES,
US96055824,13,13,NO,,0,13,13,26,YES,
US96055825,27,27,NO,,0,27,27,54,YES,
US96055826,96,96,NO,,0,96,96,192,YES,
US96055827,0,0,NO,,0,0,0,0,NO,Starting balance is 0 or negative
US96055828,0,0,NO,,0,0,0,0,NO,Starting balance is 0 or negative
US96055829,0,0,NO,,0,0,0,0,NO,Starting balance is 0 or negative
US96055830,0,0,NO,,0,0,0,0,NO,Starting balance is 0 or negative
US96055831,0,0,NO,,0,0,0,0,NO,Starting balance is 0 or negative
US96055832,161,161,NO,,0,161,161,322,YES,
US96055833,197,197,NO,,0,197,197,394,YES,
US96055834,19,19,NO,,0,19,19,38,YES,
US96055835,0,43,NO,,0,0,0,43,NO,Starting balance is 0 or negative
US96055836,61,61,NO,,0,61,61,122,YES,
US96055837,0,10,NO,,0,0,0,10,NO,Starting balance is 0 or negative
US96055838,0,103,NO,,0,0,0,103,NO,Starting balance is 0 or negative
US96055839,0,110,NO,,0,0,0,110,NO,Starting balance is 0 or negative
US96055840,0,28,NO,,0,0,0,28,NO,Starting balance is 0 or negative
US96055841,0,27,NO,,0,0,0,27,NO,Starting balance is 0 or negative
US96055842,0,27,NO,,0,0,0,27,NO,Starting balance is 0 or negative
US96055843,95,95,NO,,0,95,95,190,YES,
US96055844,0,0,NO,,0,0,0,0,NO,Starting balance is 0 or negative
US96055845,0,0,NO,,0,0,0,0,NO,Starting balance is 0 or negative
US96055846,0,16,NO,,0,0,0,16,NO,Starting balance is 0 or negative
US96055847,0,11,NO,,0,0,0,11,NO,Starting balance is 0 or negative
US96055848,19,19,NO,,0,19,19,38,YES,
US96055849,2541,2541,NO,,0,2541,2541,5082,YES,
US96055850,0,69,NO,,0,0,0,69,NO,Starting balance is 0 or negative
US96055851,0,15,NO,,0,0,0,15,NO,Starting balance is 0 or negative
US96055852,41,41,NO,,0,41,41,82,YES,
US96055853,0,114,NO,,0,0,0,114,NO,Starting balance is 0 or negative
US96055854,0,0,NO,,0,0,0,0,NO,Starting balance is 0 or negative
US96055855,10,10,NO,,0,10,10,20,YES,
US96055856,492,492,NO,,0,492,492,984,YES,
US96055857,1022,1022,NO,,0,1022,1022,2044,YES,
US96055858,0,0,NO,,0,0,0,0,NO,Starting balance is 0 or negative
US96055859,41,41,NO,,0,41,41,82,YES,
US96055860,363,363,NO,,0,363,363,726,YES,
US96055861,402,402,NO,,0,402,402,804,YES,
US96055862,18,18,NO,,0,18,18,36,YES,
US96055863,0,0,NO,,0,0,0,0,NO,Starting balance is 0 or negative
US96055864,0,37,NO,,0,0,0,37,NO,Starting balance is 0 or negative
US96055865,0,0,NO,,0,0,0,0,NO,Starting balance is 0 or negative
US96055866,98,98,NO,,0,98,98,196,YES,
US96055867,67,67,NO,,0,67,67,134,YES,
US96055868,232,232,NO,,0,232,232,464,YES,
US96055869,0,13,NO,,0,0,0,13,NO,Starting balance is 0 or negative
US96055870,0,14,NO,,0,0,0,14,NO,Starting balance is 0 or negative
US96055871,0,150,NO,,0,0,0,150,NO,Starting balance is 0 or negative
US96055872,0,0,NO,,0,0,0,0,NO,Starting balance is 0 or negative
US96055873,0,307,NO,,0,0,0,307,NO,Starting balance is 0 or negative
US96055874,74,74,NO,,0,74,74,148,YES,
US96055875,0,33,NO,,0,0,0,33,NO,Starting balance is 0 or negative
US96055876,0,0,NO,,0,0,0,0,NO,Starting balance is 0 or negative
US96055877,37,37,NO,,0,37,37,74,YES,
US96055878,17,17,NO,,0,17,17,34,YES,
US96055879,22,22,NO,,0,22,22,44,YES,
US96055880,0,11,NO,,0,0,0,11,NO,Starting balance is 0 or negative
US96055881,0,12,NO,,0,0,0,12,NO,Starting balance is 0 or negative
US96055882,243,243,NO,,0,243,243,486,YES,
US96055883,22,22,NO,,0,22,22,44,YES,
US96055884,151,151,NO,,0,151,151,302,YES,
US96055885,11,11,NO,,0,11,11,22,YES,
US96055886,0,0,NO,,0,0,0,0,NO,Starting balance is 0 or negative
US96055887,0,17,NO,,0,0,0,17,NO,Starting balance is 0 or negative
US96055888,180,180,NO,,0,180,180,360,YES,
US96055889,552,552,NO,,0,552,552,1104,YES,
US96055890,12,12,NO,,0,12,12,24,YES,
US96055891,79,79,NO,,0,79,79,158,YES,
US96055892,21,21,NO,,0,21,21,42,YES,
US96055893,26,26,NO,,0,26,26,52,YES,
US96055894,100,100,NO,,0,100,100,200,YES,
US96055895,29,29,NO,,0,29,29,58,YES,
US96055896,0,11,NO,,0,0,0,11,NO,Starting balance is 0 or negative
US96055897,0,11,NO,,0,0,0,11,NO,Starting balance is 0 or negative
US96055898,251,251,NO,,0,251,251,502,YES,
US96055899,53,53,NO,,0,53,53,106,YES,
US96055900,277,277,YES,2026-03,277,0,0,277,NO,First ledger beginning is not 0
US96055901,71,71,YES,2026-03,71,0,0,71,NO,First ledger beginning is not 0
US96055902,226,226,NO,,0,226,226,452,YES,
US96055903,1,1,NO,,0,1,1,2,YES,
US96055904,429,429,NO,,0,429,429,858,YES,
US96055905,0,176,NO,,0,0,0,176,NO,Starting balance is 0 or negative
US96055906,0,0,NO,,0,0,0,0,NO,Starting balance is 0 or negative
US96055907,0,12,NO,,0,0,0,12,NO,Starting balance is 0 or negative
US96055908,34,34,NO,,0,34,34,68,YES,
US96055909,90,90,NO,,0,90,90,180,YES,
US96055910,0,64,NO,,0,0,0,64,NO,Starting balance is 0 or negative
US96055911,1180,1180,NO,,0,1180,1180,2360,YES,
US96055912,2959,2959,NO,,0,2959,2959,5918,YES,
US96055913,25,25,NO,,0,25,25,50,YES,
US96055914,92,92,NO,,0,92,92,184,YES,
US96055915,751,751,NO,,0,751,751,1502,YES,
US96055916,0,71,NO,,0,0,0,71,NO,Starting balance is 0 or negative
US96055917,0,0,NO,,0,0,0,0,NO,Starting balance is 0 or negative
US96055918,0,0,NO,,0,0,0,0,NO,Starting balance is 0 or negative
US96055919,0,36,NO,,0,0,0,36,NO,Starting balance is 0 or negative
US96055920,69,69,NO,,0,69,69,138,YES,
US96055921,128,128,NO,,0,128,128,256,YES,
US96055922,73,73,NO,,0,73,73,146,YES,
US96055923,148,148,NO,,0,148,148,296,YES,
US96055924,15,15,NO,,0,15,15,30,YES,
US96055925,20,20,NO,,0,20,20,40,YES,
US96055926,0,131,NO,,0,0,0,131,NO,Starting balance is 0 or negative
US96055927,0,0,NO,,0,0,0,0,NO,Starting balance is 0 or negative
US96055928,16,16,NO,,0,16,16,32,YES,
US96055929,59,59,NO,,0,59,59,118,YES,
US96055930,11,11,NO,,0,11,11,22,YES,
US96055931,42,42,NO,,0,42,42,84,YES,
US96055932,16,16,NO,,0,16,16,32,YES,
US96055933,32,32,NO,,0,32,32,64,YES,
US96055934,0,117,NO,,0,0,0,117,NO,Starting balance is 0 or negative
US96055935,130,130,NO,,0,130,130,260,YES,
US96055936,0,0,NO,,0,0,0,0,NO,Starting balance is 0 or negative
US96055937,0,16,NO,,0,0,0,16,NO,Starting balance is 0 or negative
US96055938,235,235,NO,,0,235,235,470,YES,
US96055939,0,60,NO,,0,0,0,60,NO,Starting balance is 0 or negative
US96055940,86,,NO,,,,0,,NO,Missing SR customer record
US96055941,239,239,NO,,0,239,239,478,YES,
US96055942,22,22,NO,,0,22,22,44,YES,
US96055943,0,0,NO,,0,0,0,0,NO,Starting balance is 0 or negative
US96055944,125,125,NO,,0,125,125,250,YES,
US96055945,22,22,NO,,0,22,22,44,YES,
US96055946,19,19,NO,,0,19,19,38,YES,
US96055947,0,16,NO,,0,0,0,16,NO,Starting balance is 0 or negative
US96055948,0,31,NO,,0,0,0,31,NO,Starting balance is 0 or negative
US96055949,0,86,NO,,0,0,0,86,NO,Starting balance is 0 or negative
US96055950,0,0,NO,,0,0,0,0,NO,Starting balance is 0 or negative
US96055951,162,162,NO,,0,162,162,324,YES,
US96055952,12,12,NO,,0,12,12,24,YES,
US96055953,0,0,NO,,0,0,0,0,NO,Starting balance is 0 or negative
US96055954,0,0,NO,,0,0,0,0,NO,Starting balance is 0 or negative
US96055955,0,12,NO,,0,0,0,12,NO,Starting balance is 0 or negative
US96055956,0,0,NO,,0,0,0,0,NO,Starting balance is 0 or negative
US96055957,0,0,NO,,0,0,0,0,NO,Starting balance is 0 or negative
US96055958,25,25,NO,,0,25,25,50,YES,
US96055959,0,11,NO,,0,0,0,11,NO,Starting balance is 0 or negative
US96055960,183,183,NO,,0,183,183,366,YES,
US96055961,0,70,NO,,0,0,0,70,NO,Starting balance is 0 or negative
US96055962,0,0,NO,,0,0,0,0,NO,Starting balance is 0 or negative
US96055963,75,75,NO,,0,75,75,150,YES,
US96055964,13,13,NO,,0,13,13,26,YES,
US96055965,32,32,NO,,0,32,32,64,YES,
US96055966,17,17,NO,,0,17,17,34,YES,
US96055967,1130,1130,NO,,0,1130,1130,2260,YES,
US96055968,0,0,NO,,0,0,0,0,NO,Starting balance is 0 or negative
US96055969,0,22,NO,,0,0,0,22,NO,Starting balance is 0 or negative
US96055970,14,14,NO,,0,14,14,28,YES,
US96055971,19,19,NO,,0,19,19,38,YES,
US96055972,31,31,NO,,0,31,31,62,YES,
US96055973,10,10,NO,,0,10,10,20,YES,
US96055974,0,0,NO,,0,0,0,0,NO,Starting balance is 0 or negative
US96055975,220,220,NO,,0,220,220,440,YES,
US96055976,478,478,NO,,0,478,478,956,YES,
US96055977,0,61,NO,,0,0,0,61,NO,Starting balance is 0 or negative
US96055978,13,13,NO,,0,13,13,26,YES,
US96055979,79,79,NO,,0,79,79,158,YES,
US96055980,636,636,NO,,0,636,636,1272,YES,
US96055981,403,403,NO,,0,403,403,806,YES,
US96055982,0,0,NO,,0,0,0,0,NO,Starting balance is 0 or negative
US96055983,84,84,NO,,0,84,84,168,YES,
US96055984,149,149,NO,,0,149,149,298,YES,
US96055985,0,10,NO,,0,0,0,10,NO,Starting balance is 0 or negative
US96055986,11,11,NO,,0,11,11,22,YES,
US96055987,1,1,NO,,0,1,1,2,YES,
US96055988,1449,1449,NO,,0,1449,1449,2898,YES,
US96055989,0,0,NO,,0,0,0,0,NO,Starting balance is 0 or negative
US96055990,0,14,NO,,0,0,0,14,NO,Starting balance is 0 or negative
US96055991,23,23,NO,,0,23,23,46,YES,
US96055992,0,0,NO,,0,0,0,0,NO,Starting balance is 0 or negative
US96055993,549,549,NO,,0,549,549,1098,YES,
US96055994,141,141,NO,,0,141,141,282,YES,
US96055995,0,10,NO,,0,0,0,10,NO,Starting balance is 0 or negative
US96055996,0,0,NO,,0,0,0,0,NO,Starting balance is 0 or negative
US96055997,0,13,NO,,0,0,0,13,NO,Starting balance is 0 or negative
US96055998,22,22,NO,,0,22,22,44,YES,
US96055999,0,60,NO,,0,0,0,60,NO,Starting balance is 0 or negative
US96056000,0,15,NO,,0,0,0,15,NO,Starting balance is 0 or negative
US96056001,0,0,NO,,0,0,0,0,NO,Starting balance is 0 or negative
US96056002,12,12,NO,,0,12,12,24,YES,
US96056003,0,0,NO,,0,0,0,0,NO,Starting balance is 0 or negative
US96056004,0,23,NO,,0,0,0,23,NO,Starting balance is 0 or negative
US96056005,435,435,NO,,0,435,435,870,YES,
US96056006,289,289,YES,2026-03,289,0,0,289,NO,First ledger beginning is not 0
US96056007,0,0,NO,,0,0,0,0,NO,Starting balance is 0 or negative
US96056008,0,0,NO,,0,0,0,0,NO,Starting balance is 0 or negative
US96056009,0,0,NO,,0,0,0,0,NO,Starting balance is 0 or negative
US96056010,0,0,NO,,0,0,0,0,NO,Starting balance is 0 or negative
US96056011,10,10,NO,,0,10,10,20,YES,
US96056012,0,61,NO,,0,0,0,61,NO,Starting balance is 0 or negative
US96056013,256,256,NO,,0,256,256,512,YES,
US96056014,0,165,NO,,0,0,0,165,NO,Starting balance is 0 or negative
US96056015,95,95,YES,2026-03,95,0,0,95,NO,First ledger beginning is not 0
US96056016,18,18,NO,,0,18,18,36,YES,
US96056017,30,30,NO,,0,30,30,60,YES,
US96056018,4,4,NO,,0,4,4,8,YES,
US96056019,27,27,NO,,0,27,27,54,YES,
US96056020,0,123,NO,,0,0,0,123,NO,Starting balance is 0 or negative
US96056021,0,0,NO,,0,0,0,0,NO,Starting balance is 0 or negative
US96056022,1647,1647,NO,,0,1647,1647,3294,YES,
US96056023,0,27,NO,,0,0,0,27,NO,Starting balance is 0 or negative
US96056024,575,575,NO,,0,575,575,1150,YES,
US96056025,11,11,NO,,0,11,11,22,YES,
US96056026,0,0,NO,,0,0,0,0,NO,Starting balance is 0 or negative
US96056027,21,21,NO,,0,21,21,42,YES,
US96056028,43,43,NO,,0,43,43,86,YES,
US96056029,0,0,NO,,0,0,0,0,NO,Starting balance is 0 or negative
US96056030,0,0,NO,,0,0,0,0,NO,Starting balance is 0 or negative
US96056031,0,15,NO,,0,0,0,15,NO,Starting balance is 0 or negative
US96056032,166,166,NO,,0,166,166,332,YES,
US96056033,0,64,NO,,0,0,0,64,NO,Starting balance is 0 or negative
US96056034,0,34,NO,,0,0,0,34,NO,Starting balance is 0 or negative
US96056035,61,61,NO,,0,61,61,122,YES,
US96056036,15,15,NO,,0,15,15,30,YES,
US96056037,46,46,NO,,0,46,46,92,YES,
US96056038,1753,1753,NO,,0,1753,1753,3506,YES,
US96056039,70,70,YES,2026-03,70,0,0,70,NO,First ledger beginning is not 0
US96056040,90,90,NO,,0,90,90,180,YES,
US96056041,0,0,NO,,0,0,0,0,NO,Starting balance is 0 or negative
US96056042,0,0,NO,,0,0,0,0,NO,Starting balance is 0 or negative
US96056043,100,100,NO,,0,100,100,200,YES,
US96056044,223,223,NO,,0,223,223,446,YES,
US96056045,0,18,NO,,0,0,0,18,NO,Starting balance is 0 or negative
US96056046,234,234,NO,,0,234,234,468,YES,
US96056047,224,224,NO,,0,224,224,448,YES,
US96056048,14,14,NO,,0,14,14,28,YES,
US96056049,0,37,NO,,0,0,0,37,NO,Starting balance is 0 or negative
US96056050,38,38,NO,,0,38,38,76,YES,
US96056051,0,0,NO,,0,0,0,0,NO,Starting balance is 0 or negative
US96056052,17,17,NO,,0,17,17,34,YES,
US96056054,0,0,NO,,0,0,0,0,NO,Starting balance is 0 or negative
US96056055,620,620,NO,,0,620,620,1240,YES,
US96056056,0,0,NO,,0,0,0,0,NO,Starting balance is 0 or negative
US96056057,395,395,NO,,0,395,395,790,YES,
US96056058,0,174,NO,,0,0,0,174,NO,Starting balance is 0 or negative
US96056059,0,0,NO,,0,0,0,0,NO,Starting balance is 0 or negative
US96056060,0,0,NO,,0,0,0,0,NO,Starting balance is 0 or negative
US96056061,0,15,NO,,0,0,0,15,NO,Starting balance is 0 or negative
US96056062,0,0,NO,,0,0,0,0,NO,Starting balance is 0 or negative
US96056063,0,0,NO,,0,0,0,0,NO,Starting balance is 0 or negative
US96056064,1,1,NO,,0,1,1,2,YES,
US96056065,156,156,NO,,0,156,156,312,YES,
US96056066,324,324,NO,,0,324,324,648,YES,
US96056067,23,23,NO,,0,23,23,46,YES,
US96056068,10,10,NO,,0,10,10,20,YES,
US96056069,0,0,NO,,0,0,0,0,NO,Starting balance is 0 or negative
US96056070,32,32,NO,,0,32,32,64,YES,
US96056071,0,14,NO,,0,0,0,14,NO,Starting balance is 0 or negative
US96056072,222,222,YES,2026-03,222,0,0,222,NO,First ledger beginning is not 0
US96056074,1,1,NO,,0,1,1,2,YES,
US96056075,20,20,NO,,0,20,20,40,YES,
US96056076,89,89,NO,,0,89,89,178,YES,
US96056077,383,383,NO,,0,383,383,766,YES,
US96056078,0,15,NO,,0,0,0,15,NO,Starting balance is 0 or negative
US96056079,0,0,NO,,0,0,0,0,NO,Starting balance is 0 or negative
US96056080,239,239,NO,,0,239,239,478,YES,
US96056081,0,131,NO,,0,0,0,131,NO,Starting balance is 0 or negative
US96056082,12,12,NO,,0,12,12,24,YES,
US96056083,265,265,NO,,0,265,265,530,YES,
US96056084,20,20,NO,,0,20,20,40,YES,
US96056085,30,30,NO,,0,30,30,60,YES,
US96056086,50,50,NO,,0,50,50,100,YES,
US96056087,77,77,NO,,0,77,77,154,YES,
US96056088,501,501,NO,,0,501,501,1002,YES,
US96056089,835,835,NO,,0,835,835,1670,YES,
US96056090,0,93,NO,,0,0,0,93,NO,Starting balance is 0 or negative
US96056091,20,20,NO,,0,20,20,40,YES,
US96056092,0,174,NO,,0,0,0,174,NO,Starting balance is 0 or negative
US96056093,717,717,NO,,0,717,717,1434,YES,
US96056094,224,224,NO,,0,224,224,448,YES,
US96056095,0,27,NO,,0,0,0,27,NO,Starting balance is 0 or negative
US96056096,0,66,NO,,0,0,0,66,NO,Starting balance is 0 or negative
US96056097,5,5,NO,,0,5,5,10,YES,
US96056098,422,422,NO,,0,422,422,844,YES,
US96056099,0,19,NO,,0,0,0,19,NO,Starting balance is 0 or negative
US96056100,0,28,NO,,0,0,0,28,NO,Starting balance is 0 or negative
US96056101,0,11,NO,,0,0,0,11,NO,Starting balance is 0 or negative
US96056102,26,26,NO,,0,26,26,52,YES,
US96056103,233,233,NO,,0,233,233,466,YES,
US96056104,21,21,NO,,0,21,21,42,YES,
US96056105,0,0,NO,,0,0,0,0,NO,Starting balance is 0 or negative
US96056106,0,0,NO,,0,0,0,0,NO,Starting balance is 0 or negative
US96056107,0,0,NO,,0,0,0,0,NO,Starting balance is 0 or negative
US96056108,162,162,NO,,0,162,162,324,YES,
US96056109,438,438,NO,,0,438,438,876,YES,
US96056110,0,0,NO,,0,0,0,0,NO,Starting balance is 0 or negative
US96056111,0,32,NO,,0,0,0,32,NO,Starting balance is 0 or negative
US96056112,0,0,NO,,0,0,0,0,NO,Starting balance is 0 or negative
US96056113,147,147,NO,,0,147,147,294,YES,
US96056114,0,0,NO,,0,0,0,0,NO,Starting balance is 0 or negative
US96056115,18,18,NO,,0,18,18,36,YES,
US96056116,15,15,NO,,0,15,15,30,YES,
US96056117,433,433,NO,,0,433,433,866,YES,
US96056118,22,22,NO,,0,22,22,44,YES,
US96056119,0,113,NO,,0,0,0,113,NO,Starting balance is 0 or negative
US96056120,0,0,NO,,0,0,0,0,NO,Starting balance is 0 or negative
US96056121,21,21,NO,,0,21,21,42,YES,
US96056122,0,32,NO,,0,0,0,32,NO,Starting balance is 0 or negative
US96056123,0,10,NO,,0,0,0,10,NO,Starting balance is 0 or negative
US96056124,10,10,NO,,0,10,10,20,YES,
US96056125,34,34,NO,,0,34,34,68,YES,
US96056126,327,327,NO,,0,327,327,654,YES,
US96056127,0,33,NO,,0,0,0,33,NO,Starting balance is 0 or negative
US96056128,41,41,NO,,0,41,41,82,YES,
US96056129,62,62,NO,,0,62,62,124,YES,
US96056130,0,0,NO,,0,0,0,0,NO,Starting balance is 0 or negative
US96056131,26,26,NO,,0,26,26,52,YES,
US96056132,10,10,NO,,0,10,10,20,YES,
US96056133,0,0,NO,,0,0,0,0,NO,Starting balance is 0 or negative
US96056134,173,173,NO,,0,173,173,346,YES,
US96056135,11,11,NO,,0,11,11,22,YES,
US96056136,37,37,NO,,0,37,37,74,YES,
US96056137,2,2,NO,,0,2,2,4,YES,
US96056138,0,0,NO,,0,0,0,0,NO,Starting balance is 0 or negative
US96056139,77,77,NO,,0,77,77,154,YES,
US96056140,0,19,NO,,0,0,0,19,NO,Starting balance is 0 or negative
US96056141,0,11,NO,,0,0,0,11,NO,Starting balance is 0 or negative
US96056142,60,60,NO,,0,60,60,120,YES,
US96056143,22,22,NO,,0,22,22,44,YES,
US96056144,0,20,NO,,0,0,0,20,NO,Starting balance is 0 or negative
US96056145,648,648,NO,,0,648,648,1296,YES,
US96056146,0,24,NO,,0,0,0,24,NO,Starting balance is 0 or negative
US96056147,0,14,NO,,0,0,0,14,NO,Starting balance is 0 or negative
US96056148,10,10,NO,,0,10,10,20,YES,
US96056149,234,234,NO,,0,234,234,468,YES,
US96056151,2,2,NO,,0,2,2,4,YES,
US96056152,12,12,NO,,0,12,12,24,YES,
US96056153,0,0,NO,,0,0,0,0,NO,Starting balance is 0 or negative
US96056154,0,14,NO,,0,0,0,14,NO,Starting balance is 0 or negative
US96056155,11,11,NO,,0,11,11,22,YES,
US96056156,257,257,NO,,0,257,257,514,YES,
US96056157,99,99,NO,,0,99,99,198,YES,
US96056158,0,0,NO,,0,0,0,0,NO,Starting balance is 0 or negative
US96056159,43,43,NO,,0,43,43,86,YES,
US96056160,111,111,NO,,0,111,111,222,YES,
US96056161,0,13,NO,,0,0,0,13,NO,Starting balance is 0 or negative
US96056162,0,10,NO,,0,0,0,10,NO,Starting balance is 0 or negative
US96056163,1,1,NO,,0,1,1,2,YES,
US96056164,36,36,NO,,0,36,36,72,YES,
US96056165,0,80,NO,,0,0,0,80,NO,Starting balance is 0 or negative
US96056166,42,42,NO,,0,42,42,84,YES,
US96056167,0,0,NO,,0,0,0,0,NO,Starting balance is 0 or negative
US96056168,33,33,NO,,0,33,33,66,YES,
US96056169,5,5,NO,,0,5,5,10,YES,
US96056170,0,16,NO,,0,0,0,16,NO,Starting balance is 0 or negative
US96056171,111,111,NO,,0,111,111,222,YES,
US96056172,0,0,NO,,0,0,0,0,NO,Starting balance is 0 or negative
US96056173,1021,1021,NO,,0,1021,1021,2042,YES,
US96056174,32,32,NO,,0,32,32,64,YES,
US96056175,12,12,NO,,0,12,12,24,YES,
US96056176,0,0,NO,,0,0,0,0,NO,Starting balance is 0 or negative
US96056177,480,480,NO,,0,480,480,960,YES,
US96056178,334,334,NO,,0,334,334,668,YES,
US96056179,0,0,NO,,0,0,0,0,NO,Starting balance is 0 or negative
US96056180,2456,2456,NO,,0,2456,2456,4912,YES,
US96056181,2476,2476,NO,,0,2476,2476,4952,YES,
US96056182,2738,2738,NO,,0,2738,2738,5476,YES,
US96056183,0,0,NO,,0,0,0,0,NO,Starting balance is 0 or negative
US96056184,438,438,NO,,0,438,438,876,YES,
US96056185,0,250,NO,,0,0,0,250,NO,Starting balance is 0 or negative
US96056186,0,13,NO,,0,0,0,13,NO,Starting balance is 0 or negative
US96056187,0,10,NO,,0,0,0,10,NO,Starting balance is 0 or negative
US96056188,0,95,NO,,0,0,0,95,NO,Starting balance is 0 or negative
US96056189,0,70,NO,,0,0,0,70,NO,Starting balance is 0 or negative
US96056190,149,149,NO,,0,149,149,298,YES,
US96056191,0,32,NO,,0,0,0,32,NO,Starting balance is 0 or negative
US96056192,19,19,NO,,0,19,19,38,YES,
US96056193,0,0,NO,,0,0,0,0,NO,Starting balance is 0 or negative
US96056194,14,14,NO,,0,14,14,28,YES,
US96056195,0,13,NO,,0,0,0,13,NO,Starting balance is 0 or negative
US96056196,159,159,NO,,0,159,159,318,YES,
US96056197,0,12,NO,,0,0,0,12,NO,Starting balance is 0 or negative
US96056198,11,11,NO,,0,11,11,22,YES,
US96056199,21,21,NO,,0,21,21,42,YES,
US96056200,0,35,NO,,0,0,0,35,NO,Starting balance is 0 or negative
US96056201,0,0,NO,,0,0,0,0,NO,Starting balance is 0 or negative
US96056202,12,12,NO,,0,12,12,24,YES,
US96056203,0,14,NO,,0,0,0,14,NO,Starting balance is 0 or negative
US96056204,0,14,NO,,0,0,0,14,NO,Starting balance is 0 or negative
US96056205,27,27,NO,,0,27,27,54,YES,
US96056206,0,62,NO,,0,0,0,62,NO,Starting balance is 0 or negative
US96056207,27,27,NO,,0,27,27,54,YES,
US96056208,0,23,NO,,0,0,0,23,NO,Starting balance is 0 or negative
US96056209,0,0,NO,,0,0,0,0,NO,Starting balance is 0 or negative
US96056210,1,1,NO,,0,1,1,2,YES,
US96056211,0,0,NO,,0,0,0,0,NO,Starting balance is 0 or negative
US96056212,0,,NO,,,,0,,NO,Missing SR customer record
US96056213,91,91,NO,,0,91,91,182,YES,
US96056214,137,137,NO,,0,137,137,274,YES,
US96056215,400,400,NO,,0,400,400,800,YES,
US96056216,0,0,NO,,0,0,0,0,NO,Starting balance is 0 or negative
US96056217,0,90,NO,,0,0,0,90,NO,Starting balance is 0 or negative
US96056218,3093,3093,NO,,0,3093,3093,6186,YES,
US96056219,164,164,NO,,0,164,164,328,YES,
US96056220,43,43,NO,,0,43,43,86,YES,
US96056221,94,94,NO,,0,94,94,188,YES,
US96056222,122,122,NO,,0,122,122,244,YES,
US96056223,70,70,NO,,0,70,70,140,YES,
US96056224,0,0,NO,,0,0,0,0,NO,Starting balance is 0 or negative
US96056225,3,3,NO,,0,3,3,6,YES,
US96056226,2186,2186,NO,,0,2186,2186,4372,YES,
US96056227,10,10,NO,,0,10,10,20,YES,
US96056228,138,138,NO,,0,138,138,276,YES,
US96056229,0,32,NO,,0,0,0,32,NO,Starting balance is 0 or negative
US96056230,0,26,NO,,0,0,0,26,NO,Starting balance is 0 or negative
US96056231,10,10,NO,,0,10,10,20,YES,
US96056232,9,9,NO,,0,9,9,18,YES,
US96056233,9,9,NO,,0,9,9,18,YES,
US96056234,3,3,NO,,0,3,3,6,YES,
US96056235,11,11,NO,,0,11,11,22,YES,
US96056236,241,241,NO,,0,241,241,482,YES,
US96056238,306,306,NO,,0,306,306,612,YES,
US96056239,0,0,NO,,0,0,0,0,NO,Starting balance is 0 or negative
US96056240,0,0,NO,,0,0,0,0,NO,Starting balance is 0 or negative
US96056241,14,14,NO,,0,14,14,28,YES,
US96056242,0,10,NO,,0,0,0,10,NO,Starting balance is 0 or negative
US96056243,717,717,NO,,0,717,717,1434,YES,
US96056244,0,0,NO,,0,0,0,0,NO,Starting balance is 0 or negative
US96056245,162,162,NO,,0,162,162,324,YES,
US96056246,0,0,NO,,0,0,0,0,NO,Starting balance is 0 or negative
US96056247,26,26,NO,,0,26,26,52,YES,
US96056248,10,10,NO,,0,10,10,20,YES,
US96056249,221,221,NO,,0,221,221,442,YES,
US96056250,0,0,NO,,0,0,0,0,NO,Starting balance is 0 or negative
US96056251,0,0,NO,,0,0,0,0,NO,Starting balance is 0 or negative
US96056252,681,681,NO,,0,681,681,1362,YES,
US96056253,138,138,NO,,0,138,138,276,YES,
US96056254,24,24,NO,,0,24,24,48,YES,
US96056255,14,14,NO,,0,14,14,28,YES,
US96056256,0,15,NO,,0,0,0,15,NO,Starting balance is 0 or negative
US96056257,0,10,NO,,0,0,0,10,NO,Starting balance is 0 or negative
US96056258,0,0,NO,,0,0,0,0,NO,Starting balance is 0 or negative
US96056259,29,29,NO,,0,29,29,58,YES,
US96056260,0,12,NO,,0,0,0,12,NO,Starting balance is 0 or negative
US96056261,10,10,NO,,0,10,10,20,YES,
US96056262,848,848,NO,,0,848,848,1696,YES,
US96056263,0,19,NO,,0,0,0,19,NO,Starting balance is 0 or negative
US96056264,0,0,NO,,0,0,0,0,NO,Starting balance is 0 or negative
US96056265,0,0,NO,,0,0,0,0,NO,Starting balance is 0 or negative
US96056266,186,186,NO,,0,186,186,372,YES,
US96056267,90,90,NO,,0,90,90,180,YES,
US96056268,46,46,NO,,0,46,46,92,YES,
US96056269,0,68,NO,,0,0,0,68,NO,Starting balance is 0 or negative
US96056270,288,288,NO,,0,288,288,576,YES,
US96056271,9,9,NO,,0,9,9,18,YES,
US96056272,0,14,NO,,0,0,0,14,NO,Starting balance is 0 or negative
US96056273,14,14,NO,,0,14,14,28,YES,
US96056274,425,425,NO,,0,425,425,850,YES,
US96056275,164,164,NO,,0,164,164,328,YES,
US96056276,12,12,NO,,0,12,12,24,YES,
US96056277,0,12,NO,,0,0,0,12,NO,Starting balance is 0 or negative
US96056278,12,12,NO,,0,12,12,24,YES,
US96056279,0,0,NO,,0,0,0,0,NO,Starting balance is 0 or negative
US96056280,0,0,NO,,0,0,0,0,NO,Starting balance is 0 or negative
US96056281,0,30,NO,,0,0,0,30,NO,Starting balance is 0 or negative
US96056282,0,15,NO,,0,0,0,15,NO,Starting balance is 0 or negative
US96056283,20,20,NO,,0,20,20,40,YES,
US96056284,167,167,NO,,0,167,167,334,YES,
US96056285,35,35,NO,,0,35,35,70,YES,
US96056286,504,504,NO,,0,504,504,1008,YES,
US96056287,0,32,NO,,0,0,0,32,NO,Starting balance is 0 or negative
US96056288,0,33,NO,,0,0,0,33,NO,Starting balance is 0 or negative
US96056290,24,24,NO,,0,24,24,48,YES,
US96056291,0,79,NO,,0,0,0,79,NO,Starting balance is 0 or negative
US96056292,197,197,NO,,0,197,197,394,YES,
US96056293,127,127,NO,,0,127,127,254,YES,
US96056294,0,12,NO,,0,0,0,12,NO,Starting balance is 0 or negative
US96056295,11,11,NO,,0,11,11,22,YES,
US96056296,0,86,NO,,0,0,0,86,NO,Starting balance is 0 or negative
US96056297,0,14,NO,,0,0,0,14,NO,Starting balance is 0 or negative
US96056298,0,238,NO,,0,0,0,238,NO,Starting balance is 0 or negative
US96056299,0,61,NO,,0,0,0,61,NO,Starting balance is 0 or negative
US96056300,0,85,NO,,0,0,0,85,NO,Starting balance is 0 or negative
US96056301,0,16,NO,,0,0,0,16,NO,Starting balance is 0 or negative
US96056302,0,12,NO,,0,0,0,12,NO,Starting balance is 0 or negative
US96056303,19,19,NO,,0,19,19,38,YES,
US96056304,130,130,NO,,0,130,130,260,YES,
US96056305,0,21,NO,,0,0,0,21,NO,Starting balance is 0 or negative
US96056306,0,252,NO,,0,0,0,252,NO,Starting balance is 0 or negative
US96056307,0,51,NO,,0,0,0,51,NO,Starting balance is 0 or negative
US96056308,141,141,NO,,0,141,141,282,YES,
US96056309,0,23,NO,,0,0,0,23,NO,Starting balance is 0 or negative
US96056310,34,34,NO,,0,34,34,68,YES,
US96056311,0,11,NO,,0,0,0,11,NO,Starting balance is 0 or negative
US96056312,0,222,NO,,0,0,0,222,NO,Starting balance is 0 or negative
US96056313,23,23,NO,,0,23,23,46,YES,
US96056314,10,10,NO,,0,10,10,20,YES,
US96056315,104,104,NO,,0,104,104,208,YES,
US96056316,0,10,NO,,0,0,0,10,NO,Starting balance is 0 or negative
US96056317,25,25,NO,,0,25,25,50,YES,
US96056318,10,10,NO,,0,10,10,20,YES,
US96056319,0,84,NO,,0,0,0,84,NO,Starting balance is 0 or negative
US96056320,0,35,NO,,0,0,0,35,NO,Starting balance is 0 or negative
US96056321,47,47,NO,,0,47,47,94,YES,
US96056322,12,12,NO,,0,12,12,24,YES,
US96056323,0,10,NO,,0,0,0,10,NO,Starting balance is 0 or negative
US96056324,0,286,NO,,0,0,0,286,NO,Starting balance is 0 or negative
US96056325,91,91,NO,,0,91,91,182,YES,
US96056326,0,3,NO,,0,0,0,3,NO,Starting balance is 0 or negative
US96056327,0,0,NO,,0,0,0,0,NO,Starting balance is 0 or negative
US96056328,159,159,NO,,0,159,159,318,YES,
US96056329,259,259,NO,,0,259,259,518,YES,
US96056330,0,0,NO,,0,0,0,0,NO,Starting balance is 0 or negative
US96056331,-39,-39,NO,,0,-39,0,-39,NO,Starting balance is 0 or negative
US96056332,15,15,NO,,0,15,15,30,YES,
US96056333,92,92,NO,,0,92,92,184,YES,
US96056334,0,0,NO,,0,0,0,0,NO,Starting balance is 0 or negative
US96056335,17,17,NO,,0,17,17,34,YES,
US96056336,193,193,NO,,0,193,193,386,YES,
US96056337,80,80,NO,,0,80,80,160,YES,
US96056338,51,51,NO,,0,51,51,102,YES,
US96056339,0,11,NO,,0,0,0,11,NO,Starting balance is 0 or negative
US96056340,0,11,NO,,0,0,0,11,NO,Starting balance is 0 or negative
US96056341,1,1,NO,,0,1,1,2,YES,
US96056342,0,0,NO,,0,0,0,0,NO,Starting balance is 0 or negative
US96056343,0,0,NO,,0,0,0,0,NO,Starting balance is 0 or negative
US96056344,12,12,NO,,0,12,12,24,YES,
US96056345,315,315,NO,,0,315,315,630,YES,
US96056346,0,60,NO,,0,0,0,60,NO,Starting balance is 0 or negative
US96056347,232,232,NO,,0,232,232,464,YES,
US96056348,439,439,NO,,0,439,439,878,YES,
US96056349,0,775,NO,,0,0,0,775,NO,Starting balance is 0 or negative
US96056351,15,15,NO,,0,15,15,30,YES,
US96056352,1482,1482,NO,,0,1482,1482,2964,YES,
US96056353,0,0,NO,,0,0,0,0,NO,Starting balance is 0 or negative
US96056354,58,58,NO,,0,58,58,116,YES,
US96056355,0,13,NO,,0,0,0,13,NO,Starting balance is 0 or negative
US96056356,77,77,NO,,0,77,77,154,YES,
US96056357,1907,1907,NO,,0,1907,1907,3814,YES,
US96056358,0,0,NO,,0,0,0,0,NO,Starting balance is 0 or negative
US96056359,9,9,NO,,0,9,9,18,YES,
US96056360,51,51,NO,,0,51,51,102,YES,
US96056361,260,260,NO,,0,260,260,520,YES,
US96056362,22,22,NO,,0,22,22,44,YES,
US96056363,0,0,NO,,0,0,0,0,NO,Starting balance is 0 or negative
US96056364,51,51,NO,,0,51,51,102,YES,
US96056365,0,0,NO,,0,0,0,0,NO,Starting balance is 0 or negative
US96056366,18,18,NO,,0,18,18,36,YES,
US96056367,72,72,NO,,0,72,72,144,YES,
US96056368,0,11,NO,,0,0,0,11,NO,Starting balance is 0 or negative
US96056369,0,0,NO,,0,0,0,0,NO,Starting balance is 0 or negative
US96056370,199,199,NO,,0,199,199,398,YES,
US96056371,187,187,NO,,0,187,187,374,YES,
US96056372,669,669,NO,,0,669,669,1338,YES,
US96056373,0,13,NO,,0,0,0,13,NO,Starting balance is 0 or negative
US96056374,0,0,NO,,0,0,0,0,NO,Starting balance is 0 or negative
US96056375,0,0,NO,,0,0,0,0,NO,Starting balance is 0 or negative
US96056376,51,51,NO,,0,51,51,102,YES,
US96056377,12,12,NO,,0,12,12,24,YES,
US96056378,0,0,NO,,0,0,0,0,NO,Starting balance is 0 or negative
US96056379,0,84,NO,,0,0,0,84,NO,Starting balance is 0 or negative
US96056380,0,86,NO,,0,0,0,86,NO,Starting balance is 0 or negative
US96056381,15,15,NO,,0,15,15,30,YES,
US96056382,0,64,NO,,0,0,0,64,NO,Starting balance is 0 or negative
US96056383,0,0,NO,,0,0,0,0,NO,Starting balance is 0 or negative
US96056384,45,45,NO,,0,45,45,90,YES,
US96056385,363,363,NO,,0,363,363,726,YES,
US96056386,3,3,NO,,0,3,3,6,YES,
US96056387,0,43,NO,,0,0,0,43,NO,Starting balance is 0 or negative
US96056388,172,172,NO,,0,172,172,344,YES,
US96056389,8,8,NO,,0,8,8,16,YES,
US96056390,642,642,NO,,0,642,642,1284,YES,
US96056391,0,0,NO,,0,0,0,0,NO,Starting balance is 0 or negative
US96056392,0,177,NO,,0,0,0,177,NO,Starting balance is 0 or negative
US96056393,0,0,NO,,0,0,0,0,NO,Starting balance is 0 or negative
US96056394,44,44,NO,,0,44,44,88,YES,
US96056396,0,11,NO,,0,0,0,11,NO,Starting balance is 0 or negative
US96056397,0,0,NO,,0,0,0,0,NO,Starting balance is 0 or negative
US96056398,71,71,NO,,0,71,71,142,YES,
US96056399,11,11,NO,,0,11,11,22,YES,
US96056400,12,12,NO,,0,12,12,24,YES,
US96056401,0,0,NO,,0,0,0,0,NO,Starting balance is 0 or negative
US96056402,25,25,NO,,0,25,25,50,YES,
US96056403,430,430,NO,,0,430,430,860,YES,
US96056404,0,0,NO,,0,0,0,0,NO,Starting balance is 0 or negative
US96056405,0,0,NO,,0,0,0,0,NO,Starting balance is 0 or negative
US96056406,0,18,NO,,0,0,0,18,NO,Starting balance is 0 or negative
US96056407,70,70,NO,,0,70,70,140,YES,
US96056408,1148,1148,NO,,0,1148,1148,2296,YES,
US96056409,0,0,NO,,0,0,0,0,NO,Starting balance is 0 or negative
US96056410,0,0,NO,,0,0,0,0,NO,Starting balance is 0 or negative
US96056411,104,104,NO,,0,104,104,208,YES,
US96056412,21,21,NO,,0,21,21,42,YES,
US96056413,74,74,NO,,0,74,74,148,YES,
US96056414,0,26,NO,,0,0,0,26,NO,Starting balance is 0 or negative
US96056415,40,40,NO,,0,40,40,80,YES,
US96056416,105,105,NO,,0,105,105,210,YES,
US96056417,0,106,NO,,0,0,0,106,NO,Starting balance is 0 or negative
US96056418,13,13,NO,,0,13,13,26,YES,
US96056419,0,0,NO,,0,0,0,0,NO,Starting balance is 0 or negative
US96056420,36,36,NO,,0,36,36,72,YES,
US96056421,0,0,NO,,0,0,0,0,NO,Starting balance is 0 or negative
US96056422,0,0,NO,,0,0,0,0,NO,Starting balance is 0 or negative
US96056423,1922,1922,NO,,0,1922,1922,3844,YES,
US96056424,382,382,NO,,0,382,382,764,YES,
US96056425,0,10,NO,,0,0,0,10,NO,Starting balance is 0 or negative
US96056426,87,87,YES,2026-03,87,0,0,87,NO,First ledger beginning is not 0
US96056427,2,2,NO,,0,2,2,4,YES,
US96056428,0,0,NO,,0,0,0,0,NO,Starting balance is 0 or negative
US96056429,50,50,NO,,0,50,50,100,YES,
US96056430,0,9,NO,,0,0,0,9,NO,Starting balance is 0 or negative
US96056431,10,10,NO,,0,10,10,20,YES,
US96056432,0,0,NO,,0,0,0,0,NO,Starting balance is 0 or negative
US96056433,0,0,NO,,0,0,0,0,NO,Starting balance is 0 or negative
US96056434,29,29,NO,,0,29,29,58,YES,
US96056435,0,71,NO,,0,0,0,71,NO,Starting balance is 0 or negative
US96056436,182,182,NO,,0,182,182,364,YES,
US96056437,25,25,NO,,0,25,25,50,YES,
US96056438,4979,4979,NO,,0,4979,4979,9958,YES,
US96056439,635,635,NO,,0,635,635,1270,YES,
US96056440,0,17,NO,,0,0,0,17,NO,Starting balance is 0 or negative
US96056441,0,0,NO,,0,0,0,0,NO,Starting balance is 0 or negative
US96056442,0,0,NO,,0,0,0,0,NO,Starting balance is 0 or negative
US96056443,12,12,NO,,0,12,12,24,YES,
US96056444,10,10,NO,,0,10,10,20,YES,
US96056445,180,180,NO,,0,180,180,360,YES,
US96056446,0,16,NO,,0,0,0,16,NO,Starting balance is 0 or negative
US96056447,0,78,NO,,0,0,0,78,NO,Starting balance is 0 or negative
US96056448,0,0,NO,,0,0,0,0,NO,Starting balance is 0 or negative
US96056449,11,11,NO,,0,11,11,22,YES,
US96056450,0,0,NO,,0,0,0,0,NO,Starting balance is 0 or negative
US96056451,1472,1472,NO,,0,1472,1472,2944,YES,
US96056452,79,79,NO,,0,79,79,158,YES,
US96056453,282,282,NO,,0,282,282,564,YES,
US96056454,16,16,NO,,0,16,16,32,YES,
US96056455,100,100,NO,,0,100,100,200,YES,
US96056456,65,65,NO,,0,65,65,130,YES,
US96056457,11,11,NO,,0,11,11,22,YES,
US96056458,23,23,NO,,0,23,23,46,YES,
US96056459,816,816,NO,,0,816,816,1632,YES,
US96056460,0,0,NO,,0,0,0,0,NO,Starting balance is 0 or negative
US96056461,4,4,NO,,0,4,4,8,YES,
US96056462,0,17,NO,,0,0,0,17,NO,Starting balance is 0 or negative
US96056463,113,113,NO,,0,113,113,226,YES,
US96056464,0,0,NO,,0,0,0,0,NO,Starting balance is 0 or negative
US96056465,112,112,NO,,0,112,112,224,YES,
US96056466,35,35,NO,,0,35,35,70,YES,
US96056467,15,15,NO,,0,15,15,30,YES,
US96056468,0,10,NO,,0,0,0,10,NO,Starting balance is 0 or negative
US96056469,0,0,NO,,0,0,0,0,NO,Starting balance is 0 or negative
US96056470,12,12,NO,,0,12,12,24,YES,
US96056471,787,787,NO,,0,787,787,1574,YES,
US96056472,2033,2033,NO,,0,2033,2033,4066,YES,
US96056473,1871,1871,NO,,0,1871,1871,3742,YES,
US96056474,2666,2666,NO,,0,2666,2666,5332,YES,
US96056475,311,311,NO,,0,311,311,622,YES,
US96056476,0,68,NO,,0,0,0,68,NO,Starting balance is 0 or negative
US96056477,12,12,NO,,0,12,12,24,YES,
US96056478,0,35,NO,,0,0,0,35,NO,Starting balance is 0 or negative
US96056479,0,20,NO,,0,0,0,20,NO,Starting balance is 0 or negative
US96056480,384,384,NO,,0,384,384,768,YES,
US96056481,0,0,NO,,0,0,0,0,NO,Starting balance is 0 or negative
US96056482,0,37,NO,,0,0,0,37,NO,Starting balance is 0 or negative
US96056483,122,122,NO,,0,122,122,244,YES,
US96056484,0,30,NO,,0,0,0,30,NO,Starting balance is 0 or negative
US96056485,0,187,NO,,0,0,0,187,NO,Starting balance is 0 or negative
US96056486,79,79,NO,,0,79,79,158,YES,
US96056487,43,43,NO,,0,43,43,86,YES,
US96056488,18,18,NO,,0,18,18,36,YES,
US96056489,0,48,NO,,0,0,0,48,NO,Starting balance is 0 or negative
US96056490,99,99,NO,,0,99,99,198,YES,
US96056491,0,13,NO,,0,0,0,13,NO,Starting balance is 0 or negative
US96056492,0,14,NO,,0,0,0,14,NO,Starting balance is 0 or negative
US96056493,0,14,NO,,0,0,0,14,NO,Starting balance is 0 or negative
US96056494,12,12,NO,,0,12,12,24,YES,
US96056495,0,132,NO,,0,0,0,132,NO,Starting balance is 0 or negative
US96056496,12,12,NO,,0,12,12,24,YES,
US96056497,0,0,NO,,0,0,0,0,NO,Starting balance is 0 or negative
US96056498,0,13,NO,,0,0,0,13,NO,Starting balance is 0 or negative
US96056499,0,109,NO,,0,0,0,109,NO,Starting balance is 0 or negative
US96056500,0,26,NO,,0,0,0,26,NO,Starting balance is 0 or negative
US96056501,0,10,NO,,0,0,0,10,NO,Starting balance is 0 or negative
US96056502,0,0,NO,,0,0,0,0,NO,Starting balance is 0 or negative
US96056503,4,4,NO,,0,4,4,8,YES,
US96056504,0,0,NO,,0,0,0,0,NO,Starting balance is 0 or negative
US96056505,0,75,NO,,0,0,0,75,NO,Starting balance is 0 or negative
US96056506,0,12,NO,,0,0,0,12,NO,Starting balance is 0 or negative
US96056507,0,98,NO,,0,0,0,98,NO,Starting balance is 0 or negative
US96056508,0,16,NO,,0,0,0,16,NO,Starting balance is 0 or negative
US96056509,96,96,NO,,0,96,96,192,YES,
US96056510,4,4,NO,,0,4,4,8,YES,
US96056511,0,131,NO,,0,0,0,131,NO,Starting balance is 0 or negative
US96056512,0,0,NO,,0,0,0,0,NO,Starting balance is 0 or negative
US96056513,0,24,NO,,0,0,0,24,NO,Starting balance is 0 or negative
US96056514,0,99,NO,,0,0,0,99,NO,Starting balance is 0 or negative
US96056515,0,11,NO,,0,0,0,11,NO,Starting balance is 0 or negative
US96056516,0,64,NO,,0,0,0,64,NO,Starting balance is 0 or negative
US96056517,97,97,NO,,0,97,97,194,YES,
US96056518,0,29,NO,,0,0,0,29,NO,Starting balance is 0 or negative
US96056519,0,10,NO,,0,0,0,10,NO,Starting balance is 0 or negative
US96056520,0,11,NO,,0,0,0,11,NO,Starting balance is 0 or negative
US96056521,0,0,NO,,0,0,0,0,NO,Starting balance is 0 or negative
US96056522,0,43,NO,,0,0,0,43,NO,Starting balance is 0 or negative
US96056523,22,22,NO,,0,22,22,44,YES,
US96056524,0,24,NO,,0,0,0,24,NO,Starting balance is 0 or negative
US96056525,0,60,NO,,0,0,0,60,NO,Starting balance is 0 or negative
US96056526,75,75,NO,,0,75,75,150,YES,
US96056527,0,137,NO,,0,0,0,137,NO,Starting balance is 0 or negative
US96056528,0,439,NO,,0,0,0,439,NO,Starting balance is 0 or negative
US96056529,344,344,NO,,0,344,344,688,YES,
US96056530,0,60,NO,,0,0,0,60,NO,Starting balance is 0 or negative
US96056531,38,38,NO,,0,38,38,76,YES,
US96056532,36,36,NO,,0,36,36,72,YES,
US96056533,13,13,NO,,0,13,13,26,YES,
US96056534,209,209,NO,,0,209,209,418,YES,
US96056535,19,19,NO,,0,19,19,38,YES,
US96056536,135,135,NO,,0,135,135,270,YES,
US96056537,0,0,NO,,0,0,0,0,NO,Starting balance is 0 or negative
US96056538,21,21,NO,,0,21,21,42,YES,
US96056539,26,26,NO,,0,26,26,52,YES,
US96056540,133,133,NO,,0,133,133,266,YES,
US96056541,78,78,NO,,0,78,78,156,YES,
US96056542,0,34,NO,,0,0,0,34,NO,Starting balance is 0 or negative
US96056543,7,7,NO,,0,7,7,14,YES,
US96056544,163,163,NO,,0,163,163,326,YES,
US96056545,0,11,NO,,0,0,0,11,NO,Starting balance is 0 or negative
US96056546,0,108,NO,,0,0,0,108,NO,Starting balance is 0 or negative
US96056547,12,12,NO,,0,12,12,24,YES,
US96056548,0,74,NO,,0,0,0,74,NO,Starting balance is 0 or negative
US96056549,10,10,NO,,0,10,10,20,YES,
US96056550,14,14,NO,,0,14,14,28,YES,
US96056551,32,32,NO,,0,32,32,64,YES,
US96056552,12,12,NO,,0,12,12,24,YES,
US96056553,0,12,NO,,0,0,0,12,NO,Starting balance is 0 or negative
US96056554,0,0,NO,,0,0,0,0,NO,Starting balance is 0 or negative
US96056555,0,0,NO,,0,0,0,0,NO,Starting balance is 0 or negative
US96056556,0,0,NO,,0,0,0,0,NO,Starting balance is 0 or negative
US96056557,0,19,NO,,0,0,0,19,NO,Starting balance is 0 or negative
US96056558,60,60,NO,,0,60,60,120,YES,
US96056559,0,0,NO,,0,0,0,0,NO,Starting balance is 0 or negative
US96056560,0,0,NO,,0,0,0,0,NO,Starting balance is 0 or negative
US96056561,0,66,NO,,0,0,0,66,NO,Starting balance is 0 or negative
US96056562,0,10,NO,,0,0,0,10,NO,Starting balance is 0 or negative
US96056563,0,105,NO,,0,0,0,105,NO,Starting balance is 0 or negative
US96056564,0,33,NO,,0,0,0,33,NO,Starting balance is 0 or negative
US96056565,0,85,NO,,0,0,0,85,NO,Starting balance is 0 or negative
US96056566,19,19,NO,,0,19,19,38,YES,
US96056567,0,22,NO,,0,0,0,22,NO,Starting balance is 0 or negative
US96056568,0,66,NO,,0,0,0,66,NO,Starting balance is 0 or negative
US96056569,26,26,NO,,0,26,26,52,YES,
US96056570,0,11,NO,,0,0,0,11,NO,Starting balance is 0 or negative
US96056571,0,0,NO,,0,0,0,0,NO,Starting balance is 0 or negative
US96056572,0,196,NO,,0,0,0,196,NO,Starting balance is 0 or negative
US96056573,0,0,NO,,0,0,0,0,NO,Starting balance is 0 or negative
US96056574,0,0,NO,,0,0,0,0,NO,Starting balance is 0 or negative
US96056575,230,230,NO,,0,230,230,460,YES,
US96056576,67,67,NO,,0,67,67,134,YES,
US96056577,173,173,NO,,0,173,173,346,YES,
US96056578,0,0,NO,,0,0,0,0,NO,Starting balance is 0 or negative
US96056579,0,367,NO,,0,0,0,367,NO,Starting balance is 0 or negative
US96056580,0,10,NO,,0,0,0,10,NO,Starting balance is 0 or negative
US96056581,60,60,NO,,0,60,60,120,YES,
US96056582,0,0,NO,,0,0,0,0,NO,Starting balance is 0 or negative
US96056583,296,296,NO,,0,296,296,592,YES,
US96056584,0,0,NO,,0,0,0,0,NO,Starting balance is 0 or negative
US96056585,0,0,NO,,0,0,0,0,NO,Starting balance is 0 or negative
US96056586,15,15,NO,,0,15,15,30,YES,
US96056587,333,333,NO,,0,333,333,666,YES,
US96056588,43,43,NO,,0,43,43,86,YES,
US96056589,118,118,NO,,0,118,118,236,YES,
US96056590,0,0,NO,,0,0,0,0,NO,Starting balance is 0 or negative
US96056591,0,137,NO,,0,0,0,137,NO,Starting balance is 0 or negative
US96056592,0,0,NO,,0,0,0,0,NO,Starting balance is 0 or negative
US96056593,0,1074,NO,,0,0,0,1074,NO,Starting balance is 0 or negative
US96056594,23,23,NO,,0,23,23,46,YES,
US96056595,6,6,NO,,0,6,6,12,YES,
US96056596,0,10,NO,,0,0,0,10,NO,Starting balance is 0 or negative
US96056597,138,138,NO,,0,138,138,276,YES,
US96056598,0,0,NO,,0,0,0,0,NO,Starting balance is 0 or negative
US96056599,0,0,NO,,0,0,0,0,NO,Starting balance is 0 or negative
US96056600,0,491,NO,,0,0,0,491,NO,Starting balance is 0 or negative
US96056601,0,0,NO,,0,0,0,0,NO,Starting balance is 0 or negative
US96056602,0,0,NO,,0,0,0,0,NO,Starting balance is 0 or negative
US96056603,49,49,NO,,0,49,49,98,YES,
US96056604,20,20,NO,,0,20,20,40,YES,
US96056605,0,89,NO,,0,0,0,89,NO,Starting balance is 0 or negative
US96056606,32,32,NO,,0,32,32,64,YES,
US96056607,0,25,NO,,0,0,0,25,NO,Starting balance is 0 or negative
US96056608,0,96,NO,,0,0,0,96,NO,Starting balance is 0 or negative
US96056609,0,0,NO,,0,0,0,0,NO,Starting balance is 0 or negative
US96056610,18,18,NO,,0,18,18,36,YES,
US96056611,0,58,NO,,0,0,0,58,NO,Starting balance is 0 or negative
US96056612,0,14,NO,,0,0,0,14,NO,Starting balance is 0 or negative
US96056613,0,0,NO,,0,0,0,0,NO,Starting balance is 0 or negative
US96056614,293,293,NO,,0,293,293,586,YES,
US96056615,488,488,NO,,0,488,488,976,YES,
US96056616,0,15,NO,,0,0,0,15,NO,Starting balance is 0 or negative
US96056617,0,208,NO,,0,0,0,208,NO,Starting balance is 0 or negative
US96056618,0,97,NO,,0,0,0,97,NO,Starting balance is 0 or negative
US96056619,0,38,NO,,0,0,0,38,NO,Starting balance is 0 or negative
US96056620,107,107,NO,,0,107,107,214,YES,
US96056621,1405,1405,NO,,0,1405,1405,2810,YES,
US96056622,411,411,NO,,0,411,411,822,YES,
US96056623,0,0,NO,,0,0,0,0,NO,Starting balance is 0 or negative
US96056624,31,31,NO,,0,31,31,62,YES,
US96056625,375,375,NO,,0,375,375,750,YES,
US96056626,0,0,NO,,0,0,0,0,NO,Starting balance is 0 or negative
US96056627,0,0,NO,,0,0,0,0,NO,Starting balance is 0 or negative
US96056628,214,214,NO,,0,214,214,428,YES,
US96056629,25,25,NO,,0,25,25,50,YES,
US96056630,147,147,NO,,0,147,147,294,YES,
US96056631,0,0,NO,,0,0,0,0,NO,Starting balance is 0 or negative
US96056632,13,13,NO,,0,13,13,26,YES,
US96056633,0,0,NO,,0,0,0,0,NO,Starting balance is 0 or negative
US96056634,0,0,NO,,0,0,0,0,NO,Starting balance is 0 or negative
US96056635,4,4,NO,,0,4,4,8,YES,
US96056636,338,338,NO,,0,338,338,676,YES,
US96056637,0,65,NO,,0,0,0,65,NO,Starting balance is 0 or negative
US96056638,0,10,NO,,0,0,0,10,NO,Starting balance is 0 or negative
US96056639,199,199,NO,,0,199,199,398,YES,
US96056640,13,13,NO,,0,13,13,26,YES,
US96056641,0,0,NO,,0,0,0,0,NO,Starting balance is 0 or negative
US96056642,0,15,NO,,0,0,0,15,NO,Starting balance is 0 or negative
US96056643,0,55,NO,,0,0,0,55,NO,Starting balance is 0 or negative
US96056644,102,102,NO,,0,102,102,204,YES,
US96056645,326,326,NO,,0,326,326,652,YES,
US96056646,328,328,NO,,0,328,328,656,YES,
US96056647,11,11,NO,,0,11,11,22,YES,
US96056648,0,0,NO,,0,0,0,0,NO,Starting balance is 0 or negative
US96056649,0,0,NO,,0,0,0,0,NO,Starting balance is 0 or negative
US96056650,0,0,NO,,0,0,0,0,NO,Starting balance is 0 or negative
US96056651,0,0,NO,,0,0,0,0,NO,Starting balance is 0 or negative
US96056652,0,0,NO,,0,0,0,0,NO,Starting balance is 0 or negative
US96056653,0,0,NO,,0,0,0,0,NO,Starting balance is 0 or negative
US96056654,25,25,NO,,0,25,25,50,YES,
US96056655,402,402,NO,,0,402,402,804,YES,
US96056656,63,63,NO,,0,63,63,126,YES,
US96056657,13,13,NO,,0,13,13,26,YES,
US96056658,0,80,NO,,0,0,0,80,NO,Starting balance is 0 or negative
US96056659,40,40,NO,,0,40,40,80,YES,
US96056660,0,0,NO,,0,0,0,0,NO,Starting balance is 0 or negative
US96056661,63,,NO,,,,0,,NO,Missing SR customer record
US96056662,126,126,NO,,0,126,126,252,YES,
US96056663,0,0,NO,,0,0,0,0,NO,Starting balance is 0 or negative
US96056664,22,22,NO,,0,22,22,44,YES,
US96056665,0,0,NO,,0,0,0,0,NO,Starting balance is 0 or negative
US96056666,0,0,NO,,0,0,0,0,NO,Starting balance is 0 or negative
US96056667,164,164,NO,,0,164,164,328,YES,
US96056668,237,237,NO,,0,237,237,474,YES,
US96056669,907,907,NO,,0,907,907,1814,YES,
US96056670,0,56,NO,,0,0,0,56,NO,Starting balance is 0 or negative
US96056671,0,0,NO,,0,0,0,0,NO,Starting balance is 0 or negative
US96056672,798,798,NO,,0,798,798,1596,YES,
US96056673,4,4,NO,,0,4,4,8,YES,
US96056674,81,81,NO,,0,81,81,162,YES,
US96056675,464,464,NO,,0,464,464,928,YES,
US96056676,0,0,NO,,0,0,0,0,NO,Starting balance is 0 or negative
US96056677,0,0,NO,,0,0,0,0,NO,Starting balance is 0 or negative
US96056678,78,78,NO,,0,78,78,156,YES,
US96056679,0,13,NO,,0,0,0,13,NO,Starting balance is 0 or negative
US96056680,22,22,NO,,0,22,22,44,YES,
US96056681,181,181,NO,,0,181,181,362,YES,
US96056682,0,10,NO,,0,0,0,10,NO,Starting balance is 0 or negative
US96056683,132,132,NO,,0,132,132,264,YES,
US96056684,0,254,NO,,0,0,0,254,NO,Starting balance is 0 or negative
US96056685,53,53,NO,,0,53,53,106,YES,
US96056686,0,358,NO,,0,0,0,358,NO,Starting balance is 0 or negative
US96056687,0,0,NO,,0,0,0,0,NO,Starting balance is 0 or negative
US96056688,0,0,NO,,0,0,0,0,NO,Starting balance is 0 or negative
US96056689,77,,NO,,,,0,,NO,Missing SR customer record
US96056690,27,27,NO,,0,27,27,54,YES,
US96056691,140,140,NO,,0,140,140,280,YES,
US96056692,10,10,NO,,0,10,10,20,YES,
US96056693,0,15,NO,,0,0,0,15,NO,Starting balance is 0 or negative
US96056694,0,17,NO,,0,0,0,17,NO,Starting balance is 0 or negative
US96056695,0,14,NO,,0,0,0,14,NO,Starting balance is 0 or negative
US96056696,3729,3729,NO,,0,3729,3729,7458,YES,
US96056697,0,10,NO,,0,0,0,10,NO,Starting balance is 0 or negative
US96056698,23,23,NO,,0,23,23,46,YES,
US96056699,126,126,NO,,0,126,126,252,YES,
US96056700,0,0,NO,,0,0,0,0,NO,Starting balance is 0 or negative
US96056701,157,157,NO,,0,157,157,314,YES,
US96056702,74,74,NO,,0,74,74,148,YES,
US96056703,18,18,NO,,0,18,18,36,YES,
US96056704,14,14,NO,,0,14,14,28,YES,
US96056705,10,10,NO,,0,10,10,20,YES,
US96056706,1,1,NO,,0,1,1,2,YES,
US96056707,0,0,NO,,0,0,0,0,NO,Starting balance is 0 or negative
US96056708,0,20,NO,,0,0,0,20,NO,Starting balance is 0 or negative
US96056709,15,15,NO,,0,15,15,30,YES,
US96056710,379,379,NO,,0,379,379,758,YES,
US96056711,94,94,NO,,0,94,94,188,YES,
US96056712,0,0,NO,,0,0,0,0,NO,Starting balance is 0 or negative
US96056713,83,83,NO,,0,83,83,166,YES,
US96056714,0,86,NO,,0,0,0,86,NO,Starting balance is 0 or negative
US96056715,12,12,NO,,0,12,12,24,YES,
US96056716,226,226,NO,,0,226,226,452,YES,
US96056717,14,,NO,,,,0,,NO,Missing SR customer record
US96056718,532,532,NO,,0,532,532,1064,YES,
US96056719,17,17,NO,,0,17,17,34,YES,
US96056720,0,785,NO,,0,0,0,785,NO,Starting balance is 0 or negative
US96056721,0,261,NO,,0,0,0,261,NO,Starting balance is 0 or negative
US96056722,0,0,NO,,0,0,0,0,NO,Starting balance is 0 or negative
US96056723,83,83,NO,,0,83,83,166,YES,
US96056724,176,,NO,,,,0,,NO,Missing SR customer record
US96056725,0,31,NO,,0,0,0,31,NO,Starting balance is 0 or negative
US96056726,193,193,NO,,0,193,193,386,YES,
US96056727,45,45,NO,,0,45,45,90,YES,
US96056728,0,9,NO,,0,0,0,9,NO,Starting balance is 0 or negative
US96056729,2,2,NO,,0,2,2,4,YES,
US96056730,908,908,NO,,0,908,908,1816,YES,
US96056731,644,644,NO,,0,644,644,1288,YES,
US96056732,191,191,NO,,0,191,191,382,YES,
US96056733,75,75,NO,,0,75,75,150,YES,
US96056734,356,356,NO,,0,356,356,712,YES,
US96056735,0,417,NO,,0,0,0,417,NO,Starting balance is 0 or negative
US96056736,0,0,NO,,0,0,0,0,NO,Starting balance is 0 or negative
US96056737,24,24,NO,,0,24,24,48,YES,
US96056738,0,72,NO,,0,0,0,72,NO,Starting balance is 0 or negative
US96056739,0,0,NO,,0,0,0,0,NO,Starting balance is 0 or negative
US96056740,0,0,NO,,0,0,0,0,NO,Starting balance is 0 or negative
US96056741,997,997,NO,,0,997,997,1994,YES,
US96056742,761,761,NO,,0,761,761,1522,YES,
US96056743,0,0,NO,,0,0,0,0,NO,Starting balance is 0 or negative
US96056744,65,65,NO,,0,65,65,130,YES,
US96056745,143,143,NO,,0,143,143,286,YES,
US96056746,0,18,NO,,0,0,0,18,NO,Starting balance is 0 or negative
US96056747,0,208,NO,,0,0,0,208,NO,Starting balance is 0 or negative
US96056748,0,0,NO,,0,0,0,0,NO,Starting balance is 0 or negative
US96056749,0,75,NO,,0,0,0,75,NO,Starting balance is 0 or negative
US96056750,0,10,NO,,0,0,0,10,NO,Starting balance is 0 or negative
US96056751,0,27,NO,,0,0,0,27,NO,Starting balance is 0 or negative
US96056752,195,195,NO,,0,195,195,390,YES,
US96056753,169,169,NO,,0,169,169,338,YES,
US96056754,368,368,NO,,0,368,368,736,YES,
US96056755,540,540,NO,,0,540,540,1080,YES,
US96056756,0,0,NO,,0,0,0,0,NO,Starting balance is 0 or negative
US96056757,2,2,NO,,0,2,2,4,YES,
US96056758,0,0,NO,,0,0,0,0,NO,Starting balance is 0 or negative
US96056759,138,138,NO,,0,138,138,276,YES,
US96056760,17,17,NO,,0,17,17,34,YES,
US96056761,0,0,NO,,0,0,0,0,NO,Starting balance is 0 or negative
US96056762,15,15,NO,,0,15,15,30,YES,
US96056763,1,1,NO,,0,1,1,2,YES,
US96056764,59,59,NO,,0,59,59,118,YES,
US96056765,9,9,NO,,0,9,9,18,YES,
US96056766,0,0,NO,,0,0,0,0,NO,Starting balance is 0 or negative
US96056767,72,72,NO,,0,72,72,144,YES,
US96056768,0,0,NO,,0,0,0,0,NO,Starting balance is 0 or negative
US96056769,0,0,NO,,0,0,0,0,NO,Starting balance is 0 or negative
US96056770,1197,1197,NO,,0,1197,1197,2394,YES,
US96056771,0,155,NO,,0,0,0,155,NO,Starting balance is 0 or negative
US96056772,60,60,NO,,0,60,60,120,YES,
US96056773,0,12,NO,,0,0,0,12,NO,Starting balance is 0 or negative
US96056774,0,0,NO,,0,0,0,0,NO,Starting balance is 0 or negative
US96056775,0,129,NO,,0,0,0,129,NO,Starting balance is 0 or negative
US96056776,0,0,NO,,0,0,0,0,NO,Starting balance is 0 or negative
US96056777,0,15,NO,,0,0,0,15,NO,Starting balance is 0 or negative
US96056778,80,80,NO,,0,80,80,160,YES,
US96056779,0,0,NO,,0,0,0,0,NO,Starting balance is 0 or negative
US96056780,54,54,NO,,0,54,54,108,YES,
US96056781,121,,NO,,,,0,,NO,Missing SR customer record
US96056782,80,80,NO,,0,80,80,160,YES,
US96056783,0,,NO,,,,0,,NO,Missing SR customer record
US96056784,0,0,NO,,0,0,0,0,NO,Starting balance is 0 or negative
US96056785,66,66,NO,,0,66,66,132,YES,
US96056786,13,13,NO,,0,13,13,26,YES,
US96056787,0,0,NO,,0,0,0,0,NO,Starting balance is 0 or negative
US96056788,0,0,NO,,0,0,0,0,NO,Starting balance is 0 or negative
US96056789,300,300,YES,2026-03,300,0,0,300,NO,First ledger beginning is not 0
US96056790,94,94,NO,,0,94,94,188,YES,
US96056791,814,814,NO,,0,814,814,1628,YES,
US96056792,72,,NO,,,,0,,NO,Missing SR customer record
US96056793,0,12,NO,,0,0,0,12,NO,Starting balance is 0 or negative
US96056794,0,413,NO,,0,0,0,413,NO,Starting balance is 0 or negative
US96056795,0,0,NO,,0,0,0,0,NO,Starting balance is 0 or negative
US96056796,25,25,NO,,0,25,25,50,YES,
US96056797,33,33,NO,,0,33,33,66,YES,
US96056798,181,181,NO,,0,181,181,362,YES,
US96056799,259,259,NO,,0,259,259,518,YES,
US96056800,502,502,NO,,0,502,502,1004,YES,
US96056801,0,60,NO,,0,0,0,60,NO,Starting balance is 0 or negative
US96056802,0,0,NO,,0,0,0,0,NO,Starting balance is 0 or negative
US96056803,44,44,NO,,0,44,44,88,YES,
US96056804,136,136,NO,,0,136,136,272,YES,
US96056805,0,118,NO,,0,0,0,118,NO,Starting balance is 0 or negative
US96056806,0,12,NO,,0,0,0,12,NO,Starting balance is 0 or negative
US96056807,0,106,NO,,0,0,0,106,NO,Starting balance is 0 or negative
US96056808,0,0,NO,,0,0,0,0,NO,Starting balance is 0 or negative
US96056809,0,39,NO,,0,0,0,39,NO,Starting balance is 0 or negative
US96056810,102,102,NO,,0,102,102,204,YES,
US96056811,552,552,NO,,0,552,552,1104,YES,
US96056812,0,0,NO,,0,0,0,0,NO,Starting balance is 0 or negative
US96056813,20,20,NO,,0,20,20,40,YES,
US96056814,20,20,NO,,0,20,20,40,YES,
US96056815,27,27,NO,,0,27,27,54,YES,
US96056816,68,68,NO,,0,68,68,136,YES,
US96056817,179,179,NO,,0,179,179,358,YES,
US96056818,0,12,NO,,0,0,0,12,NO,Starting balance is 0 or negative
US96056819,0,128,NO,,0,0,0,128,NO,Starting balance is 0 or negative
US96056820,0,64,NO,,0,0,0,64,NO,Starting balance is 0 or negative
US96056821,16,16,NO,,0,16,16,32,YES,
US96056822,0,25,NO,,0,0,0,25,NO,Starting balance is 0 or negative
US96056823,289,289,NO,,0,289,289,578,YES,
US96056824,266,266,NO,,0,266,266,532,YES,
US96056825,0,13,NO,,0,0,0,13,NO,Starting balance is 0 or negative
US96056826,177,177,NO,,0,177,177,354,YES,
US96056827,97,97,NO,,0,97,97,194,YES,
US96056828,0,0,NO,,0,0,0,0,NO,Starting balance is 0 or negative
US96056829,0,48,NO,,0,0,0,48,NO,Starting balance is 0 or negative
US96056830,0,574,NO,,0,0,0,574,NO,Starting balance is 0 or negative
US96056831,0,195,NO,,0,0,0,195,NO,Starting balance is 0 or negative
US96056832,25,25,NO,,0,25,25,50,YES,
US96056833,0,0,NO,,0,0,0,0,NO,Starting balance is 0 or negative
US96056834,0,0,NO,,0,0,0,0,NO,Starting balance is 0 or negative
US96056835,0,0,NO,,0,0,0,0,NO,Starting balance is 0 or negative
US96056836,120,120,NO,,0,120,120,240,YES,
US96056837,0,0,NO,,0,0,0,0,NO,Starting balance is 0 or negative
US96056838,0,14,NO,,0,0,0,14,NO,Starting balance is 0 or negative
US96056839,289,289,NO,,0,289,289,578,YES,
US96056840,0,,NO,,,,0,,NO,Missing SR customer record
US96056841,0,0,NO,,0,0,0,0,NO,Starting balance is 0 or negative
US96056842,0,0,NO,,0,0,0,0,NO,Starting balance is 0 or negative
US96056843,263,263,NO,,0,263,263,526,YES,
US96056844,13,13,NO,,0,13,13,26,YES,
US96056845,10,10,NO,,0,10,10,20,YES,
US96056846,10,10,NO,,0,10,10,20,YES,
US96056847,18,18,NO,,0,18,18,36,YES,
US96056848,0,0,NO,,0,0,0,0,NO,Starting balance is 0 or negative
US96056849,0,0,NO,,0,0,0,0,NO,Starting balance is 0 or negative
US96056850,219,219,NO,,0,219,219,438,YES,
US96056851,80,80,NO,,0,80,80,160,YES,
US96056853,2,2,NO,,0,2,2,4,YES,
US96056854,0,13,NO,,0,0,0,13,NO,Starting balance is 0 or negative
US96056855,30,30,NO,,0,30,30,60,YES,
US96056856,0,0,NO,,0,0,0,0,NO,Starting balance is 0 or negative
US96056857,16,16,NO,,0,16,16,32,YES,
US96056858,0,0,NO,,0,0,0,0,NO,Starting balance is 0 or negative
US96056859,207,207,NO,,0,207,207,414,YES,
US96056860,25,25,NO,,0,25,25,50,YES,
US96056861,15,15,NO,,0,15,15,30,YES,
US96056862,0,0,NO,,0,0,0,0,NO,Starting balance is 0 or negative
US96056863,0,11,NO,,0,0,0,11,NO,Starting balance is 0 or negative
US96056864,0,0,NO,,0,0,0,0,NO,Starting balance is 0 or negative
US96056865,0,20,NO,,0,0,0,20,NO,Starting balance is 0 or negative
US96056866,19,19,NO,,0,19,19,38,YES,
US96056867,0,0,NO,,0,0,0,0,NO,Starting balance is 0 or negative
US96056868,714,714,NO,,0,714,714,1428,YES,
US96056869,0,0,NO,,0,0,0,0,NO,Starting balance is 0 or negative
US96056870,1112,1112,NO,,0,1112,1112,2224,YES,
US96056871,150,150,NO,,0,150,150,300,YES,
US96056872,382,382,NO,,0,382,382,764,YES,
US96056873,0,14,NO,,0,0,0,14,NO,Starting balance is 0 or negative
US96056874,163,163,NO,,0,163,163,326,YES,
US96056875,10,10,NO,,0,10,10,20,YES,
US96056876,323,323,NO,,0,323,323,646,YES,
US96056877,19,19,NO,,0,19,19,38,YES,
US96056878,141,141,NO,,0,141,141,282,YES,
US96056879,1324,1324,NO,,0,1324,1324,2648,YES,
US96056880,122,122,NO,,0,122,122,244,YES,
US96056881,1539,1539,NO,,0,1539,1539,3078,YES,
US96056882,12,12,NO,,0,12,12,24,YES,
US96056883,0,0,NO,,0,0,0,0,NO,Starting balance is 0 or negative
US96056884,0,0,NO,,0,0,0,0,NO,Starting balance is 0 or negative
US96056885,0,2,NO,,0,0,0,2,NO,Starting balance is 0 or negative
US96056886,44,44,NO,,0,44,44,88,YES,
US96056887,1457,1457,NO,,0,1457,1457,2914,YES,
US96056888,99,99,NO,,0,99,99,198,YES,
US96056889,0,17,NO,,0,0,0,17,NO,Starting balance is 0 or negative
US96056890,26,26,NO,,0,26,26,52,YES,
US96056891,11,11,NO,,0,11,11,22,YES,
US96056892,88,88,NO,,0,88,88,176,YES,
US96056893,15,15,NO,,0,15,15,30,YES,
US96056894,10,10,NO,,0,10,10,20,YES,
US96056895,0,32,NO,,0,0,0,32,NO,Starting balance is 0 or negative
US96056896,835,835,NO,,0,835,835,1670,YES,
US96056897,109,109,NO,,0,109,109,218,YES,
US96056898,0,0,NO,,0,0,0,0,NO,Starting balance is 0 or negative
US96056899,21,21,NO,,0,21,21,42,YES,
US96056900,0,11,NO,,0,0,0,11,NO,Starting balance is 0 or negative
US96056901,0,0,NO,,0,0,0,0,NO,Starting balance is 0 or negative
US96056902,0,24,NO,,0,0,0,24,NO,Starting balance is 0 or negative
US96056903,106,106,NO,,0,106,106,212,YES,
US96056904,0,31,NO,,0,0,0,31,NO,Starting balance is 0 or negative
US96056905,64,64,NO,,0,64,64,128,YES,
US96056906,0,238,NO,,0,0,0,238,NO,Starting balance is 0 or negative
US96056907,0,27,NO,,0,0,0,27,NO,Starting balance is 0 or negative
US96056908,0,30,NO,,0,0,0,30,NO,Starting balance is 0 or negative
US96056909,0,0,NO,,0,0,0,0,NO,Starting balance is 0 or negative
US96056910,0,0,NO,,0,0,0,0,NO,Starting balance is 0 or negative
US96056911,0,10,NO,,0,0,0,10,NO,Starting balance is 0 or negative
US96056912,0,28,NO,,0,0,0,28,NO,Starting balance is 0 or negative
US96056913,201,201,NO,,0,201,201,402,YES,
US96056914,267,267,NO,,0,267,267,534,YES,
US96056915,0,109,NO,,0,0,0,109,NO,Starting balance is 0 or negative
US96056916,85,85,NO,,0,85,85,170,YES,
US96056917,0,76,NO,,0,0,0,76,NO,Starting balance is 0 or negative
US96056918,0,0,NO,,0,0,0,0,NO,Starting balance is 0 or negative
US96056919,86,86,NO,,0,86,86,172,YES,
US96056920,226,226,NO,,0,226,226,452,YES,
US96056921,228,228,NO,,0,228,228,456,YES,
US96056922,0,0,NO,,0,0,0,0,NO,Starting balance is 0 or negative
US96056923,12,12,NO,,0,12,12,24,YES,
US96056924,0,0,NO,,0,0,0,0,NO,Starting balance is 0 or negative
US96056925,191,191,NO,,0,191,191,382,YES,
US96056926,0,13,NO,,0,0,0,13,NO,Starting balance is 0 or negative
US96056927,0,12,NO,,0,0,0,12,NO,Starting balance is 0 or negative
US96056928,110,110,NO,,0,110,110,220,YES,
US96056929,11,11,NO,,0,11,11,22,YES,
US96056930,0,0,NO,,0,0,0,0,NO,Starting balance is 0 or negative
US96056931,0,279,NO,,0,0,0,279,NO,Starting balance is 0 or negative
US96056932,0,,NO,,,,0,,NO,Missing SR customer record
US96056933,24,24,NO,,0,24,24,48,YES,
US96056934,19,19,NO,,0,19,19,38,YES,
US96056935,0,15,NO,,0,0,0,15,NO,Starting balance is 0 or negative
US96056936,0,0,NO,,0,0,0,0,NO,Starting balance is 0 or negative
US96056937,21,21,NO,,0,21,21,42,YES,
US96056938,0,0,NO,,0,0,0,0,NO,Starting balance is 0 or negative
US96056939,0,26,NO,,0,0,0,26,NO,Starting balance is 0 or negative
US96056940,0,0,NO,,0,0,0,0,NO,Starting balance is 0 or negative
US96056941,222,222,NO,,0,222,222,444,YES,
US96056942,0,0,NO,,0,0,0,0,NO,Starting balance is 0 or negative
US96056943,0,0,NO,,0,0,0,0,NO,Starting balance is 0 or negative
US96056944,0,80,NO,,0,0,0,80,NO,Starting balance is 0 or negative
US96056945,0,0,NO,,0,0,0,0,NO,Starting balance is 0 or negative
US96056946,0,10,NO,,0,0,0,10,NO,Starting balance is 0 or negative
US96056947,0,0,NO,,0,0,0,0,NO,Starting balance is 0 or negative
US96056948,0,10,NO,,0,0,0,10,NO,Starting balance is 0 or negative
US96056949,336,336,NO,,0,336,336,672,YES,
US96056950,11,11,NO,,0,11,11,22,YES,
US96056951,256,256,NO,,0,256,256,512,YES,
US96056952,352,352,NO,,0,352,352,704,YES,
US96056953,0,0,NO,,0,0,0,0,NO,Starting balance is 0 or negative
US96056954,178,178,NO,,0,178,178,356,YES,
US96056955,528,528,NO,,0,528,528,1056,YES,
US96056956,6,6,NO,,0,6,6,12,YES,
US96056957,0,0,NO,,0,0,0,0,NO,Starting balance is 0 or negative
US96056958,154,154,NO,,0,154,154,308,YES,
US96056959,49,49,NO,,0,49,49,98,YES,
US96056960,340,340,NO,,0,340,340,680,YES,
US96056961,0,13,NO,,0,0,0,13,NO,Starting balance is 0 or negative
US96056962,15,15,NO,,0,15,15,30,YES,
US96056963,0,0,NO,,0,0,0,0,NO,Starting balance is 0 or negative
US96056964,137,137,NO,,0,137,137,274,YES,
US96056965,0,141,NO,,0,0,0,141,NO,Starting balance is 0 or negative
US96056966,101,101,NO,,0,101,101,202,YES,
US96056967,0,11,NO,,0,0,0,11,NO,Starting balance is 0 or negative
US96056968,749,749,NO,,0,749,749,1498,YES,
US96056969,0,0,NO,,0,0,0,0,NO,Starting balance is 0 or negative
US96056970,0,0,NO,,0,0,0,0,NO,Starting balance is 0 or negative
US96056971,98,98,NO,,0,98,98,196,YES,
US96056972,0,11,NO,,0,0,0,11,NO,Starting balance is 0 or negative
US96056973,0,47,NO,,0,0,0,47,NO,Starting balance is 0 or negative
US96056974,92,92,NO,,0,92,92,184,YES,
US96056975,36,36,NO,,0,36,36,72,YES,
US96056976,0,0,NO,,0,0,0,0,NO,Starting balance is 0 or negative
US96056977,29,29,NO,,0,29,29,58,YES,
US96056978,28,28,NO,,0,28,28,56,YES,
US96056979,32,32,NO,,0,32,32,64,YES,
US96056980,0,112,NO,,0,0,0,112,NO,Starting balance is 0 or negative
US96056981,96,96,NO,,0,96,96,192,YES,
US96056982,116,116,YES,2026-03,116,0,0,116,NO,First ledger beginning is not 0
US96056983,0,67,NO,,0,0,0,67,NO,Starting balance is 0 or negative
US96056984,148,148,NO,,0,148,148,296,YES,
US96056985,22,22,NO,,0,22,22,44,YES,
US96056986,144,144,NO,,0,144,144,288,YES,
US96056987,0,11,NO,,0,0,0,11,NO,Starting balance is 0 or negative
US96056988,0,0,NO,,0,0,0,0,NO,Starting balance is 0 or negative
US96056989,67,67,NO,,0,67,67,134,YES,
US96056990,0,10,NO,,0,0,0,10,NO,Starting balance is 0 or negative
US96056991,76,76,NO,,0,76,76,152,YES,
US96056992,14,14,NO,,0,14,14,28,YES,
US96056993,14,14,NO,,0,14,14,28,YES,
US96056994,212,212,NO,,0,212,212,424,YES,
US96056995,13,13,NO,,0,13,13,26,YES,
US96056996,1437,1437,NO,,0,1437,1437,2874,YES,
US96056997,0,0,NO,,0,0,0,0,NO,Starting balance is 0 or negative
US96056998,0,62,NO,,0,0,0,62,NO,Starting balance is 0 or negative
US96056999,0,23,NO,,0,0,0,23,NO,Starting balance is 0 or negative
US96057000,4,4,NO,,0,4,4,8,YES,
US96057001,0,0,NO,,0,0,0,0,NO,Starting balance is 0 or negative
US96057002,572,572,NO,,0,572,572,1144,YES,
US96057003,65,65,YES,2026-03,65,0,0,65,NO,First ledger beginning is not 0
US96057004,10,10,NO,,0,10,10,20,YES,
US96057005,77,77,NO,,0,77,77,154,YES,
US96057006,383,383,NO,,0,383,383,766,YES,
US96057007,0,0,NO,,0,0,0,0,NO,Starting balance is 0 or negative
US96057008,23,23,NO,,0,23,23,46,YES,
US96057009,257,257,NO,,0,257,257,514,YES,
US96057010,86,86,NO,,0,86,86,172,YES,
US96057011,84,84,NO,,0,84,84,168,YES,
US96057012,0,14,NO,,0,0,0,14,NO,Starting balance is 0 or negative
US96057013,0,10,NO,,0,0,0,10,NO,Starting balance is 0 or negative
US96057014,0,435,NO,,0,0,0,435,NO,Starting balance is 0 or negative
US96057015,0,32,NO,,0,0,0,32,NO,Starting balance is 0 or negative
US96057016,0,47,NO,,0,0,0,47,NO,Starting balance is 0 or negative
US96057017,0,94,NO,,0,0,0,94,NO,Starting balance is 0 or negative
US96057018,0,10,NO,,0,0,0,10,NO,Starting balance is 0 or negative
US96057019,592,592,NO,,0,592,592,1184,YES,
US96057020,10,10,NO,,0,10,10,20,YES,
US96057021,0,25,NO,,0,0,0,25,NO,Starting balance is 0 or negative
US96057022,307,307,NO,,0,307,307,614,YES,
US96057023,148,148,NO,,0,148,148,296,YES,
US96057024,0,33,NO,,0,0,0,33,NO,Starting balance is 0 or negative
US96057025,0,0,NO,,0,0,0,0,NO,Starting balance is 0 or negative
US96057026,39,39,NO,,0,39,39,78,YES,
US96057027,0,65,NO,,0,0,0,65,NO,Starting balance is 0 or negative
US96057028,14,14,NO,,0,14,14,28,YES,
US96057029,0,96,NO,,0,0,0,96,NO,Starting balance is 0 or negative
US96057030,206,206,NO,,0,206,206,412,YES,
US96057031,46,46,NO,,0,46,46,92,YES,
US96057032,0,0,NO,,0,0,0,0,NO,Starting balance is 0 or negative
US96057033,70,70,NO,,0,70,70,140,YES,
US96057034,316,316,NO,,0,316,316,632,YES,
US96057035,0,0,NO,,0,0,0,0,NO,Starting balance is 0 or negative
US96057036,0,0,NO,,0,0,0,0,NO,Starting balance is 0 or negative
US96057037,0,183,NO,,0,0,0,183,NO,Starting balance is 0 or negative
US96057038,0,0,NO,,0,0,0,0,NO,Starting balance is 0 or negative
US96057039,0,0,NO,,0,0,0,0,NO,Starting balance is 0 or negative
US96057040,0,0,NO,,0,0,0,0,NO,Starting balance is 0 or negative
US96057041,14,14,NO,,0,14,14,28,YES,
US96057042,3,3,NO,,0,3,3,6,YES,
US96057043,2,2,NO,,0,2,2,4,YES,
US96057044,36,36,NO,,0,36,36,72,YES,
US96057045,134,134,NO,,0,134,134,268,YES,
US96057046,0,518,NO,,0,0,0,518,NO,Starting balance is 0 or negative
US96057047,2253,2253,NO,,0,2253,2253,4506,YES,
US96057048,1,1,YES,2026-03,1,0,0,1,NO,First ledger beginning is not 0
US96057049,147,147,NO,,0,147,147,294,YES,
US96057050,22,22,NO,,0,22,22,44,YES,
US96057051,528,528,NO,,0,528,528,1056,YES,
US96057052,41,41,NO,,0,41,41,82,YES,
US96057053,0,0,NO,,0,0,0,0,NO,Starting balance is 0 or negative
US96057054,0,12,NO,,0,0,0,12,NO,Starting balance is 0 or negative
US96057055,0,179,NO,,0,0,0,179,NO,Starting balance is 0 or negative
US96057056,51,51,NO,,0,51,51,102,YES,
US96057057,13,13,NO,,0,13,13,26,YES,
US96057058,14,14,NO,,0,14,14,28,YES,
US96057059,0,143,NO,,0,0,0,143,NO,Starting balance is 0 or negative
US96057060,18,18,NO,,0,18,18,36,YES,
US96057061,2804,2804,NO,,0,2804,2804,5608,YES,
US96057062,3510,3510,NO,,0,3510,3510,7020,YES,
US96057063,21,21,NO,,0,21,21,42,YES,
US96057064,114,114,NO,,0,114,114,228,YES,
US96057065,11,11,NO,,0,11,11,22,YES,
US96057066,547,547,NO,,0,547,547,1094,YES,
US96057067,0,0,NO,,0,0,0,0,NO,Starting balance is 0 or negative
US96057068,317,317,NO,,0,317,317,634,YES,
US96057069,126,126,NO,,0,126,126,252,YES,
US96057070,12,12,NO,,0,12,12,24,YES,
US96057071,14,14,NO,,0,14,14,28,YES,
US96057072,0,0,NO,,0,0,0,0,NO,Starting balance is 0 or negative
US96057073,0,0,NO,,0,0,0,0,NO,Starting balance is 0 or negative
US96057074,432,432,NO,,0,432,432,864,YES,
US96057075,0,17,NO,,0,0,0,17,NO,Starting balance is 0 or negative
US96057076,0,0,NO,,0,0,0,0,NO,Starting balance is 0 or negative
US96057077,497,497,NO,,0,497,497,994,YES,
US96057078,26,26,NO,,0,26,26,52,YES,
US96057079,12,12,NO,,0,12,12,24,YES,
US96057080,0,0,NO,,0,0,0,0,NO,Starting balance is 0 or negative
US96057081,1415,1415,NO,,0,1415,1415,2830,YES,
US96057082,10,10,NO,,0,10,10,20,YES,
US96057083,76,76,NO,,0,76,76,152,YES,
US96057084,11,11,NO,,0,11,11,22,YES,
US96057085,0,0,NO,,0,0,0,0,NO,Starting balance is 0 or negative
US96057086,30,30,NO,,0,30,30,60,YES,
US96057087,0,30,NO,,0,0,0,30,NO,Starting balance is 0 or negative
US96057088,118,118,NO,,0,118,118,236,YES,
US96057089,305,305,NO,,0,305,305,610,YES,
US96057090,23,23,NO,,0,23,23,46,YES,
US96057091,0,10,NO,,0,0,0,10,NO,Starting balance is 0 or negative
US96057092,0,45,NO,,0,0,0,45,NO,Starting balance is 0 or negative
US96057093,0,44,NO,,0,0,0,44,NO,Starting balance is 0 or negative
US96057094,0,11,NO,,0,0,0,11,NO,Starting balance is 0 or negative
US96057095,0,0,NO,,0,0,0,0,NO,Starting balance is 0 or negative
US96057096,166,166,NO,,0,166,166,332,YES,
US96057097,139,139,NO,,0,139,139,278,YES,
US96057098,163,163,NO,,0,163,163,326,YES,
US96057099,9,9,NO,,0,9,9,18,YES,
US96057100,59,59,NO,,0,59,59,118,YES,
US96057101,14,14,NO,,0,14,14,28,YES,
US96057102,0,228,NO,,0,0,0,228,NO,Starting balance is 0 or negative
US96057103,9,9,NO,,0,9,9,18,YES,
US96057104,27,27,NO,,0,27,27,54,YES,
US96057105,0,80,NO,,0,0,0,80,NO,Starting balance is 0 or negative
US96057106,140,140,NO,,0,140,140,280,YES,
US96057107,0,0,NO,,0,0,0,0,NO,Starting balance is 0 or negative
US96057108,77,77,NO,,0,77,77,154,YES,
US96057109,0,11,NO,,0,0,0,11,NO,Starting balance is 0 or negative
US96057110,406,406,NO,,0,406,406,812,YES,
US96057111,0,15,NO,,0,0,0,15,NO,Starting balance is 0 or negative
US96057112,0,10,NO,,0,0,0,10,NO,Starting balance is 0 or negative
US96057113,0,0,NO,,0,0,0,0,NO,Starting balance is 0 or negative
US96057114,30,30,NO,,0,30,30,60,YES,
US96057115,0,10,NO,,0,0,0,10,NO,Starting balance is 0 or negative
US96057116,207,207,NO,,0,207,207,414,YES,
US96057117,281,281,NO,,0,281,281,562,YES,
US96057118,77,77,NO,,0,77,77,154,YES,
US96057119,69,69,NO,,0,69,69,138,YES,
US96057120,9,9,NO,,0,9,9,18,YES,
US96057121,238,238,NO,,0,238,238,476,YES,
US96057122,123,123,NO,,0,123,123,246,YES,
US96057123,14,14,NO,,0,14,14,28,YES,
US96057124,66,66,NO,,0,66,66,132,YES,
US96057125,0,374,NO,,0,0,0,374,NO,Starting balance is 0 or negative
US96057126,0,2,NO,,0,0,0,2,NO,Starting balance is 0 or negative
US96057127,0,39,NO,,0,0,0,39,NO,Starting balance is 0 or negative
US96057128,6,6,NO,,0,6,6,12,YES,
US96057129,0,11,NO,,0,0,0,11,NO,Starting balance is 0 or negative
US96057130,812,812,NO,,0,812,812,1624,YES,
US96057131,70,70,NO,,0,70,70,140,YES,
US96057132,0,0,NO,,0,0,0,0,NO,Starting balance is 0 or negative
US96057133,4,4,NO,,0,4,4,8,YES,
US96057134,0,10,NO,,0,0,0,10,NO,Starting balance is 0 or negative
US9606,183,183,YES,2026-01,183,0,0,183,NO,First ledger beginning is not 0
US9608,16,16,YES,2026-01,16,0,0,16,NO,First ledger beginning is not 0
US961,17958,0,YES,2026-01,0,17958,17958,17958,YES,
US9610,313,313,YES,2026-01,313,0,0,313,NO,First ledger beginning is not 0
US9611,0,60,YES,2026-01,60,-60,0,60,NO,Starting balance is 0 or negative
US9612,128,128,YES,2026-01,128,0,0,128,NO,First ledger beginning is not 0
US9613,114,114,YES,2026-01,114,0,0,114,NO,First ledger beginning is not 0
US9615,0,30,YES,2026-01,0,0,0,30,NO,Starting balance is 0 or negative
US9616,0,197,YES,2026-01,197,-197,0,197,NO,Starting balance is 0 or negative
US9618,0,200,YES,2026-01,200,-200,0,200,NO,Starting balance is 0 or negative
US962,18338,0,YES,2026-01,0,18338,18338,18338,YES,
US9621,165,165,YES,2026-01,165,0,0,165,NO,First ledger beginning is not 0
US9622,122,122,YES,2026-01,122,0,0,122,NO,First ledger beginning is not 0
US9623,858,858,YES,2026-01,858,0,0,858,NO,First ledger beginning is not 0
US9624,0,445,YES,2026-01,445,-445,0,445,NO,Starting balance is 0 or negative
US9625,642,642,YES,2026-01,642,0,0,642,NO,First ledger beginning is not 0
US9627,191,191,YES,2026-01,191,0,0,191,NO,First ledger beginning is not 0
US9628,219,219,YES,2026-01,219,0,0,219,NO,First ledger beginning is not 0
US9629,0,77,YES,2026-01,77,-77,0,77,NO,Starting balance is 0 or negative
US9631,0,192,YES,2026-01,192,-192,0,192,NO,Starting balance is 0 or negative
US9632,119,119,YES,2026-01,119,0,0,119,NO,First ledger beginning is not 0
US9633,610,644,YES,2026-01,610,0,0,644,NO,First ledger beginning is not 0
US9635,0,452,YES,2026-01,452,-452,0,452,NO,Starting balance is 0 or negative
US964,151,151,YES,2026-01,151,0,0,151,NO,First ledger beginning is not 0
US9640,0,115,YES,2026-01,8,-8,0,115,NO,Starting balance is 0 or negative
US9641,471,471,YES,2026-01,471,0,0,471,NO,First ledger beginning is not 0
US9642,0,100,YES,2026-01,100,-100,0,100,NO,Starting balance is 0 or negative
US9643,0,696,YES,2026-01,696,-696,0,696,NO,Starting balance is 0 or negative
US9644,0,36,YES,2026-01,0,0,0,36,NO,Starting balance is 0 or negative
US9645,0,234,YES,2026-01,234,-234,0,234,NO,Starting balance is 0 or negative
US9646,0,158,YES,2026-01,158,-158,0,158,NO,Starting balance is 0 or negative
US9647,0,28,YES,2026-01,28,-28,0,28,NO,Starting balance is 0 or negative
US964793,0,0,NO,,0,0,0,0,NO,Starting balance is 0 or negative
US9648,31,31,YES,2026-01,31,0,0,31,NO,First ledger beginning is not 0
US9649,932,932,YES,2026-01,932,0,0,932,NO,First ledger beginning is not 0
US9650,691,691,YES,2026-01,691,0,0,691,NO,First ledger beginning is not 0
US9651,0,0,YES,2026-01,0,0,0,0,NO,Starting balance is 0 or negative
US9652,0,0,YES,2026-01,0,0,0,0,NO,Starting balance is 0 or negative
US9653,120,120,YES,2026-01,120,0,0,120,NO,First ledger beginning is not 0
US9654,0,52,YES,2026-01,52,-52,0,52,NO,Starting balance is 0 or negative
US9656,0,38,YES,2026-01,38,-38,0,38,NO,Starting balance is 0 or negative
US9658,4,29,YES,2026-01,4,0,0,29,NO,First ledger beginning is not 0
US966,9510,9510,YES,2026-01,9510,0,0,9510,NO,First ledger beginning is not 0
US9660,0,0,YES,2026-01,0,0,0,0,NO,Starting balance is 0 or negative
US9661,382,382,YES,2026-01,382,0,0,382,NO,First ledger beginning is not 0
US9663,236,236,YES,2026-01,236,0,0,236,NO,First ledger beginning is not 0
US9664,205,0,YES,2026-01,0,205,205,205,YES,
US9665,0,3063,YES,2026-01,3063,-3063,0,3063,NO,Starting balance is 0 or negative
US9666,0,338,YES,2026-01,338,-338,0,338,NO,Starting balance is 0 or negative
US9667,0,90,YES,2026-01,0,0,0,90,NO,Starting balance is 0 or negative
US9669,0,22,YES,2026-01,22,-22,0,22,NO,Starting balance is 0 or negative
US9670,10,49,YES,2026-01,10,0,0,49,NO,First ledger beginning is not 0
US9672,0,19,YES,2026-01,19,-19,0,19,NO,Starting balance is 0 or negative
US9673,0,365,YES,2026-01,365,-365,0,365,NO,Starting balance is 0 or negative
US9674,0,14,YES,2026-01,14,-14,0,14,NO,Starting balance is 0 or negative
US9675,24,18,YES,2026-01,0,24,24,42,YES,
US9679,0,4,YES,2026-01,4,-4,0,4,NO,Starting balance is 0 or negative
US9682,422,422,YES,2026-01,422,0,0,422,NO,First ledger beginning is not 0
US9683,107,107,YES,2026-01,107,0,0,107,NO,First ledger beginning is not 0
US9684,0,102,YES,2026-01,102,-102,0,102,NO,Starting balance is 0 or negative
US9689,3731,37,YES,2026-01,0,3731,3731,3768,YES,
US969,89,89,YES,2026-01,89,0,0,89,NO,First ledger beginning is not 0
US9690,0,316,YES,2026-01,316,-316,0,316,NO,Starting balance is 0 or negative
US9691,0,10,YES,2026-01,10,-10,0,10,NO,Starting balance is 0 or negative
US9692,0,0,YES,2026-01,0,0,0,0,NO,Starting balance is 0 or negative
US9693,0,23,YES,2026-01,23,-23,0,23,NO,Starting balance is 0 or negative
US9694,33,62,YES,2026-01,33,0,0,62,NO,First ledger beginning is not 0
US9695,121,121,YES,2026-01,121,0,0,121,NO,First ledger beginning is not 0
US9698,110,110,YES,2026-01,110,0,0,110,NO,First ledger beginning is not 0
US9699,303,303,YES,2026-01,303,0,0,303,NO,First ledger beginning is not 0
US9701,0,0,YES,2026-01,0,0,0,0,NO,Starting balance is 0 or negative
US9703,0,152,YES,2026-01,55,-55,0,152,NO,Starting balance is 0 or negative
US9705,0,82,YES,2026-01,40,-40,0,82,NO,Starting balance is 0 or negative
US9706,189,189,YES,2026-01,189,0,0,189,NO,First ledger beginning is not 0
US9707,85,293,YES,2026-01,85,0,0,293,NO,First ledger beginning is not 0
US9709,89,0,YES,2026-01,0,89,89,89,YES,
US9710,95,128,YES,2026-01,95,0,0,128,NO,First ledger beginning is not 0
US9711,0,445,YES,2026-01,425,-425,0,445,NO,Starting balance is 0 or negative
US9713,0,331,YES,2026-01,331,-331,0,331,NO,Starting balance is 0 or negative
US9714,704,704,YES,2026-01,704,0,0,704,NO,First ledger beginning is not 0
US9716,0,228,YES,2026-01,228,-228,0,228,NO,Starting balance is 0 or negative
US9722,1094,1094,YES,2026-01,1094,0,0,1094,NO,First ledger beginning is not 0
US9723,21,21,YES,2026-01,21,0,0,21,NO,First ledger beginning is not 0
US9725,0,17,YES,2026-01,17,-17,0,17,NO,Starting balance is 0 or negative
US9726,16,53,YES,2026-01,16,0,0,53,NO,First ledger beginning is not 0
US9727,144,144,YES,2026-01,144,0,0,144,NO,First ledger beginning is not 0
US9728,0,124,YES,2026-01,124,-124,0,124,NO,Starting balance is 0 or negative
US9729,0,49,YES,2026-01,32,-32,0,49,NO,Starting balance is 0 or negative
US973,124,0,YES,2026-01,0,124,124,124,YES,
US9730,0,0,YES,2026-01,0,0,0,0,NO,Starting balance is 0 or negative
US9731,0,322,YES,2026-01,322,-322,0,322,NO,Starting balance is 0 or negative
US9732,61,61,YES,2026-01,61,0,0,61,NO,First ledger beginning is not 0
US9734,0,12,YES,2026-01,12,-12,0,12,NO,Starting balance is 0 or negative
US9735,219,219,YES,2026-01,219,0,0,219,NO,First ledger beginning is not 0
US9737,0,18,YES,2026-01,0,0,0,18,NO,Starting balance is 0 or negative
US9738,116,116,YES,2026-01,116,0,0,116,NO,First ledger beginning is not 0
US973853,0,21,YES,2026-03,0,0,0,21,NO,Starting balance is 0 or negative
US9739,0,253,YES,2026-01,253,-253,0,253,NO,Starting balance is 0 or negative
US974,1891,1937,YES,2026-01,1909,-18,0,1937,NO,First ledger beginning is not 0
US9740,77,77,YES,2026-01,77,0,0,77,NO,First ledger beginning is not 0
US9741,911,911,YES,2026-01,911,0,0,911,NO,First ledger beginning is not 0
US9743,301,301,YES,2026-01,301,0,0,301,NO,First ledger beginning is not 0
US9744,25,0,YES,2026-01,0,25,25,25,YES,
US9745,138,138,YES,2026-01,138,0,0,138,NO,First ledger beginning is not 0
US9746,0,192,YES,2026-01,192,-192,0,192,NO,Starting balance is 0 or negative
US9747,0,11,YES,2026-01,11,-11,0,11,NO,Starting balance is 0 or negative
US974700,0,0,NO,,0,0,0,0,NO,Starting balance is 0 or negative
US9749,64,118,YES,2026-01,0,64,64,182,YES,
US9751,0,131,YES,2026-01,0,0,0,131,NO,Starting balance is 0 or negative
US9752,650,650,YES,2026-01,650,0,0,650,NO,First ledger beginning is not 0
US9753,96,96,YES,2026-01,96,0,0,96,NO,First ledger beginning is not 0
US9754,0,318,YES,2026-01,14,-14,0,318,NO,Starting balance is 0 or negative
US9755,0,359,YES,2026-01,359,-359,0,359,NO,Starting balance is 0 or negative
US9756,119,119,YES,2026-01,119,0,0,119,NO,First ledger beginning is not 0
US9758,63,63,YES,2026-01,63,0,0,63,NO,First ledger beginning is not 0
US975885,0,0,NO,,0,0,0,0,NO,Starting balance is 0 or negative
US9759,0,245,YES,2026-01,245,-245,0,245,NO,Starting balance is 0 or negative
US9760,0,208,YES,2026-01,208,-208,0,208,NO,Starting balance is 0 or negative
US9761,23,23,YES,2026-01,23,0,0,23,NO,First ledger beginning is not 0
US9762,95,95,YES,2026-01,95,0,0,95,NO,First ledger beginning is not 0
US9763,0,284,YES,2026-01,284,-284,0,284,NO,Starting balance is 0 or negative
US9764,0,32,YES,2026-01,32,-32,0,32,NO,Starting balance is 0 or negative
US9765,149,149,YES,2026-01,149,0,0,149,NO,First ledger beginning is not 0
US9766,1324,17,YES,2026-01,0,1324,1324,1341,YES,
US9769,0,357,YES,2026-01,357,-357,0,357,NO,Starting balance is 0 or negative
US977,437,437,YES,2026-01,437,0,0,437,NO,First ledger beginning is not 0
US9772,0,657,YES,2026-01,657,-657,0,657,NO,Starting balance is 0 or negative
US9773,0,37,YES,2026-01,37,-37,0,37,NO,Starting balance is 0 or negative
US9774,22,22,YES,2026-01,22,0,0,22,NO,First ledger beginning is not 0
US9775,0,183,YES,2026-01,183,-183,0,183,NO,Starting balance is 0 or negative
US9776,76,76,YES,2026-01,76,0,0,76,NO,First ledger beginning is not 0
US9777,0,254,YES,2026-01,254,-254,0,254,NO,Starting balance is 0 or negative
US9778,0,37,YES,2026-01,37,-37,0,37,NO,Starting balance is 0 or negative
US9779,0,15,YES,2026-01,15,-15,0,15,NO,Starting balance is 0 or negative
US9781,0,45,YES,2026-01,45,-45,0,45,NO,Starting balance is 0 or negative
US9783,0,105,YES,2026-01,105,-105,0,105,NO,Starting balance is 0 or negative
US9784,21,21,YES,2026-01,21,0,0,21,NO,First ledger beginning is not 0
US9785,0,181,YES,2026-01,181,-181,0,181,NO,Starting balance is 0 or negative
US9786,10,10,YES,2026-01,10,0,0,10,NO,First ledger beginning is not 0
US9787,0,95,YES,2026-01,95,-95,0,95,NO,Starting balance is 0 or negative
US9788,0,433,YES,2026-01,433,-433,0,433,NO,Starting balance is 0 or negative
US9789,0,0,YES,2026-01,0,0,0,0,NO,Starting balance is 0 or negative
US979,12,28,YES,2026-01,28,-16,0,28,NO,First ledger beginning is not 0
US9790,0,298,YES,2026-01,298,-298,0,298,NO,Starting balance is 0 or negative
US9791,0,312,YES,2026-01,312,-312,0,312,NO,Starting balance is 0 or negative
US9793,0,703,YES,2026-01,703,-703,0,703,NO,Starting balance is 0 or negative
US9794,79,79,YES,2026-01,79,0,0,79,NO,First ledger beginning is not 0
US9796,0,127,YES,2026-01,127,-127,0,127,NO,Starting balance is 0 or negative
US9797,0,22,YES,2026-01,0,0,0,22,NO,Starting balance is 0 or negative
US9798,13,0,YES,2026-01,0,13,13,13,YES,
US9799,243,243,YES,2026-01,243,0,0,243,NO,First ledger beginning is not 0
US9800,0,27,YES,2026-01,0,0,0,27,NO,Starting balance is 0 or negative
US9802,14,14,YES,2026-01,14,0,0,14,NO,First ledger beginning is not 0
US9803,644,644,YES,2026-01,644,0,0,644,NO,First ledger beginning is not 0
US9806,144,144,YES,2026-01,144,0,0,144,NO,First ledger beginning is not 0
US9807,0,0,YES,2026-01,0,0,0,0,NO,Starting balance is 0 or negative
US9808,12,12,YES,2026-01,12,0,0,12,NO,First ledger beginning is not 0
US9809,14,14,YES,2026-01,14,0,0,14,NO,First ledger beginning is not 0
US981,1,1,YES,2026-01,1,0,0,1,NO,First ledger beginning is not 0
US9811,0,39,YES,2026-01,10,-10,0,39,NO,Starting balance is 0 or negative
US9812,0,111,YES,2026-01,111,-111,0,111,NO,Starting balance is 0 or negative
US9813,404,431,YES,2026-01,404,0,0,431,NO,First ledger beginning is not 0
US9814,370,370,YES,2026-01,370,0,0,370,NO,First ledger beginning is not 0
US9815,41,41,YES,2026-01,41,0,0,41,NO,First ledger beginning is not 0
US9816,482,482,YES,2026-01,482,0,0,482,NO,First ledger beginning is not 0
US9817,0,508,YES,2026-01,508,-508,0,508,NO,Starting balance is 0 or negative
US9818,123,123,YES,2026-01,123,0,0,123,NO,First ledger beginning is not 0
US9819,0,41,YES,2026-01,41,-41,0,41,NO,Starting balance is 0 or negative
US9820,21,21,YES,2026-01,21,0,0,21,NO,First ledger beginning is not 0
US9821,72,72,YES,2026-01,72,0,0,72,NO,First ledger beginning is not 0
US9825,0,258,YES,2026-01,258,-258,0,258,NO,Starting balance is 0 or negative
US9826,138,138,YES,2026-01,138,0,0,138,NO,First ledger beginning is not 0
US9827,152,152,YES,2026-01,152,0,0,152,NO,First ledger beginning is not 0
US9829,532,549,YES,2026-01,532,0,0,549,NO,First ledger beginning is not 0
US9831,0,62,YES,2026-01,62,-62,0,62,NO,Starting balance is 0 or negative
US9832,114,114,YES,2026-01,114,0,0,114,NO,First ledger beginning is not 0
US9833,0,461,YES,2026-01,461,-461,0,461,NO,Starting balance is 0 or negative
US9836,34,34,YES,2026-01,34,0,0,34,NO,First ledger beginning is not 0
US9837,26,26,YES,2026-01,26,0,0,26,NO,First ledger beginning is not 0
US9838,0,58,YES,2026-01,58,-58,0,58,NO,Starting balance is 0 or negative
US9839,0,16,YES,2026-01,0,0,0,16,NO,Starting balance is 0 or negative
US9840,26,26,YES,2026-01,26,0,0,26,NO,First ledger beginning is not 0
US9841,11,11,YES,2026-01,11,0,0,11,NO,First ledger beginning is not 0
US9845,0,52,YES,2026-01,52,-52,0,52,NO,Starting balance is 0 or negative
US9846,0,0,YES,2026-01,0,0,0,0,NO,Starting balance is 0 or negative
US9848,23,23,YES,2026-01,23,0,0,23,NO,First ledger beginning is not 0
US9849,0,38,YES,2026-01,38,-38,0,38,NO,Starting balance is 0 or negative
US9850,313,313,YES,2026-01,313,0,0,313,NO,First ledger beginning is not 0
US9851,0,76,YES,2026-01,76,-76,0,76,NO,Starting balance is 0 or negative
US9852,0,60,YES,2026-01,60,-60,0,60,NO,Starting balance is 0 or negative
US9854,69,69,YES,2026-01,69,0,0,69,NO,First ledger beginning is not 0
US9855,177,177,YES,2026-01,177,0,0,177,NO,First ledger beginning is not 0
US9856,28,53,YES,2026-01,0,28,28,81,YES,
US9858,0,42,YES,2026-01,0,0,0,42,NO,Starting balance is 0 or negative
US9859,243,25,YES,2026-01,0,243,243,268,YES,
US9860,0,0,YES,2026-01,0,0,0,0,NO,Starting balance is 0 or negative
US9861,87,87,YES,2026-01,0,87,87,174,YES,
US9862,0,23,YES,2026-01,0,0,0,23,NO,Starting balance is 0 or negative
US9863,1000,23,YES,2026-01,0,1000,1000,1023,YES,
US9864,0,31,YES,2026-01,31,-31,0,31,NO,Starting balance is 0 or negative
US9865,628,628,YES,2026-01,628,0,0,628,NO,First ledger beginning is not 0
US9867,0,108,YES,2026-01,108,-108,0,108,NO,Starting balance is 0 or negative
US9869,444,444,YES,2026-01,444,0,0,444,NO,First ledger beginning is not 0
US987,66,0,YES,2026-01,0,66,66,66,YES,
US9870,229,229,YES,2026-01,229,0,0,229,NO,First ledger beginning is not 0
US9871,0,56,YES,2026-01,56,-56,0,56,NO,Starting balance is 0 or negative
US9873,829,829,YES,2026-01,829,0,0,829,NO,First ledger beginning is not 0
US9874,0,267,YES,2026-01,246,-246,0,267,NO,Starting balance is 0 or negative
US9876,0,105,YES,2026-01,105,-105,0,105,NO,Starting balance is 0 or negative
US9877,23,23,YES,2026-01,23,0,0,23,NO,First ledger beginning is not 0
US9878,0,0,YES,2026-01,0,0,0,0,NO,Starting balance is 0 or negative
US9879,163,163,YES,2026-01,163,0,0,163,NO,First ledger beginning is not 0
US9881,0,21,YES,2026-01,0,0,0,21,NO,Starting balance is 0 or negative
US9883,0,35,YES,2026-01,35,-35,0,35,NO,Starting balance is 0 or negative
US9885,0,0,YES,2026-01,0,0,0,0,NO,Starting balance is 0 or negative
US9886,246,246,YES,2026-01,246,0,0,246,NO,First ledger beginning is not 0
US9888,488,488,YES,2026-01,488,0,0,488,NO,First ledger beginning is not 0
US989,95,95,YES,2026-01,95,0,0,95,NO,First ledger beginning is not 0
US9890,0,188,YES,2026-01,188,-188,0,188,NO,Starting balance is 0 or negative
US9892,215,215,YES,2026-01,215,0,0,215,NO,First ledger beginning is not 0
US9894,876,876,YES,2026-01,876,0,0,876,NO,First ledger beginning is not 0
US9895,0,225,YES,2026-01,225,-225,0,225,NO,Starting balance is 0 or negative
US9896,0,136,YES,2026-01,136,-136,0,136,NO,Starting balance is 0 or negative
US9897,0,0,YES,2026-01,0,0,0,0,NO,Starting balance is 0 or negative
US9899,0,10,YES,2026-01,10,-10,0,10,NO,Starting balance is 0 or negative
US990,5,5,YES,2026-01,5,0,0,5,NO,First ledger beginning is not 0
US9900,49,49,YES,2026-01,49,0,0,49,NO,First ledger beginning is not 0
US9901,0,88,YES,2026-01,88,-88,0,88,NO,Starting balance is 0 or negative
US9902,55,55,YES,2026-01,55,0,0,55,NO,First ledger beginning is not 0
US9903,137,137,YES,2026-01,137,0,0,137,NO,First ledger beginning is not 0
US9904,192,192,YES,2026-01,192,0,0,192,NO,First ledger beginning is not 0
US9906,116,145,YES,2026-01,116,0,0,145,NO,First ledger beginning is not 0
US9907,109,109,YES,2026-01,109,0,0,109,NO,First ledger beginning is not 0
US991,264,264,YES,2026-01,264,0,0,264,NO,First ledger beginning is not 0
US9910,401,401,YES,2026-01,401,0,0,401,NO,First ledger beginning is not 0
US9911,0,22,YES,2026-01,22,-22,0,22,NO,Starting balance is 0 or negative
US9912,580,580,YES,2026-01,580,0,0,580,NO,First ledger beginning is not 0
US9914,27,27,YES,2026-01,27,0,0,27,NO,First ledger beginning is not 0
US9915,0,252,YES,2026-01,252,-252,0,252,NO,Starting balance is 0 or negative
US9916,12,12,YES,2026-01,12,0,0,12,NO,First ledger beginning is not 0
US9917,160,160,YES,2026-01,160,0,0,160,NO,First ledger beginning is not 0
US9918,34,34,YES,2026-01,34,0,0,34,NO,First ledger beginning is not 0
US9919,0,44,YES,2026-01,17,-17,0,44,NO,Starting balance is 0 or negative
US992,77,77,YES,2026-01,77,0,0,77,NO,First ledger beginning is not 0
US9920,115,115,YES,2026-01,115,0,0,115,NO,First ledger beginning is not 0
US9921,39,39,YES,2026-01,39,0,0,39,NO,First ledger beginning is not 0
US9922,93,112,YES,2026-01,93,0,0,112,NO,First ledger beginning is not 0
US9923,712,712,YES,2026-01,712,0,0,712,NO,First ledger beginning is not 0
US9924,357,15,YES,2026-01,0,357,357,372,YES,
US9927,69,69,YES,2026-01,69,0,0,69,NO,First ledger beginning is not 0
US9928,26,26,YES,2026-01,26,0,0,26,NO,First ledger beginning is not 0
US9929,0,0,YES,2026-01,0,0,0,0,NO,Starting balance is 0 or negative
US993,181,6,YES,2026-01,6,175,0,6,NO,First ledger beginning is not 0
US9930,49,49,YES,2026-01,49,0,0,49,NO,First ledger beginning is not 0
US9932,26,26,YES,2026-01,26,0,0,26,NO,First ledger beginning is not 0
US9933,0,72,YES,2026-01,53,-53,0,72,NO,Starting balance is 0 or negative
US9934,46,46,YES,2026-01,46,0,0,46,NO,First ledger beginning is not 0
US9935,0,0,YES,2026-01,0,0,0,0,NO,Starting balance is 0 or negative
US9937,0,0,YES,2026-01,0,0,0,0,NO,Starting balance is 0 or negative
US9938,0,13,YES,2026-01,13,-13,0,13,NO,Starting balance is 0 or negative
US9939,0,0,YES,2026-01,0,0,0,0,NO,Starting balance is 0 or negative
US9941,348,348,YES,2026-01,348,0,0,348,NO,First ledger beginning is not 0
US9943,414,434,YES,2026-01,414,0,0,434,NO,First ledger beginning is not 0
US9944,0,183,YES,2026-01,183,-183,0,183,NO,Starting balance is 0 or negative
US9945,0,111,YES,2026-01,111,-111,0,111,NO,Starting balance is 0 or negative
US9946,973,0,YES,2026-01,0,973,973,973,YES,
US9947,0,563,YES,2026-01,563,-563,0,563,NO,Starting balance is 0 or negative
US9948,19,224,YES,2026-01,0,19,19,243,YES,
US9949,667,667,YES,,0,667,667,1334,YES,
US9950,553,0,YES,,0,553,553,553,YES,
US9951,36,20,YES,2026-01,0,36,36,56,YES,
US9952,1268,952,YES,2026-01,0,1268,1268,2220,YES,
US9953,21,38,YES,2026-01,21,0,0,38,NO,First ledger beginning is not 0
US9954,66,114,YES,2026-01,66,0,0,114,NO,First ledger beginning is not 0
US9955,106,22,YES,2026-01,0,106,106,128,YES,
US9956,1232,33,YES,2026-01,0,1232,1232,1265,YES,
US9957,682,0,YES,,0,682,682,682,YES,
US9958,843,843,YES,,0,843,843,1686,YES,
US9959,37,37,YES,,0,37,37,74,YES,
US996,168,306,YES,2026-01,205,-37,0,306,NO,First ledger beginning is not 0
US9960,522,522,YES,,0,522,522,1044,YES,
US9962,2608,2608,YES,,0,2608,2608,5216,YES,
US9963,50,50,YES,,0,50,50,100,YES,
US9964,140,140,YES,,0,140,140,280,YES,
US9966,772,772,YES,,0,772,772,1544,YES,
US9967,869,16,YES,2026-01,0,869,869,885,YES,
US9968,45,45,YES,,0,45,45,90,YES,
US9969,56,56,YES,,0,56,56,112,YES,
US997,45,45,YES,2026-01,45,0,0,45,NO,First ledger beginning is not 0
US9970,68,68,YES,,0,68,68,136,YES,
US9971,280,25,YES,2026-01,0,280,280,305,YES,
US9972,2,2,YES,,0,2,2,4,YES,
US9973,152,152,YES,,0,152,152,304,YES,
US9974,249,7,YES,2026-01,0,249,249,256,YES,
US9975,237,36,YES,2026-01,0,237,237,273,YES,
US9976,401,401,YES,,0,401,401,802,YES,
US9977,145,163,YES,2026-01,145,0,0,163,NO,First ledger beginning is not 0
US9978,1832,96,YES,2026-01,0,1832,1832,1928,YES,
US9979,459,459,YES,,0,459,459,918,YES,
US998,69,5,YES,2026-01,5,64,0,5,NO,First ledger beginning is not 0
US9980,403,403,YES,,0,403,403,806,YES,
US9981,22,22,YES,,0,22,22,44,YES,
US9982,21,21,YES,2026-01,0,21,21,42,YES,
US9983,1529,1529,YES,,0,1529,1529,3058,YES,
US9984,6782,6433,YES,2026-01,6136,646,0,6433,NO,First ledger beginning is not 0
US9985,596,16,YES,2026-01,0,596,596,612,YES,
US9986,93,93,YES,,0,93,93,186,YES,
US9987,103,103,YES,,0,103,103,206,YES,
US9988,0,0,YES,,0,0,0,0,NO,Starting balance is 0 or negative
US9989,2211,683,YES,2026-01,661,1550,0,683,NO,First ledger beginning is not 0
US9990,738,738,YES,,0,738,738,1476,YES,
US9991,266,481,YES,2026-01,270,-4,0,481,NO,First ledger beginning is not 0
US9992,42,61,YES,2026-01,42,0,0,61,NO,First ledger beginning is not 0
US9993,943,943,YES,,0,943,943,1886,YES,
US9994,184,184,YES,,0,184,184,368,YES,
US9995,359,359,YES,,0,359,359,718,YES,
US9996,56,56,YES,,0,56,56,112,YES,
US9997,252,252,YES,,0,252,252,504,YES,
US9998,30,30,YES,,0,30,30,60,YES,
US9999,32,32,YES,,0,32,32,64,YES,
